administration,supplyLandTitle,publishTime,fileTitle,totalSupplyLand,yearSupplyPlan,industrialLand,businessLand,totalHousionSupply,low_rentLand,affordableHousing,pengGaiLand,low_rentpengGaiLand,pengGaiAffordableHousing,pengGaiCommercialHousing,commercialHousing,ortherHousingLand,publicServiceLand,transportationLand,waterAreaLand,specialLand,publicRentalLand,limitCommercialLand,mediumCommercialLand,totalCommercialLand,commercialRatio, crawlingTime, url, md5Mark, 
珠海市本级,珠海市本级2019年度国有建设用地供应计划,2019-09-20,珠海市本级2019年度国有建设用地供应计划,,,429.9762,221.1763,324.4352,,,,,,,,,99.2030,156.2675,13.8323,0.20,,,,,,2020-04-15 14:03:02,http://jcjg.nr.gd.gov.cn:8088/GisqReport7.0/ReportServer?_=1586930572111&__boxModel__=true&op=page_content&sessionID=47873&pn=1,7212a6a25e987d2d29668d3b7d71fd24
郁南县,郁南县2019年度国有建设用地供应计划,2019-09-19,郁南县2019年度国有建设用地供应计划,,,43.2,,55.3,,,,,,,,,,,,,,,,,,2020-04-15 14:03:03,http://jcjg.nr.gd.gov.cn:8088/GisqReport7.0/ReportServer?_=1586930572729&__boxModel__=true&op=page_content&sessionID=32066&pn=1,cf91eab7d70b19527ed01891c54b6f36
连南瑶族自治县,连南瑶族自治县2018年度国有建设用地供应计划,2018-04-20,连南瑶族自治县2018年度国有建设用地供应计划,86.9783公顷,2018年,3.641,38.1944,,0,0,0,0,0,0,,,13.6343,28.8851,0,0,0|0,0,2.6235,2.6235,100%,2020-04-15 14:03:04,http://jcjg.nr.gd.gov.cn:8088/GisqReport7.0/ReportServer?_=1586930573441&__boxModel__=true&op=page_content&sessionID=64261&pn=1,d35ea41d68d3b55a71b134d254b8f832
东源县,东源县2018年度国有建设用地供应计划,2018-04-20,东源县2018年度国有建设用地供应计划,255.3049公顷,2018年,142.6721,33.288,,0,0,0,0,0,0,,,28.6399,0,0,9.1737,0|0,0,0,41.5312,0%,2020-04-15 14:03:04,http://jcjg.nr.gd.gov.cn:8088/GisqReport7.0/ReportServer?_=1586930573909&__boxModel__=true&op=page_content&sessionID=30301&pn=1,f1ebd6eba138b3fe99924da78932b1a0
平远县,平远县2018年度国有建设用地供应计划,2018-04-20,平远县2018年度国有建设用地供应计划,57公顷,2018年,25,6.5,,0,0,0,0,0,0,,,2,3,3,1,1.5|0,0,13,15,87.879%,2020-04-15 14:03:04,http://jcjg.nr.gd.gov.cn:8088/GisqReport7.0/ReportServer?_=1586930574623&__boxModel__=true&op=page_content&sessionID=18320&pn=1,813b6c41d8b308710ba8b6c5d9c46285
梅州市本级,梅州市本级2016年度第四季度住宅用地供应计划,2017-06-26,梅州市本级2016年度第四季度住宅用地供应计划,,,,,,,,,,,,,,,,,,,,,,,2020-04-15 14:03:07,http://jcjg.nr.gd.gov.cn:8088/GisqReport7.0/ReportServer?_=1586930576309&__boxModel__=true&op=page_content&sessionID=27457&pn=1,0651086caa2d480a8b22f78ff7e2de12
连山壮族瑶族自治县,连山壮族瑶族自治县2018年度国有建设用地供应计划,2018-04-20,连山壮族瑶族自治县2018年度国有建设用地供应计划,173.1公顷,2018年,7.65,69.58,,0,0,0,0,0,0,,,43.79,32.57,15.73,0,0|0,0,3.78,3.78,100%,2020-04-15 14:03:08,http://jcjg.nr.gd.gov.cn:8088/GisqReport7.0/ReportServer?_=1586930575258&__boxModel__=true&op=page_content&sessionID=7486&pn=1,2c8076d60daa4245073336d85de9b778
汕尾市本级,汕尾市本级2017年度国有建设用地供应计划,2017-06-23,汕尾市本级2017年度国有建设用地供应计划,409.97公顷,2017年,147.34,38.51,,0,0,0,0,0,0,,,71,70.12,0,38,0|0,0,32,45,71.111%,2020-04-15 14:03:08,http://jcjg.nr.gd.gov.cn:8088/GisqReport7.0/ReportServer?_=1586930576968&__boxModel__=true&op=page_content&sessionID=30582&pn=1,de5c6bbdd2deec163481422dcd1cfa1e
翁源县,翁源县2017年度国有建设用地供应计划,2017-06-23,翁源县2017年度国有建设用地供应计划,114.70775公顷,2017年,26.9062,22.8386,,3.3821,0,0,0,0,0,,,17.79015,30.2619,0,0,0|0,0,13.5288,13.5288,100%,2020-04-15 14:03:09,http://jcjg.nr.gd.gov.cn:8088/GisqReport7.0/ReportServer?_=1586930578271&__boxModel__=true&op=page_content&sessionID=65038&pn=1,77ca82c40c3a22a795a2e282552a4da5
广宁县,广宁县2016年度国有建设用地供应计划,2016-05-26,广宁县2016年度国有建设用地供应计划,61.44公顷,2016年,45.3333,1.696,,0,0,0,0,0,0,,,0,0,0,0,0|0,0,12.9696,14.4107,90%,2020-04-15 14:03:11,http://jcjg.nr.gd.gov.cn:8088/GisqReport7.0/ReportServer?_=1586930578954&__boxModel__=true&op=page_content&sessionID=23730&pn=1,e9df678c180942e5d611dd6e7832e5e2
乳源瑶族自治县,乳源瑶族自治县2017年度国有建设用地供应计划,2017-06-27,乳源瑶族自治县2017年度国有建设用地供应计划,233.9023公顷,2017年,19.401,71.898,,0,0,0,0,0,0,,,124.1127,0,0,0,0|0,0,14.2538,18.4906,77.087%,2020-04-15 14:03:11,http://jcjg.nr.gd.gov.cn:8088/GisqReport7.0/ReportServer?_=1586930575802&__boxModel__=true&op=page_content&sessionID=59868&pn=1,765094c24f4abb12b1469317e9aa2616
始兴县,始兴县2017年度国有建设用地供应计划,2017-06-23,始兴县2017年度国有建设用地供应计划,40.76公顷,2017年,0,28.42,,0,6.17,0,0,0,0,,,6.17,0,0,0,0|0,0,0,0,100%,2020-04-15 14:03:12,http://jcjg.nr.gd.gov.cn:8088/GisqReport7.0/ReportServer?_=1586930577603&__boxModel__=true&op=page_content&sessionID=70587&pn=1,951065aba76dbc8bad4fb9b04e128a9d
佛冈县,佛冈县2016年度国有建设用地供应计划,2016-05-26,佛冈县2016年度国有建设用地供应计划,98.8公顷,2016年,37.66,14.73,,0,0,0,0,0,0,,,2.37,0,0,0,0|0,0,30.83,44.04,70.005%,2020-04-15 14:03:14,http://jcjg.nr.gd.gov.cn:8088/GisqReport7.0/ReportServer?_=1586930580695&__boxModel__=true&op=page_content&sessionID=53162&pn=1,505e7f8fd31f611dab3ae986ce6714f5
南澳县,南澳县2017年度国有建设用地供应计划,2017-06-23,南澳县2017年度国有建设用地供应计划,48.2627公顷,2017年,0,0,,.4,0,0,0,0,0,,,42.0327,3.5,0,2,0|0,0,.33,.33,100%,2020-04-15 14:03:16,http://jcjg.nr.gd.gov.cn:8088/GisqReport7.0/ReportServer?_=1586930579946&__boxModel__=true&op=page_content&sessionID=16389&pn=1,b90b92b90fd02401b7b7463bbb926ce7
陆河县,陆河县2015年度国有建设用地供应计划,2015-07-21,陆河县2015年度国有建设用地供应计划,94公顷,2015年,45,3,,0,0,0,0,0,0,,,27,0,0,9,.8|0,0,6.36,9.2,71.6%,2020-04-15 14:03:16,http://jcjg.nr.gd.gov.cn:8088/GisqReport7.0/ReportServer?_=1586930581536&__boxModel__=true&op=page_content&sessionID=70948&pn=1,01fc89fc75da0dd9b66f81aeeb1286e5
阳春市,阳春市2015年度国有建设用地供应计划,2015-07-21,阳春市2015年度国有建设用地供应计划,639.3667公顷,2015年,351.4667,101.7534,,0,1,0,0,0,0,,,19.4866,0,0,0,0|0,0,155.36,165.66,93.82%,2020-04-15 14:03:21,http://jcjg.nr.gd.gov.cn:8088/GisqReport7.0/ReportServer?_=1586930581245&__boxModel__=true&op=page_content&sessionID=24563&pn=1,3d127d00aeaa98616a5f405ea346b2ad
雷州市,雷州市2015年度国有建设用地供应计划,2015-07-21,雷州市2015年度国有建设用地供应计划,61.468公顷,2015年,12.2118,4.9,,.813,2.1632,0,0,0,0,,,36.18,0,0,0,0|0,0,5.2,5.2,100%,2020-04-15 14:03:34,http://jcjg.nr.gd.gov.cn:8088/GisqReport7.0/ReportServer?_=1586930596534&__boxModel__=true&op=page_content&sessionID=11888&pn=1,b0e4b41f732baeca4fdcae9261fbe858
云安县,云安县2015年度国有建设用地供应计划,2015-07-21,云安县2015年度国有建设用地供应计划,72公顷,2015年,55,6,,0,0,0,0,0,0,,,5,0,0,0,0|0,0,6,6,100%,2020-04-15 14:03:34,http://jcjg.nr.gd.gov.cn:8088/GisqReport7.0/ReportServer?_=1586930597961&__boxModel__=true&op=page_content&sessionID=78551&pn=1,9a5d64a6aa150786adbfcfd4ccdf6c94
阳山县,阳山县2015年度国有建设用地供应计划,2015-07-21,阳山县2015年度国有建设用地供应计划,492.6952公顷,2015年,170.786,18.22,,0,0,0,0,0,0,,,49.69,78.0967,57.3025,82.1,0|0,0,36.5,36.5,100%,2020-04-15 14:03:35,http://jcjg.nr.gd.gov.cn:8088/GisqReport7.0/ReportServer?_=1586930597126&__boxModel__=true&op=page_content&sessionID=13018&pn=1,09b7821b94d4b4670644d9d1b8c11f85
东莞市本级,东莞市本级2016年度国有建设用地供应计划,2016-05-26,东莞市本级2016年度国有建设用地供应计划,1679.4786公顷,2016年,610.7947,55.2301,,0,0,0,0,0,0,,,174.2189,476.2198,23.1017,9.571,0|0,0,0,330.3424,0%,2020-04-15 14:03:55,http://jcjg.nr.gd.gov.cn:8088/GisqReport7.0/ReportServer?_=1586930579511&__boxModel__=true&op=page_content&sessionID=45013&pn=1,d6b7c86320bd36197de3574fd6dd9c3d
始兴县,始兴县2015年度国有建设用地供应计划,2015-07-21,始兴县2015年度国有建设用地供应计划,106.05公顷,2015年,60.45,14.49,,.1,0,0,0,0,0,,,11.27,0,0,0,0|0,0,13.788,19.74,70%,2020-04-15 14:03:55,http://jcjg.nr.gd.gov.cn:8088/GisqReport7.0/ReportServer?_=1586930598587&__boxModel__=true&op=page_content&sessionID=54591&pn=1,04c1887a827424e30478613439ac4c7b
高要市,高要市2015年度国有建设用地供应计划,2015-07-21,高要市2015年度国有建设用地供应计划,86.1366公顷,2015年,61.0865,0,,0,0,0,0,0,0,,,0,0,0,0,0|0,0,17.5351,25.0501,70%,2020-04-15 14:03:56,http://jcjg.nr.gd.gov.cn:8088/GisqReport7.0/ReportServer?_=1586930604468&__boxModel__=true&op=page_content&sessionID=94796&pn=1,09fcf6464c2ea6feec6736bd1e3e9d57
封开县,封开县2015年度国有建设用地供应计划,2015-07-21,封开县2015年度国有建设用地供应计划,414.86公顷,2015年,133.65,4.12,,0,0,0,0,0,0,,,15.56,242.29,0,0,0|0,0,17.17,19.24,89.241%,2020-04-15 14:03:58,http://jcjg.nr.gd.gov.cn:8088/GisqReport7.0/ReportServer?_=1586930599506&__boxModel__=true&op=page_content&sessionID=22132&pn=1,828a3e42933d3a8238f082b623eee5f5
龙川县,龙川县2015年度国有建设用地供应计划,2015-07-21,龙川县2015年度国有建设用地供应计划,231公顷,2015年,50,10,,0,.3,0,0,0,0,,,6,150,0,0,0|0,0,14.7,14.7,100%,2020-04-15 14:03:59,http://jcjg.nr.gd.gov.cn:8088/GisqReport7.0/ReportServer?_=1586930606286&__boxModel__=true&op=page_content&sessionID=96210&pn=1,c27d0df88d423013fa677120c3cb7a7f
德庆县,德庆县2015年度国有建设用地供应计划,2015-07-21,德庆县2015年度国有建设用地供应计划,103.4283公顷,2015年,51,13.2265,,0,0,0,0,0,0,,,4.89,0,0,0,0|0,0,24.0183,34.3118,70%,2020-04-15 14:04:00,http://jcjg.nr.gd.gov.cn:8088/GisqReport7.0/ReportServer?_=1586930609084&__boxModel__=true&op=page_content&sessionID=66087&pn=1,296d9356e513b7a7407483aae9433e10
连州市,连州市2015年度国有建设用地供应计划,2015-07-21,连州市2015年度国有建设用地供应计划,95.95公顷,2015年,71.27,1.07,,0,0,0,0,0,0,,,6,1.2,0,0,0|0,0,16.41,16.41,100%,2020-04-15 14:04:01,http://jcjg.nr.gd.gov.cn:8088/GisqReport7.0/ReportServer?_=1586930611072&__boxModel__=true&op=page_content&sessionID=62264&pn=1,715698fc0af53f2ecc4e2990b50993a8
揭阳市本级,揭阳市本级2015年度国有建设用地供应计划,2015-07-21,揭阳市本级2015年度国有建设用地供应计划,694.6319公顷,2015年,435.0735,64.3286,,3.0936,0,0,0,0,0,,,115.2398,20,0,0,0|0,0,42.5929,56.8964,76.157%,2020-04-15 14:04:07,http://jcjg.nr.gd.gov.cn:8088/GisqReport7.0/ReportServer?_=1586930612567&__boxModel__=true&op=page_content&sessionID=76550&pn=1,dd012ad499d8c43de09af0afb20ff8ab
惠来县,惠来县2015年度国有建设用地供应计划,2015-07-21,惠来县2015年度国有建设用地供应计划,271公顷,2015年,80.5,32,,1,0,0,0,0,0,,,25,98.5,0,15,0|0,0,13,19,70%,2020-04-15 14:04:22,http://jcjg.nr.gd.gov.cn:8088/GisqReport7.0/ReportServer?_=1586930613226&__boxModel__=true&op=page_content&sessionID=5192&pn=1,9082a6a8e8c04b82fd614dcc96555662
南雄市,南雄市2015年度国有建设用地供应计划,2015-07-21,南雄市2015年度国有建设用地供应计划,132.12公顷,2015年,84.48,19.42,,0,0,0,0,0,0,,,5.9,1.84,0,0,0|0,0,14.336,20.48,70%,2020-04-15 14:04:32,http://jcjg.nr.gd.gov.cn:8088/GisqReport7.0/ReportServer?_=1586930612091&__boxModel__=true&op=page_content&sessionID=75068&pn=1,ce1141286a1b8e34d67d698acf53f53b
潮安县,潮安县2015年度国有建设用地供应计划,2015-07-21,潮安县2015年度国有建设用地供应计划,387.37公顷,2015年,126.909,21.266,,.667,0,0,0,0,0,,,24.789,192.141,11.6,0,0|0,0,9.878,9.998,98.875%,2020-04-15 14:04:38,http://jcjg.nr.gd.gov.cn:8088/GisqReport7.0/ReportServer?_=1586930613341&__boxModel__=true&op=page_content&sessionID=38580&pn=1,1a3e8542805d13d6ba81d46292810efa
阳西县,阳西县2015年度国有建设用地供应计划,2015-07-21,阳西县2015年度国有建设用地供应计划,328.0936公顷,2015年,106.3333,60.6207,,0,0,0,0,0,0,,,13.5333,0,0,0,.8513|0,0,122.7475,146.755,83.735%,2020-04-15 14:04:46,http://jcjg.nr.gd.gov.cn:8088/GisqReport7.0/ReportServer?_=1586930610164&__boxModel__=true&op=page_content&sessionID=98482&pn=1,8be726055d9d2494fab0b5b36f9ed398
清远市本级,清远市本级2015年度国有建设用地供应计划,2015-07-21,清远市本级2015年度国有建设用地供应计划,791公顷,2015年,200,50,,0,0,0,0,0,0,,,300,150,0,0,0|0,0,64,91,70.33%,2020-04-15 14:04:48,http://jcjg.nr.gd.gov.cn:8088/GisqReport7.0/ReportServer?_=1586930638716&__boxModel__=true&op=page_content&sessionID=53335&pn=1,dbc61b689a40432ab274ccd238b72c86
鹤山市,鹤山市2015年度国有建设用地供应计划,2015-07-21,鹤山市2015年度国有建设用地供应计划,220.99公顷,2015年,173,12,,3.5,0,0,0,0,0,,,5.5,0,0,0,0|0,0,26.99,26.99,100%,2020-04-15 14:04:55,http://jcjg.nr.gd.gov.cn:8088/GisqReport7.0/ReportServer?_=1586930684104&__boxModel__=true&op=page_content&sessionID=90087&pn=1,94cbd53022b177b9f076c940fbaed4c1
乐昌市,乐昌市2015年度国有建设用地供应计划,2015-07-21,乐昌市2015年度国有建设用地供应计划,49.5642公顷,2015年,28.3285,1.8539,,0,0,13.858,0,6.8,7.058,,,0,0,0,0,0|0,0,0,5.5238,71.5%,2020-04-15 14:04:56,http://jcjg.nr.gd.gov.cn:8088/GisqReport7.0/ReportServer?_=1586930686368&__boxModel__=true&op=page_content&sessionID=17881&pn=1,3842a61468fc1ccf6c3defb94a4dbbf8
阳江市本级,阳江市本级2015年度国有建设用地供应计划,2015-07-21,阳江市本级2015年度国有建设用地供应计划,1337.4466公顷,2015年,321.9582,488.3716,,0,0,0,0,0,0,,,180.8446,129.1672,29.77,0,.38|0,0,168.3906,186.955,90.09%,2020-04-15 14:04:56,http://jcjg.nr.gd.gov.cn:8088/GisqReport7.0/ReportServer?_=1586930686884&__boxModel__=true&op=page_content&sessionID=90368&pn=1,9add0c16a42c1057d09fa3fb76c5de89
揭东县,揭东县2015年度国有建设用地供应计划,2015-07-21,揭东县2015年度国有建设用地供应计划,248.87公顷,2015年,166,33,,0,0,0,0,0,0,,,17.87,0,0,2,0|1,0,20.3,29,71%,2020-04-15 14:04:58,http://jcjg.nr.gd.gov.cn:8088/GisqReport7.0/ReportServer?_=1586930687666&__boxModel__=true&op=page_content&sessionID=40404&pn=1,d8a90351b8a3fca8d3cba4e32bd79782
揭西县,揭西县2015年度国有建设用地供应计划,2015-07-21,揭西县2015年度国有建设用地供应计划,51.6666公顷,2015年,37.2686,.1833,,1.5,0,0,0,0,0,,,5.4847,0,0,0,0|0,0,4.7856,7.23,72%,2020-04-15 14:04:58,http://jcjg.nr.gd.gov.cn:8088/GisqReport7.0/ReportServer?_=1586930687829&__boxModel__=true&op=page_content&sessionID=15371&pn=1,2d3d66a3616a8f9c1105da8eb8927a33
普宁市,普宁市2015年度国有建设用地供应计划,2015-07-21,普宁市2015年度国有建设用地供应计划,193.5649公顷,2015年,89.1669,19.2533,,0,0,0,0,0,0,,,17.9494,32.5818,0,0,0|0,0,34.6135,34.6135,100%,2020-04-15 14:05:00,http://jcjg.nr.gd.gov.cn:8088/GisqReport7.0/ReportServer?_=1586930689331&__boxModel__=true&op=page_content&sessionID=78233&pn=1,461935b572c5fc093cdcc2f8432d301a
龙门县,龙门县2015年度国有建设用地供应计划,2015-07-21,龙门县2015年度国有建设用地供应计划,90.05公顷,2015年,39,35,,0,0,1.9,0,0,1.9,,,2,0,.15,0,2|0,0,7,10,78.417%,2020-04-15 14:05:01,http://jcjg.nr.gd.gov.cn:8088/GisqReport7.0/ReportServer?_=1586930689942&__boxModel__=true&op=page_content&sessionID=76889&pn=1,c480e06bc5184ef6f8fcc47088cdfe2a
博罗县,博罗县2015年度国有建设用地供应计划,2015-07-21,博罗县2015年度国有建设用地供应计划,278.61公顷,2015年,110.25,6.11,,0,0,0,0,0,0,,,86.17,4.79,0,0,0|0,0,50,71.29,70.136%,2020-04-15 14:05:01,http://jcjg.nr.gd.gov.cn:8088/GisqReport7.0/ReportServer?_=1586930690605&__boxModel__=true&op=page_content&sessionID=18419&pn=1,0aad3d33b2e721d063b5ce1ff02b0b76
肇庆市本级,肇庆市本级2015年度国有建设用地供应计划,2015-07-21,肇庆市本级2015年度国有建设用地供应计划,692.0882公顷,2015年,308.4277,120.265,,2.4198,4.1542,0,0,0,0,,,127.5953,52.6093,19.2467,0,0|0,0,38.1869,57.3702,70%,2020-04-15 14:05:05,http://jcjg.nr.gd.gov.cn:8088/GisqReport7.0/ReportServer?_=1586930687401&__boxModel__=true&op=page_content&sessionID=29582&pn=1,0ca545ce9a8ef2c52b79daa5e14cd148
台山市,台山市2016年度国有建设用地供应计划,2016-05-26,台山市2016年度国有建设用地供应计划,110.137939公顷,2016年,36.45577,17.82136,,0,0,0,0,0,0,,,3.703221,0,0,0,0|0,0,36.5132,52.157588,70.006%,2020-04-15 14:05:05,http://jcjg.nr.gd.gov.cn:8088/GisqReport7.0/ReportServer?_=1586930692710&__boxModel__=true&op=page_content&sessionID=27428&pn=1,1af0ccbbdf079a7bb1626ad4eae7f6e0
雷州市,雷州市2016年度国有建设用地供应计划,2016-05-26,雷州市2016年度国有建设用地供应计划,98.128公顷,2016年,48.8718,4.9,,.813,2.1632,0,0,0,0,,,36.18,0,0,0,0|0,0,5.2,5.2,100%,2020-04-15 14:05:11,http://jcjg.nr.gd.gov.cn:8088/GisqReport7.0/ReportServer?_=1586930694393&__boxModel__=true&op=page_content&sessionID=15018&pn=1,eb1227a71779d78e2440e1a3e474b875
茂名市本级,茂名市本级2016年度国有建设用地供应计划,2016-05-26,茂名市本级2016年度国有建设用地供应计划,713.08公顷,2016年,95.73,19.42,,0,0,11.84,0,0,11.84,,,114.31,245.62,24.33,0,0|0,0,113.78,201.83,58.792%,2020-04-15 14:05:12,http://jcjg.nr.gd.gov.cn:8088/GisqReport7.0/ReportServer?_=1586930695429&__boxModel__=true&op=page_content&sessionID=55517&pn=1,a2ce4c906c7044e08b2482e9e4af52b3
东源县,东源县2015年度国有建设用地供应计划,2015-07-21,东源县2015年度国有建设用地供应计划,261.88公顷,2015年,119.67,41.88,,0,0,0,0,0,0,,,.82,0,0,0,0|0,0,70,99.51,70.345%,2020-04-15 14:05:14,http://jcjg.nr.gd.gov.cn:8088/GisqReport7.0/ReportServer?_=1586930693819&__boxModel__=true&op=page_content&sessionID=90409&pn=1,bd6ec87d175187279d48df8b7927e543
东源县,东源县2016年度国有建设用地供应计划,2016-05-26,东源县2016年度国有建设用地供应计划,390.22公顷,2016年,190.83,50.12,,0,0,0,0,0,0,,,19.75,1.79,0,0,0|0,0,90,127.73,70.461%,2020-04-15 14:05:17,http://jcjg.nr.gd.gov.cn:8088/GisqReport7.0/ReportServer?_=1586930692052&__boxModel__=true&op=page_content&sessionID=98575&pn=1,b8dc45f9e6f31e27f062786e73c085df
海丰县,海丰县2016年度国有建设用地供应计划,2016-05-26,海丰县2016年度国有建设用地供应计划,149.345公顷,2016年,70,4,,2,2,0,0,0,0,,,25.345,30,0,0,1.2186|0,0,7.2,14.7814,62.093%,2020-04-15 14:05:18,http://jcjg.nr.gd.gov.cn:8088/GisqReport7.0/ReportServer?_=1586930697308&__boxModel__=true&op=page_content&sessionID=57084&pn=1,320e963a286f3f73ee965ac07df81818
潮州市本级,潮州市本级2016年度国有建设用地供应计划,2016-05-26,潮州市本级2016年度国有建设用地供应计划,470.602公顷,2016年,124.23,55.33,,0,0,0,0,0,0,,,33.206,188.41,29.42,0,0|0,0,31.926,40.006,79.803%,2020-04-15 14:05:53,http://jcjg.nr.gd.gov.cn:8088/GisqReport7.0/ReportServer?_=1586930698846&__boxModel__=true&op=page_content&sessionID=78522&pn=1,8c3aea1146b0756dd9bcc1bbfc885c73
云安县,云安县2016年度国有建设用地供应计划,2016-05-26,云安县2016年度国有建设用地供应计划,79公顷,2016年,58,8,,0,0,0,0,0,0,,,6,0,0,0,0|0,0,7,7,100%,2020-04-15 14:06:21,http://jcjg.nr.gd.gov.cn:8088/GisqReport7.0/ReportServer?_=1586930714642&__boxModel__=true&op=page_content&sessionID=39274&pn=1,78e46891256bc44bd94bd0359e17ee94
罗定市,罗定市2016年度国有建设用地供应计划,2016-05-26,罗定市2016年度国有建设用地供应计划,108公顷,2016年,60,8,,1,0,0,0,0,0,,,10,0,0,0,0|0,0,20.55,29,71.833%,2020-04-15 14:06:34,http://jcjg.nr.gd.gov.cn:8088/GisqReport7.0/ReportServer?_=1586930717656&__boxModel__=true&op=page_content&sessionID=69454&pn=1,6a0868812d6b6ac5420a438127ffd1a8
郁南县,郁南县2016年度国有建设用地供应计划,2016-05-26,郁南县2016年度国有建设用地供应计划,47.87公顷,2016年,17.13,10,,0,0,.5,0,0,.5,,,0,0,0,0,0|0,0,20.24,20.24,100%,2020-04-15 14:06:54,http://jcjg.nr.gd.gov.cn:8088/GisqReport7.0/ReportServer?_=1586930716217&__boxModel__=true&op=page_content&sessionID=61141&pn=1,6ac76abf0610954cd971c0fd54377919
英德市,英德市2016年度国有建设用地供应计划,2016-05-26,英德市2016年度国有建设用地供应计划,713.6021公顷,2016年,349.9952,88.4485,,0,0,0,0,0,0,,,17.6505,49.2,0,0,3.0414|0,0,0,205.2665,1.46%,2020-04-15 14:06:55,http://jcjg.nr.gd.gov.cn:8088/GisqReport7.0/ReportServer?_=1586930727585&__boxModel__=true&op=page_content&sessionID=40071&pn=1,33686cded4e2184e57680ff1c944764d
汕尾市本级,汕尾市本级2016年度国有建设用地供应计划,2016-05-26,汕尾市本级2016年度国有建设用地供应计划,493.85公顷,2016年,176.32,58.81,,0,0,0,0,0,0,,,74.14,70.12,0,40.2,0|0,0,52,74.26,70.024%,2020-04-15 14:06:55,http://jcjg.nr.gd.gov.cn:8088/GisqReport7.0/ReportServer?_=1586930756555&__boxModel__=true&op=page_content&sessionID=83849&pn=1,32733839638a7fdd5aea2527ebae9ddd
高州市,高州市2016年度国有建设用地供应计划,2016-05-26,高州市2016年度国有建设用地供应计划,25.29216公顷,2016年,14.88307,2.12289,,0,.0786,3.9776,1.7376,0,0,,,4.23,0,0,0,0|0,0,0,0,100%,2020-04-15 14:07:00,http://jcjg.nr.gd.gov.cn:8088/GisqReport7.0/ReportServer?_=1586930725511&__boxModel__=true&op=page_content&sessionID=24783&pn=1,81facdfad29893afbb504f69d566eeb5
阳山县,阳山县2016年度国有建设用地供应计划,2016-05-26,阳山县2016年度国有建设用地供应计划,235.7公顷,2016年,46.7,5,,0,0,0,0,0,0,,,40,124,0,0,0|0,0,20,20,100%,2020-04-15 14:07:02,http://jcjg.nr.gd.gov.cn:8088/GisqReport7.0/ReportServer?_=1586930759726&__boxModel__=true&op=page_content&sessionID=47527&pn=1,4528bce3d9711824deb0b674fb87f21d
深圳市本级,深圳市本级2016年度国有建设用地供应计划,2016-05-26,深圳市本级2016年度国有建设用地供应计划,1200公顷,2016年,133,88,,0,0,0,0,0,0,,,397,457,0,0,0|18,35,58,72,88.8%,2020-04-15 14:07:04,http://jcjg.nr.gd.gov.cn:8088/GisqReport7.0/ReportServer?_=1586930766663&__boxModel__=true&op=page_content&sessionID=53814&pn=1,5888c08adffd6bb48cbef3cd9fb56522
怀集县,怀集县2016年度国有建设用地供应计划,2016-05-26,怀集县2016年度国有建设用地供应计划,216.5238公顷,2016年,33.3333,18,,0,0,11.0633,0,11.0633,0,,,9.3333,136.1273,0,0,0|0,0,8.6666,8.6666,100%,2020-04-15 14:07:04,http://jcjg.nr.gd.gov.cn:8088/GisqReport7.0/ReportServer?_=1586930767600&__boxModel__=true&op=page_content&sessionID=61028&pn=1,5cdfee18f083b476dd33e9c86987cb27
梅县,梅县2016年度国有建设用地供应计划,2016-05-26,梅县2016年度国有建设用地供应计划,179.6公顷,2016年,81.6,17.1,,0,0,10.3,2.4,7.9,0,,,7.8,0,0,18.9,0|0,0,31.5,43.9,77.122%,2020-04-15 14:07:07,http://jcjg.nr.gd.gov.cn:8088/GisqReport7.0/ReportServer?_=1586930787824&__boxModel__=true&op=page_content&sessionID=15263&pn=1,6d661500242fcce73bae1584a4959b4f
惠东县,惠东县2016年度国有建设用地供应计划,2016-05-26,惠东县2016年度国有建设用地供应计划,258.25公顷,2016年,73.48,14.83,,0,0,0,0,0,0,,,28.43,10.46,0,0,0|0,0,0,131.05,0%,2020-04-15 14:07:08,http://jcjg.nr.gd.gov.cn:8088/GisqReport7.0/ReportServer?_=1586930787655&__boxModel__=true&op=page_content&sessionID=28028&pn=1,8bd2f9e38662f4438305cfafb54813b8
惠州市本级,惠州市本级2016年度国有建设用地供应计划,2016-05-26,惠州市本级2016年度国有建设用地供应计划,1163.585公顷,2016年,525.435,117.31,,0,2.6,14.2,0,0,14.2,,,170.02,9.24,21.56,15,0|0,0,187.067,288.22,66.837%,2020-04-15 14:07:08,http://jcjg.nr.gd.gov.cn:8088/GisqReport7.0/ReportServer?_=1586930766679&__boxModel__=true&op=page_content&sessionID=85073&pn=1,f98a16881464ce3ad966c88f348865ba
化州市,化州市2016年度国有建设用地供应计划,2016-05-26,化州市2016年度国有建设用地供应计划,50.08043公顷,2016年,3.83,16.67,,0,0,0,0,0,0,,,0,0,0,0,0|0,0,20.706301,29.58043,70%,2020-04-15 14:07:08,http://jcjg.nr.gd.gov.cn:8088/GisqReport7.0/ReportServer?_=1586930785146&__boxModel__=true&op=page_content&sessionID=64491&pn=1,726dc514a6eb27ede2a2315872be9f8b
兴宁市,兴宁市2016年度国有建设用地供应计划,2016-05-26,兴宁市2016年度国有建设用地供应计划,125公顷,2016年,30,30,,2,0,0,0,0,0,,,20,15,0,0,0|0,0,23,28,83.333%,2020-04-15 14:07:09,http://jcjg.nr.gd.gov.cn:8088/GisqReport7.0/ReportServer?_=1586930802667&__boxModel__=true&op=page_content&sessionID=48359&pn=1,f79e325f423a836dd7af1681c4d5e70a
阳江市本级,阳江市本级2016年度国有建设用地供应计划,2016-05-26,阳江市本级2016年度国有建设用地供应计划,720.7812公顷,2016年,226.3659,154.4779,,0,0,0,0,0,0,,,61.1092,66.5618,2.64,0,3.5|0,0,0,206.1264,1.67%,2020-04-15 14:07:11,http://jcjg.nr.gd.gov.cn:8088/GisqReport7.0/ReportServer?_=1586930814548&__boxModel__=true&op=page_content&sessionID=96453&pn=1,21e656a59fcbf61758c176321f875f1c
五华县,五华县2016年度国有建设用地供应计划,2016-05-26,五华县2016年度国有建设用地供应计划,828.4733公顷,2016年,98,41.41,,.2,0,.9233,0,0,.9233,,,28.5,571,0,0,0|0,0,62,88.44,70.479%,2020-04-15 14:07:23,http://jcjg.nr.gd.gov.cn:8088/GisqReport7.0/ReportServer?_=1586930798906&__boxModel__=true&op=page_content&sessionID=60470&pn=1,3c6fcf2b839192c9851576a46ff24265
恩平市,恩平市2016年度国有建设用地供应计划,2016-05-26,恩平市2016年度国有建设用地供应计划,327公顷,2016年,94.4666,7,,0,0,0,0,0,0,,,1.6667,140,0,0,.8667|0,0,58.1,83,70.31%,2020-04-15 14:07:23,http://jcjg.nr.gd.gov.cn:8088/GisqReport7.0/ReportServer?_=1586930818231&__boxModel__=true&op=page_content&sessionID=25791&pn=1,d8eb4d4032b35517ed84d340cef96104
新兴县,新兴县2016年度国有建设用地供应计划,2016-05-26,新兴县2016年度国有建设用地供应计划,435公顷,2016年,50,20,,0,0,0,0,0,0,,,30,300,2,3,0|0,0,22,30,73.333%,2020-04-15 14:07:25,http://jcjg.nr.gd.gov.cn:8088/GisqReport7.0/ReportServer?_=1586930824374&__boxModel__=true&op=page_content&sessionID=72717&pn=1,a248e77e01545c8378ec3c8763e9d655
梅州市本级,梅州市本级2016年度国有建设用地供应计划,2016-05-26,梅州市本级2016年度国有建设用地供应计划,331.8037公顷,2016年,100,20,,0,0,33.5789,0,0,33.5789,,,10,116,0,1.3,1.9248|0,0,25,49,71.599%,2020-04-15 14:07:30,http://jcjg.nr.gd.gov.cn:8088/GisqReport7.0/ReportServer?_=1586930830619&__boxModel__=true&op=page_content&sessionID=21636&pn=1,5ad5cf3fd8af2deecc4dab42fc26bdf5
大埔县,大埔县2016年度国有建设用地供应计划,2016-05-26,大埔县2016年度国有建设用地供应计划,98.6公顷,2016年,60,.8,,0,0,0,0,0,0,,,16,18,0,.8,.3|0,0,1.9,2.7,73.333%,2020-04-15 14:07:33,http://jcjg.nr.gd.gov.cn:8088/GisqReport7.0/ReportServer?_=1586930843535&__boxModel__=true&op=page_content&sessionID=96536&pn=1,8163c33deb01bc2a4e2fb50e005cd8a2
高要市,高要市2016年度国有建设用地供应计划,2016-05-26,高要市2016年度国有建设用地供应计划,57.1253公顷,2016年,31.7505,0,,0,0,0,0,0,0,,,0,0,0,0,0|0,0,17.7624,25.3748,70%,2020-04-15 14:07:34,http://jcjg.nr.gd.gov.cn:8088/GisqReport7.0/ReportServer?_=1586930831136&__boxModel__=true&op=page_content&sessionID=84115&pn=1,2bb62dc230186965ffcb51d2d0e119b5
陆河县,陆河县2016年度国有建设用地供应计划,2016-05-26,陆河县2016年度国有建设用地供应计划,129公顷,2016年,60,3,,0,0,0,0,0,0,,,37,0,0,9,.8|0,0,19.2,19.2,100%,2020-04-15 14:07:35,http://jcjg.nr.gd.gov.cn:8088/GisqReport7.0/ReportServer?_=1586930844355&__boxModel__=true&op=page_content&sessionID=90850&pn=1,a521292acbefa69082a439e4ef1a75a0
陆丰市,陆丰市2016年度国有建设用地供应计划,2016-05-26,陆丰市2016年度国有建设用地供应计划,151.7299公顷,2016年,118.1474,.2016,,0,0,0,0,0,0,,,14.3901,0,0,0,1|0,0,12.43,17.9908,70.718%,2020-04-15 14:07:35,http://jcjg.nr.gd.gov.cn:8088/GisqReport7.0/ReportServer?_=1586930844702&__boxModel__=true&op=page_content&sessionID=30452&pn=1,e94d78a244680a5b4e091c8a869f17f6
饶平县,饶平县2016年度国有建设用地供应计划,2016-05-26,饶平县2016年度国有建设用地供应计划,417.8288公顷,2016年,113.7255,30.2235,,1,0,0,0,0,0,,,14.8397,237.4894,0,.5917,0|0,0,19.959,19.959,100%,2020-04-15 14:07:35,http://jcjg.nr.gd.gov.cn:8088/GisqReport7.0/ReportServer?_=1586930845300&__boxModel__=true&op=page_content&sessionID=1172&pn=1,cefa02fabfd959299368ff415f99724c
平远县,平远县2016年度国有建设用地供应计划,2016-05-26,平远县2016年度国有建设用地供应计划,85.5公顷,2016年,30,3,,0,0,0,0,0,0,,,5,32.5,2,.5,.5|0,0,10,12,84%,2020-04-15 14:07:35,http://jcjg.nr.gd.gov.cn:8088/GisqReport7.0/ReportServer?_=1586930843794&__boxModel__=true&op=page_content&sessionID=89570&pn=1,e659ed361cb7158be9fa1a243ff13bbd
博罗县,博罗县2017年度国有建设用地供应计划,2017-06-23,博罗县2017年度国有建设用地供应计划,237.0338公顷,2017年,122.6907,3.0029,,0,0,0,0,0,0,,,8.06,44.412,0,1.8136,0|0,0,39.9383,57.0546,70%,2020-04-15 14:07:38,http://jcjg.nr.gd.gov.cn:8088/GisqReport7.0/ReportServer?_=1586930848790&__boxModel__=true&op=page_content&sessionID=83386&pn=1,493990ac45c752c870db8f959147717f
龙门县,龙门县2017年度国有建设用地供应计划,2017-06-23,龙门县2017年度国有建设用地供应计划,67.5公顷,2017年,20,18,,0,0,1.5,0,0,1.5,,,6,0,0,0,2|0,0,15,20,78.723%,2020-04-15 14:07:38,http://jcjg.nr.gd.gov.cn:8088/GisqReport7.0/ReportServer?_=1586930848919&__boxModel__=true&op=page_content&sessionID=27103&pn=1,1217d2eb7f1c58d8be307eddb5aa36ec
惠东县,惠东县2017年度国有建设用地供应计划,2017-06-23,惠东县2017年度国有建设用地供应计划,245.51公顷,2017年,48.48,17.88,,0,0,0,0,0,0,,,29.36,8.52,0,0,0|0,0,98.89,141.27,70.001%,2020-04-15 14:07:40,http://jcjg.nr.gd.gov.cn:8088/GisqReport7.0/ReportServer?_=1586930847808&__boxModel__=true&op=page_content&sessionID=61800&pn=1,f0d0a8132a18b70f7c03585016814bd0
梅州市本级,梅州市本级2017年度国有建设用地供应计划,2017-06-23,梅州市本级2017年度国有建设用地供应计划,220.3公顷,2017年,108,15,,0,2.3,13.7752,0,0,13.7752,,,35,0,0,1.3,1.9248|0,0,25,43,70.492%,2020-04-15 14:07:40,http://jcjg.nr.gd.gov.cn:8088/GisqReport7.0/ReportServer?_=1586930850147&__boxModel__=true&op=page_content&sessionID=31185&pn=1,c9528c206a0d04cf126ac353bed66f04
信宜市,信宜市2017年度国有建设用地供应计划,2017-06-23,信宜市2017年度国有建设用地供应计划,966.39公顷,2017年,111.17,5.335,,0,0,0,0,0,0,,,22.9061,796.6666,0,0,0|0,0,21.52,30.3123,70.994%,2020-04-15 14:07:42,http://jcjg.nr.gd.gov.cn:8088/GisqReport7.0/ReportServer?_=1586930852605&__boxModel__=true&op=page_content&sessionID=97845&pn=1,939dce967f077b6dea4a5367a2dc727a
大埔县,大埔县2017年度国有建设用地供应计划,2017-06-23,大埔县2017年度国有建设用地供应计划,665公顷,2017年,8,1,,0,0,3,3,0,0,,,16,466,159,0,0|0,0,8,12,73.333%,2020-04-15 14:07:42,http://jcjg.nr.gd.gov.cn:8088/GisqReport7.0/ReportServer?_=1586930850444&__boxModel__=true&op=page_content&sessionID=34983&pn=1,d28258152fcad8da9f981d475c2d116c
茂名市本级,茂名市本级2017年度国有建设用地供应计划,2017-06-23,茂名市本级2017年度国有建设用地供应计划,841.69公顷,2017年,94.42,101.67,,0,0,0,0,0,0,,,65.3,499.37,1.69,0,0|0,0,56.67,79.24,71.517%,2020-04-15 14:07:48,http://jcjg.nr.gd.gov.cn:8088/GisqReport7.0/ReportServer?_=1586930853785&__boxModel__=true&op=page_content&sessionID=37397&pn=1,1c2d5741649bcdd625e66c28f78322b6
茂名市本级,茂名市本级2017年度国有建设用地供应计划,2017-06-23,茂名市本级2017年度国有建设用地供应计划,841.69公顷,2017年,94.42,101.67,,0,0,0,0,0,0,,,65.30,499.37,1.69,0,0|0,0,56.67,79.24,71.517%,2020-04-15 14:07:48,http://jcjg.nr.gd.gov.cn:8088/GisqReport7.0/ReportServer?_=1586930853785&__boxModel__=true&op=page_content&sessionID=37397&pn=1,1c2d5741649bcdd625e66c28f78322b6
化州市,化州市2017年度国有建设用地供应计划,2017-06-23,化州市2017年度国有建设用地供应计划,39.2893公顷,2017年,13.822,4.7736,,0,0,0,0,0,0,,,0,0,0,0,0|0,0,14.48559,20.6937,70%,2020-04-15 14:07:53,http://jcjg.nr.gd.gov.cn:8088/GisqReport7.0/ReportServer?_=1586930856015&__boxModel__=true&op=page_content&sessionID=58024&pn=1,68261d2b4514f680b3bbf7f83bb516a5
汕头市本级,汕头市本级2017年度国有建设用地供应计划,2017-06-23,汕头市本级2017年度国有建设用地供应计划,1494.3654公顷,2017年,305.1243,223.8156,,0,2.07,0,0,0,0,,,216.3679,632.1283,0,0,0|0,0,0,114.8593,1.77%,2020-04-15 14:07:55,http://jcjg.nr.gd.gov.cn:8088/GisqReport7.0/ReportServer?_=1586930847693&__boxModel__=true&op=page_content&sessionID=55146&pn=1,c4f25da33e01cda7e6e364a1b6acfbf7
平远县,平远县2017年度国有建设用地供应计划,2017-06-23,平远县2017年度国有建设用地供应计划,205.5公顷,2017年,30,15.5,,0,0,0,0,0,0,,,10,132,2,1,2|0,0,9,13,73.333%,2020-04-15 14:08:07,http://jcjg.nr.gd.gov.cn:8088/GisqReport7.0/ReportServer?_=1586930861132&__boxModel__=true&op=page_content&sessionID=16105&pn=1,3a2e1e67400651b92fc5460a22ff8af9
蕉岭县,蕉岭县2017年度国有建设用地供应计划,2017-06-23,蕉岭县2017年度国有建设用地供应计划,120公顷,2017年,60,10,,0,.5,0,0,0,0,,,20,15,2,1,.5|0,0,7.4,11,70%,2020-04-15 14:08:08,http://jcjg.nr.gd.gov.cn:8088/GisqReport7.0/ReportServer?_=1586930855235&__boxModel__=true&op=page_content&sessionID=55911&pn=1,eb55447cbd872a9bbca14eb037f48673
罗定市,罗定市2017年度国有建设用地供应计划,2017-06-23,罗定市2017年度国有建设用地供应计划,108公顷,2017年,60,8,,1,0,0,0,0,0,,,10,0,0,0,0|0,0,20.55,29,71.833%,2020-04-15 14:08:11,http://jcjg.nr.gd.gov.cn:8088/GisqReport7.0/ReportServer?_=1586930867162&__boxModel__=true&op=page_content&sessionID=36079&pn=1,045144d4288fb7ffa9f1834167bb0d27
云安县,云安县2017年度国有建设用地供应计划,2017-06-23,云安县2017年度国有建设用地供应计划,81公顷,2017年,62,7,,0,0,0,0,0,0,,,5,0,0,0,0|0,0,7,7,100%,2020-04-15 14:08:14,http://jcjg.nr.gd.gov.cn:8088/GisqReport7.0/ReportServer?_=1586930868751&__boxModel__=true&op=page_content&sessionID=18849&pn=1,dadeb7b72257b8dea9a7410988205755
高州市,高州市2017年度国有建设用地供应计划,2017-06-23,高州市2017年度国有建设用地供应计划,254.3公顷,2017年,6.72,7,,.55,.36,0,0,0,0,,,17.2,168.38,0,0,0|0,0,37.76,54.09,70.309%,2020-04-15 14:08:14,http://jcjg.nr.gd.gov.cn:8088/GisqReport7.0/ReportServer?_=1586930864201&__boxModel__=true&op=page_content&sessionID=36702&pn=1,5f15a58871c5b1d118d19feb7c7c1d97
清新县,清远市清新区二一六年度国有建设用地供应计划,2016-05-26,清远市清新区二一六年度国有建设用地供应计划,170.03公顷,2016年,138.29,3.3,,0,0,0,0,0,0,,,0,0,0,0,0|0,0,19.908,28.44,70%,2020-04-15 14:08:16,http://jcjg.nr.gd.gov.cn:8088/GisqReport7.0/ReportServer?_=1586930871862&__boxModel__=true&op=page_content&sessionID=34033&pn=1,fea12993b165952038737cf433db288b
南雄市,南雄市2016年度国有建设用地供应计划,2016-05-26,南雄市2016年度国有建设用地供应计划,126.7785公顷,2016年,70.0072,5.1099,,0,0,0,0,0,0,,,3.5785,14.104,0,0,0|0,0,23.7853,33.9789,70%,2020-04-15 14:08:33,http://jcjg.nr.gd.gov.cn:8088/GisqReport7.0/ReportServer?_=1586930873883&__boxModel__=true&op=page_content&sessionID=7746&pn=1,bafd62e61f03f6ec8fd4b7909ff1cce0
汕头市本级,汕头市本级2016年度国有建设用地供应计划,2016-05-26,汕头市本级2016年度国有建设用地供应计划,1821.315226公顷,2016年,545.952766,269.903288,,1.9367,0,0,0,0,0,,,240.47403,574.9975,0,.16,1.7185|0,0,58.153159,186.172442,32.56%,2020-04-15 14:09:10,http://jcjg.nr.gd.gov.cn:8088/GisqReport7.0/ReportServer?_=1586930870148&__boxModel__=true&op=page_content&sessionID=76578&pn=1,984cd896f76f8116cd11ba89636a49c9
肇庆市本级,肇庆市本级2017年度国有建设用地供应计划,2017-06-23,肇庆市本级2017年度国有建设用地供应计划,1009.2415公顷,2017年,406.2401,96.8014,,0,0,0,0,0,0,,,58.3582,182.0777,113.836,0,0|0,0,0,151.9281,0%,2020-04-15 14:09:23,http://jcjg.nr.gd.gov.cn:8088/GisqReport7.0/ReportServer?_=1586930867908&__boxModel__=true&op=page_content&sessionID=78820&pn=1,f7e1d713296c328fa87fe2c10ce78e7c
乐昌市,乐昌市2016年度国有建设用地供应计划,2016-05-26,乐昌市2016年度国有建设用地供应计划,63.481261公顷,2016年,22.0654,3.26251,,0,0,5.0366,0,5.0366,0,,,22.274761,0,0,0,0|0,0,6.0784,10.84199,70%,2020-04-15 14:09:23,http://jcjg.nr.gd.gov.cn:8088/GisqReport7.0/ReportServer?_=1586930890527&__boxModel__=true&op=page_content&sessionID=68357&pn=1,368e3357ea8e137f174994e67569a458
肇庆市本级,肇庆市本级2016年度国有建设用地供应计划,2016-05-26,肇庆市本级2016年度国有建设用地供应计划,1174.4298公顷,2016年,218.1521,119.9823,,0,1.848,0,0,0,0,,,169.736,246.612,222.1953,6.7,0|0,0,131.8885,189.2041,70%,2020-04-15 14:09:35,http://jcjg.nr.gd.gov.cn:8088/GisqReport7.0/ReportServer?_=1586930873451&__boxModel__=true&op=page_content&sessionID=77598&pn=1,29d0855277557a330bc6321159d50414
揭阳市本级,揭阳市本级2016年度国有建设用地供应计划,2016-05-26,揭阳市本级2016年度国有建设用地供应计划,486.1098公顷,2016年,203.3713,34.1606,,0,0,21.5035,0,0,0,,,102.1934,86.2092,0,0,0|0,0,25.0028,38.6718,77.285%,2020-04-15 14:09:35,http://jcjg.nr.gd.gov.cn:8088/GisqReport7.0/ReportServer?_=1586930893522&__boxModel__=true&op=page_content&sessionID=37100&pn=1,621ee7c63e13776dc0c6d62283524dfb
封开县,封开县2016年度国有建设用地供应计划,2016-05-26,封开县2016年度国有建设用地供应计划,461.12公顷,2016年,137.41,17.53,,0,.07,4.12,0,0,4.12,,,22.23,242.29,0,0,0|0,0,26.23,37.47,73.02%,2020-04-15 14:09:46,http://jcjg.nr.gd.gov.cn:8088/GisqReport7.0/ReportServer?_=1586930890221&__boxModel__=true&op=page_content&sessionID=79123&pn=1,87ec1ae26acc70f20d3b32b8672f9eb6
仁化县,仁化县2016年度国有建设用地供应计划,2016-05-26,仁化县2016年度国有建设用地供应计划,55.35公顷,2016年,11.02,8.23,,0,0,0,0,0,0,,,20.24,0,0,0,0|0,0,11.2,15.86,70.618%,2020-04-15 14:09:47,http://jcjg.nr.gd.gov.cn:8088/GisqReport7.0/ReportServer?_=1586930897876&__boxModel__=true&op=page_content&sessionID=74043&pn=1,807aa0b80ea4e5ca8e648aff9b6d7086
徐闻县,徐闻县2016年度国有建设用地供应计划,2016-05-26,徐闻县2016年度国有建设用地供应计划,87.7078公顷,2016年,15.2083,7.2344,,0,0,0,0,0,0,,,3.4651,0,0,0,.6667|0,0,43.3836,61.1333,71.279%,2020-04-15 14:09:58,http://jcjg.nr.gd.gov.cn:8088/GisqReport7.0/ReportServer?_=1586930893474&__boxModel__=true&op=page_content&sessionID=73611&pn=1,29dd0ad8df469fee83bc2c986f97b5b2
高要市,高要市2017年度国有建设用地供应计划,2017-06-23,高要市2017年度国有建设用地供应计划,80.9056公顷,2017年,28.6142,0,,0,0,0,0,0,0,,,0,11.7254,0,0,0|0,0,0,40.566,0%,2020-04-15 14:10:01,http://jcjg.nr.gd.gov.cn:8088/GisqReport7.0/ReportServer?_=1586930896923&__boxModel__=true&op=page_content&sessionID=84298&pn=1,086aeb8a9d1b29d4c97917488420bd27
封开县,封开县2017年度国有建设用地供应计划,2017-06-23,封开县2017年度国有建设用地供应计划,1077.8649公顷,2017年,319.0407,11.0523,,0,0,8.1263,0,0,8.1263,,,12.5719,714.7956,0,.6315,0|0,0,10.48194,11.6466,94.11%,2020-04-15 14:10:08,http://jcjg.nr.gd.gov.cn:8088/GisqReport7.0/ReportServer?_=1586930898275&__boxModel__=true&op=page_content&sessionID=30320&pn=1,69a58bd0235e81badd3d0d2b0066b1ae
怀集县,怀集县2017年度国有建设用地供应计划,2017-06-23,怀集县2017年度国有建设用地供应计划,95.7187公顷,2017年,34.6667,19.7546,,0,0,0,0,0,0,,,4.3467,0,0,0,0|0,0,36.9507,36.9507,100%,2020-04-15 14:10:08,http://jcjg.nr.gd.gov.cn:8088/GisqReport7.0/ReportServer?_=1586930914738&__boxModel__=true&op=page_content&sessionID=77766&pn=1,78142bca0d5f840f1eb09234d10cce7e
新兴县,新兴县2017年度国有建设用地供应计划,2017-06-23,新兴县2017年度国有建设用地供应计划,159公顷,2017年,50,10,,0,0,0,0,0,0,,,20,50,2,2,0|0,0,18,25,72%,2020-04-15 14:10:09,http://jcjg.nr.gd.gov.cn:8088/GisqReport7.0/ReportServer?_=1586930916312&__boxModel__=true&op=page_content&sessionID=2259&pn=1,54229a321048a7c44adcddbc9f7fb493
新兴县,新兴县2017年度国有建设用地供应计划,2017-06-23,新兴县2017年度国有建设用地供应计划,159公顷,2017年,50,10,,0,0,0,0,0,0,,,20,50,2,2,0|0,0,18,25,72%,2020-04-15 14:10:09,http://jcjg.nr.gd.gov.cn:8088/GisqReport7.0/ReportServer?_=1586930916312&__boxModel__=true&op=page_content&sessionID=2259&pn=1,54229a321048a7c44adcddbc9f7fb493
中山市本级,中山市本级2016年度国有建设用地供应计划,2016-05-26,中山市本级2016年度国有建设用地供应计划,926.51公顷,2016年,479.5735,85.7675,,0,0,0,0,0,0,,,148.6465,25.2847,3.0901,2.5,0|.6684,0,0,180.9793,.368%,2020-04-15 14:10:09,http://jcjg.nr.gd.gov.cn:8088/GisqReport7.0/ReportServer?_=1586930971682&__boxModel__=true&op=page_content&sessionID=94830&pn=1,1ed55a67014583c9add3541c030d5bd3
南澳县,南澳县2016年度国有建设用地供应计划,2016-05-26,南澳县2016年度国有建设用地供应计划,54.0391公顷,2016年,.67,2.8623,,0,.4,0,0,0,0,,,35.7566,5.3415,0,2,0|0,0,7.0087,7.0087,100%,2020-04-15 14:10:13,http://jcjg.nr.gd.gov.cn:8088/GisqReport7.0/ReportServer?_=1586930977469&__boxModel__=true&op=page_content&sessionID=62746&pn=1,a5d5c79c90484ad3ff8d6899a7ff984f
清远市本级,清远市区2016年度国有建设用地供应计划,2016-05-26,清远市区2016年度国有建设用地供应计划,920公顷,2016年,200,20,,0,0,0,0,0,0,,,500,140,10,0,0|0,0,35,50,70%,2020-04-15 14:10:13,http://jcjg.nr.gd.gov.cn:8088/GisqReport7.0/ReportServer?_=1586930979157&__boxModel__=true&op=page_content&sessionID=9631&pn=1,ccac10a9e5745d6368ca9baa74afc546
阳东县,阳东县2016年度国有建设用地供应计划,2016-05-26,阳东县2016年度国有建设用地供应计划,452.85公顷,2016年,165.3,31.2,,0,0,0,0,0,0,,,13.8,166,0,5,0|0,0,50.55,71.55,70.65%,2020-04-15 14:10:15,http://jcjg.nr.gd.gov.cn:8088/GisqReport7.0/ReportServer?_=1586930975636&__boxModel__=true&op=page_content&sessionID=98532&pn=1,afd17ff02d719ad1ad0314007fb114c8
德庆县,德庆县2016年度国有建设用地供应计划,2016-05-26,德庆县2016年度国有建设用地供应计划,450.7456公顷,2016年,67.3458,6.1733,,0,0,0,0,0,0,,,24.6665,297,0,0,0|0,0,38.892,55.56,70%,2020-04-15 14:10:16,http://jcjg.nr.gd.gov.cn:8088/GisqReport7.0/ReportServer?_=1586930996673&__boxModel__=true&op=page_content&sessionID=88965&pn=1,f7b30903e6044e4fc4e8df7666b62587
揭东县,揭东县2016年度国有建设用地供应计划,2016-05-26,揭东县2016年度国有建设用地供应计划,329.17公顷,2016年,160,29.67,,0,0,0,0,0,0,,,22.87,91,0,4.68,0|.95,0,14,20,71.36%,2020-04-15 14:10:18,http://jcjg.nr.gd.gov.cn:8088/GisqReport7.0/ReportServer?_=1586931008863&__boxModel__=true&op=page_content&sessionID=13804&pn=1,1d7b9708e4f85115e496bbb6ba125daf
惠来县,惠来县2016年度国有建设用地供应计划,2016-05-26,惠来县2016年度国有建设用地供应计划,312.5公顷,2016年,78,20,,4.5,0,0,0,0,0,,,25,100,0,15,0|0,0,50,70,73.154%,2020-04-15 14:10:19,http://jcjg.nr.gd.gov.cn:8088/GisqReport7.0/ReportServer?_=1586931009383&__boxModel__=true&op=page_content&sessionID=68200&pn=1,dfe03ba545c6e35f1d267c4b766d096e
连南瑶族自治县,连南瑶族自治县2016年度国有建设用地供应计划,2016-05-26,连南瑶族自治县2016年度国有建设用地供应计划,59.4559公顷,2016年,12.6667,.2867,,0,0,0,0,0,0,,,10.436,30.3925,0,0,0|0,0,5.674,5.674,100%,2020-04-15 14:10:20,http://jcjg.nr.gd.gov.cn:8088/GisqReport7.0/ReportServer?_=1586931008861&__boxModel__=true&op=page_content&sessionID=1114&pn=1,743457ffcc8e5bd3126df01875eecb38
普宁市,普宁市2016年度国有建设用地供应计划,2016-05-26,普宁市2016年度国有建设用地供应计划,211.9133公顷,2016年,79.6767,22.3673,,0,0,0,0,0,0,,,22.8449,32.5818,0,0,.5694|0,0,53.8732,53.8732,100%,2020-04-15 14:10:21,http://jcjg.nr.gd.gov.cn:8088/GisqReport7.0/ReportServer?_=1586931010296&__boxModel__=true&op=page_content&sessionID=67136&pn=1,d2ec42ab2872e681e1870a994bd9de1f
鹤山市,鹤山市2016年度国有建设用地供应计划,2016-05-26,鹤山市2016年度国有建设用地供应计划,156.4683公顷,2016年,104.9448,28.9807,,.3256,0,0,0,0,0,,,.9527,0,0,0,0|0,0,21.2645,21.2645,100%,2020-04-15 14:10:22,http://jcjg.nr.gd.gov.cn:8088/GisqReport7.0/ReportServer?_=1586931010730&__boxModel__=true&op=page_content&sessionID=115&pn=1,bd4e199949cf63d5b2cf889b97437458
揭西县,揭西县2016年度国有建设用地供应计划,2016-05-26,揭西县2016年度国有建设用地供应计划,85.81165公顷,2016年,38.98625,6.1554,,0,0,0,0,0,0,,,9.5063,0,0,0,0|0,0,22.8259,31.1637,73.245%,2020-04-15 14:10:28,http://jcjg.nr.gd.gov.cn:8088/GisqReport7.0/ReportServer?_=1586931015977&__boxModel__=true&op=page_content&sessionID=14328&pn=1,abf94878ffd25a8cfaeeb06f48b38ae7
阳春市,阳春市2016年度国有建设用地供应计划,2016-05-26,阳春市2016年度国有建设用地供应计划,658.0036公顷,2016年,451.1865,36.3334,,0,0,0,0,0,0,,,21.4085,0,0,0,0|0,0,115.72,149.0752,77.625%,2020-04-15 14:10:29,http://jcjg.nr.gd.gov.cn:8088/GisqReport7.0/ReportServer?_=1586931015834&__boxModel__=true&op=page_content&sessionID=26886&pn=1,cdcf1206290ce21d0933dbb1eebf2a6d