文件标题,来源,更新时间,公告时间,公告媒体,公告号,出让方式,成交时间,成交地点,地块编号,地块位置,土地用途,挂牌起始价,竞得单位,成交金额,爬取地址url,唯一标识,
2018-（柳）16号国有建设用地使用权挂牌出让结果公示（拉公共柳梧国土挂z2019{2号）,,文章来自：拉萨市公共资源交易中心,|2019年8月12日,|拉萨市公共资源交易信息网,|拉公共柳梧国土挂z2019{2号）,|挂牌,|2019年9月18日,|拉萨市公共资源交易中心,|2018-（柳）16号,|柳梧新区北组团北京大道以东、经四路以北,|商住混合用地,,,|11807650元,2020-05-06 14:48:24,http://ggzy.lasa.gov.cn/Article/ArticleDetail?id=56411,221c6a70031fbb3eb178226dd75dfd32,
JKQ2019-5号国有建设用地使用权挂牌出让结果公示(拉公共经开挂〔2019〕1号),,文章来自：拉萨市公共资源交易中心,|2019年4月2日,|拉萨市公共资源交易信息网,| 拉公共经开挂 〔2019〕1号,| 挂牌,| 2019年5月15日,|拉萨市公共资源交易中心,| JKQ2019-5,|拉萨综合保税区纬一路以北、通勤路以南地块内,|物流仓储,|1529.4086,|西藏顶立建设工程有限公司,|1530,2020-05-06 14:48:24,http://ggzy.lasa.gov.cn/Article/ArticleDetail?id=55211,82ee991ca5450819083d839138b2d2a0,
JKQ2019-6号国有建设用地使用权挂牌出让结果公示(拉公共经开挂〔2019〕2号),,文章来自：拉萨市公共资源交易中心,|2019年7月19日,|拉萨市公共资源交易信息网,|拉公共经开挂〔2019〕2号,|挂牌,|2019年8月28日,|拉萨市公共资源交易中心,|JKQ2019-6,|拉萨经济技术开发区B区柳东路以东、B区北环路以北地块内,|一类工业,|1104.9911万元,|西藏德誉实业有限公司,|1108,2020-05-06 14:48:25,http://ggzy.lasa.gov.cn/Article/ArticleDetail?id=56077,aba21068fa2365329e310827e46b95c3,
JKQ2019-7号国有建设用地使用权挂牌出让结果公示(拉公共经开挂〔2019〕2号),,文章来自：拉萨市公共资源交易中心,|2019年7月19日,|拉萨市公共资源交易信息网,|拉公共经开挂〔2019〕2号,|挂牌,|2019年8月28日,|拉萨市公共资源交易中心,|JKQ2019-7,|拉萨经济技术开发区B区拉青西一路以东、B区南环路以北地块内,|二类工业,|906.9859万元,|西藏亿百佳电力集团有限公司,|907,2020-05-06 14:48:26,http://ggzy.lasa.gov.cn/Article/ArticleDetail?id=56078,b590f05bfecd925383cb7b50b74ce646,
JKQ2019-8号国有建设用地使用权挂牌出让结果公示(拉公共经开挂〔2019〕2号),,文章来自：拉萨市公共资源交易中心,|2019年7月19日,|拉萨市公共资源交易信息网,|拉公共经开挂〔2019〕2号,|挂牌,|2019年8月28日,|拉萨市公共资源交易中心,|JKQ2019-8,|拉萨经济技术开发区B区拉青西一路以东、园区南路以北、B区南环路以南地块内,|二类工业,|2035.4777万元,|未按规定时间报名流拍,|,2020-05-06 14:48:26,http://ggzy.lasa.gov.cn/Article/ArticleDetail?id=56079,987237edeadd0d85e3050a8e6c835e84,
JKQ2019-9号国有建设用地使用权挂牌出让结果公示(拉公共经开挂〔2019〕2号),,文章来自：拉萨市公共资源交易中心,|2019年7月19日,|拉萨市公共资源交易信息网,|拉公共经开挂〔2019〕2号,|挂牌,|2019年8月28日,|拉萨市公共资源交易中心,|JKQ2019-9,|拉萨经济技术开发区B区拉青路以西、园区南路以北、B区南环路以南地块内,|二类工业,|2036.7974万元,|西藏藏建科技股份有限公司,|2037,2020-05-06 14:48:27,http://ggzy.lasa.gov.cn/Article/ArticleDetail?id=56080,32a7b96d2ba5573bbc484c064b2e2740,
JKQ2019-8号国有建设用地使用权挂牌出让结果公示(拉公共经开挂〔2019〕3号),,文章来自：拉萨市公共资源交易中心,|2019年9月20日,|拉萨市公共资源交易信息网,|拉公共经开挂〔2019〕3号,|挂牌,|2019年10月30日,|拉萨市公共资源交易中心,|JKQ2019-8,|拉萨经济技术开发区B区拉青西一路以东、园区南路以北、南环路以南。,|二类工业,|2035.4777,|西藏涛扬新型建材科技有限公司,|2036,2020-05-06 14:48:27,http://ggzy.lasa.gov.cn/Article/ArticleDetail?id=56274,2d55388625c3f29d0213cf288022f388,
LSZR2019―4号国有建设用地使用权挂牌出让结果公示(拉公共国土挂〔2019〕4号),,文章来自：拉萨市公共资源交易中心,|2019年9月27日,|拉萨市公共资源交易信息网,|拉公共国土挂〔2019〕4号,|挂牌,|2019年11月5日,|拉萨市自然资源局,|LSZR2019-4,|宗地一：城关区北绕城路以北、曲米路以西；宗地二：城关区北绕城路以南、曲米路以东。,|居住用地,|138074600,|拉萨城发房地产开发有限公司,|149074600,2020-05-06 14:48:28,http://ggzy.lasa.gov.cn/Article/ArticleDetail?id=56358,9e2ea7c679f3cc96a458767ff7f9c783,
LSZR2019―5号国有建设用地使用权挂牌出让结果公示(拉公共国土挂〔2019〕4号),,文章来自：拉萨市公共资源交易中心,|2019年9月27日,|拉萨市公共资源交易信息网,|拉公共国土挂〔2019〕4号,|挂牌,|2019年11月5日,|拉萨市自然资源局,|LSZR2019-5,|城关区纳金路以北、东四路两侧。,|居住用地,|205695990,|拉萨城发房地产开发有限公司,|215695990,2020-05-06 14:48:29,http://ggzy.lasa.gov.cn/Article/ArticleDetail?id=56359,7daf5e6f50b4f4c8f04f6aea9a821bdd,
LSZR2019―6号国有建设用地使用权挂牌出让结果公示(拉公共国土挂〔2019〕5号),,文章来自：拉萨市公共资源交易中心,|2019年10月8日,|拉萨市公共资源交易信息网,|拉公共国土挂〔2019〕5号,|挂牌,|2019年11月6日,|拉萨市自然资源局,|LSZR2019-6,|拉萨市滨河路以南五号闸以西。,|商业用地,|189140586,|拉萨市城市房地产开发有限公司,|189140586,2020-05-06 14:48:29,http://ggzy.lasa.gov.cn/Article/ArticleDetail?id=56360,d31609d857d0b793067ef21d38a0557f,
国有建设用地使用权挂牌出让结果公示(拉公共国土挂〔2019〕1号),,文章来自：拉萨市公共资源交易中心,|2019年4月3日,|拉萨市公共资源交易信息网,|拉公共国土挂〔2019〕1号,|挂牌,|2019年5月25日,|拉萨市自然资源局,|LSGT2018-39,|城关区金珠西路以南，当巴西路以西。,|居住用地,|33916800,|拉萨市城市房地产开发有限公司,|33916800,2020-05-06 14:48:31,http://ggzy.lasa.gov.cn/Article/ArticleDetail?id=55316,e785b490e7097b32c15780725e9a2752,
国有建设用地使用权挂牌出让结果公示(拉公共国土挂〔2019〕1号),,文章来自：拉萨市公共资源交易中心,|2019年4月3日,|拉萨市公共资源交易信息网,|拉公共国土挂〔2019〕1号,|挂牌,|2019年5月25日,|拉萨市自然资源局,|LSGT2018-40,|城关区金珠西路以南，滨河北路以北。,|居住用地,|12094120,|拉萨市城市房地产开发有限公司,|12094120,2020-05-06 14:48:31,http://ggzy.lasa.gov.cn/Article/ArticleDetail?id=55316,e785b490e7097b32c15780725e9a2752,
国有建设用地使用权挂牌出让结果公示(拉公共国土挂〔2019〕1号),,文章来自：拉萨市公共资源交易中心,|2019年4月3日,|拉萨市公共资源交易信息网,|拉公共国土挂〔2019〕1号,|挂牌,|2019年5月25日,|拉萨市自然资源局,|LSGT2018-41,|城关区金珠西路以南，当雄路以西。,|居住用地,|71160640,|拉萨市城市房地产开发有限公司,|71160640,2020-05-06 14:48:31,http://ggzy.lasa.gov.cn/Article/ArticleDetail?id=55316,e785b490e7097b32c15780725e9a2752,
国有建设用地使用权挂牌出让结果公示(拉公共国土挂〔2019〕1号),,文章来自：拉萨市公共资源交易中心,|2019年4月3日,|拉萨市公共资源交易信息网,|拉公共国土挂〔2019〕1号,|挂牌,|2019年5月25日,|拉萨市自然资源局,|LSGT2019-1,|城关区贡布堂路以南，江冲路以西。,|居住用地,|30401520,|昌都市投资有限公司,|37401520,2020-05-06 14:48:31,http://ggzy.lasa.gov.cn/Article/ArticleDetail?id=55316,e785b490e7097b32c15780725e9a2752,
（拉文创管挂〔2019〕1号）2018-5国有建设用地使用权挂牌出让结果公示,,文章来自：拉萨市公共资源交易中心,|2019年2月22日,|拉萨市公共资源交易信息网,|拉文创管挂〔2019〕1号,|挂牌,|2019年4月22日,|西藏文化旅游创意园区管委会,|2018-5|2018-5国有建设用地使用权挂牌出让结果公示| （拉文创管挂〔2019〕1号）,|云天路以南、林卡路以东，(CT04-116)||,|旅游休闲用地,,,|2582.06442万元,2020-05-06 14:48:31,http://ggzy.lasa.gov.cn/Article/ArticleDetail?id=55489,c752612874dee2cf042edb5636302250,
（拉文创管挂〔2019〕2号）2018-2国有建设用地使用权挂牌出让结果公示,,文章来自：拉萨市公共资源交易中心,|2019年3月15日,|拉萨市公共资源交易信息网,|拉文创管挂〔2019〕2号,|挂牌,|2019年5月14日,|西藏文化旅游创意园区管委会,|2018-2|2018-2国有建设用地使用权挂牌出让结果公示|（拉文创管挂〔2019〕2号）,|望圣路以东、宗赞路以西			CT07-32,|旅游商业用地,,,|3159.8300万元,2020-05-06 14:48:32,http://ggzy.lasa.gov.cn/Article/ArticleDetail?id=55490,8ea8db29d4add7d12cbfedbed1ac6df1,
（拉文创管挂〔2019〕3号）2019-1国有建设用地使用权挂牌出让结果公示,,文章来自：拉萨市公共资源交易中心,|2019年3月15日,|拉萨市公共资源交易信息网,|拉文创管挂〔2019〕3号,|挂牌,|2019年5月27日,|西藏文化旅游创意园区管委会,|2019-1|2019-1国有建设用地使用权挂牌出让结果公示|（拉文创管挂〔2019〕3号）,|宝瓶路以西、文成大道以东、云天路以南CT04-34,|商业设施用地,,,|1036.95万元,2020-05-06 14:48:33,http://ggzy.lasa.gov.cn/Article/ArticleDetail?id=55491,ab54ea672ac74b71a375b12612ff0235,
（拉文创管挂〔2019〕4号）2018-13国有建设用地使用权挂牌出让结果公示,,文章来自：拉萨市公共资源交易中心,|2019年4月26日,|拉萨市公共资源交易信息网,|拉文创管挂〔2019〕4号,|挂牌,|2019年6月24日,|西藏文化旅游创意园区管委会,|2018-13|2018-13国有建设用地使用权挂牌出让结果公示|（拉文创管挂〔2019〕4号）,|静思路以南、慧谷大道以西CT05-04,|旅游商业用地,,,|2769.61万元,2020-05-06 14:48:33,http://ggzy.lasa.gov.cn/Article/ArticleDetail?id=55492,d647d02d69067fa6d3f3f757169da1b2,
拉公共国土挂〔2019〕2号LSGT2019―2号国有建设用地使用权 挂牌出让结果公示,,文章来自：拉萨市公共资源交易中心,|2019年7月5日,|拉萨市公共资源交易信息网,|拉公共国土挂〔2019〕2号,|挂牌,|2019年7月4日,|拉萨市公共资源交易中心,|LSGT2019-2号,|城关区西三路以西、加荣路以南,|居住,|31577364,|拉萨鑫凤城房地产开发有限公司,|70000000元（大写：柒仟万元整）,2020-05-06 14:48:34,http://ggzy.lasa.gov.cn/Article/ArticleDetail?id=55581,372d5bf4781b1172def43ff486bcada0,
JKQ2019-10号国有建设用地使用权挂牌出让结果公示(拉经开拍字〔2019〕1号) ,,文章来自：拉萨市公共资源交易中心,|2019年7月19日,|拉萨市公共资源交易信息网,|拉经开拍字〔2019〕1号,|拍卖,|2019年8月21日,|拉萨市公共资源交易中心,|JKQ2019-10,|拉萨经济技术开发区B区拉青路以西、B区北环路以北地块内,|二类居住,|10152.4343万元,|西藏佳禾房地产开发有限公司,|16100,2020-05-06 14:48:35,http://ggzy.lasa.gov.cn/Article/ArticleDetail?id=55932,8e366630dcb09b6b21cd12c6a79f9398,
JKQ2019-11号国有建设用地使用权挂牌出让结果公示(拉经开拍字〔2019〕1号),,文章来自：拉萨市公共资源交易中心,|2019年7月19日,|拉萨市公共资源交易信息网,|拉经开拍字〔2019〕1号,|拍卖,|2019年8月21日,|拉萨市公共资源交易中心,|JKQ2019-11,|拉萨经济技术开发区B区拉青西二路以东、波玛路以南地块内,|金融保险,|7563.1735万元,|无企业/个人报名流拍,|,2020-05-06 14:48:36,http://ggzy.lasa.gov.cn/Article/ArticleDetail?id=55933,f8ff6344c82c959406c2ce5755f0d83c,
2018-（柳）2号国有建设用地使用权挂牌出让结果公示（拉公共柳梧国土挂z2019{3号）,,文章来自：拉萨市公共资源交易中心,|2018年4月8日,|拉萨市公共资源交易信息网,|拉公共柳梧国土挂z2019{3号）,|挂牌,|　,|　,|2019-（柳）4号,|滨河大街以北、南环路以南,|公园配套商业用地,,,,2020-05-06 14:48:36,http://ggzy.lasa.gov.cn/Article/ArticleDetail?id=56412,8fb09b09078badbbfed4fa12c5e36f22,
    2018-10国有建设用地使用权挂牌出让结果公示  ,,文章来自：拉萨市公共资源交易中心,|2019年8月22日,|拉萨市公共资源交易信息网,|拉文创管挂〔2019〕5号,|挂牌,|2019年10月28日,|西藏文化旅游创意园区管委会,|2018-10|2018-10国有建设用地使用权挂牌出让结果公示|（拉文创管挂〔2019〕5 号）,|文成大道以东、宝瓶路以西CT04-36,|旅游设施用地,,,|1859.93万元,2020-05-06 14:48:38,http://ggzy.lasa.gov.cn/Article/ArticleDetail?id=57735,474e140a49be6df731fef3c9c0d6776d,
国有建设用地使用权挂牌出让结果公示(拉公共经开挂〔2019〕4号),,文章来自：拉萨市公共资源交易中心,|2020年1月15日,|拉萨市公共资源交易信息网,|拉公共经开挂〔2019〕4号,| 挂牌,| 2020年3月5日,|拉萨市公共资源交易中心,| JKQ2019-12,|拉萨经济技术开发区A林琼岗支路以南、拉萨河河堤以西,|一类工业,|1597.1573,|西藏城发莲华之宝文化发展有限公司,|1598.7533,2020-05-06 14:48:39,http://ggzy.lasa.gov.cn/Article/ArticleDetail?id=57817,fcba8033d44475c3a2db58c4a7262262,
国有建设用地使用权挂牌出让结果公示(拉公共经开挂〔2019〕4号),,文章来自：拉萨市公共资源交易中心,|2020年1月15日,|拉萨市公共资源交易信息网,| 拉公共经开挂〔2019〕4号,|挂牌,| 2020年3月15日,|拉萨市公共资源交易中心,| JKQ2019-13,|拉萨经济技术开发区B区拉青西路以西、乃岗路以北,|二类工业,|499.8404,|西藏致青实业有限责任公司,|500,2020-05-06 14:48:39,http://ggzy.lasa.gov.cn/Article/ArticleDetail?id=57817,fcba8033d44475c3a2db58c4a7262262,
拉公共自然资源〔2020〕1号LSZR2020-1号国有建设用地使用权挂牌出让结果公示,,文章来自：拉萨市公共资源交易中心,|2019年4月14日,|拉萨市公共资源交易信息网,|拉公共自然资源〔2020〕1号,|挂牌,|2020年4月11日,|拉萨市公共资源交易中心,|LSZR2020-1号,|城关区加荣路以北，西三路以西,|居住,|128630670,|拉萨碧桂园房地产开发有限公司,|220640000元（大写：贰亿贰仟零陆拾肆万元整）,2020-05-06 14:48:40,http://ggzy.lasa.gov.cn/Article/ArticleDetail?id=58960,0b035ea5a1ea081ca52242c32112cf6c,
拉公共自然资源〔2020〕1号LSZR2020-2号国有建设用地使用权挂牌出让结果公示,,文章来自：拉萨市公共资源交易中心,|2019年4月14日,|拉萨市公共资源交易信息网,|拉公共自然资源〔2020〕1号,|挂牌,|2020年4月11日,|拉萨市公共资源交易中心,|LSZR2020-2号,|城关区纳金路以南，纳金大桥以东,|居住,|197704870,|拉萨碧桂园房地产开发有限公司,|461710000元（大写：肆亿陆仟壹佰柒拾壹万元整）,2020-05-06 14:48:40,http://ggzy.lasa.gov.cn/Article/ArticleDetail?id=58961,3a910cbd419457ef9a954bc58a10232c,
拉公共自然资源挂〔2020〕4号LSZR2020-3号、4号国有建设用地使用权整体挂牌出让结果公示,,文章来自：拉萨市公共资源交易中心,|2019年4月29日,|拉萨市公共资源交易信息网,|拉公共自然资源〔2020〕4号,|挂牌,|2020年4月27日,|拉萨市公共资源交易中心,|LSZR2020-3号|LSZR2020-4号,|城关区教育城百淀东路以东，集贤路以南|城关区教育城书山路以南，百淀东路以东,|居住|商住混合(居住70%，商业30%),|555553134|71954878,|拉萨市城市房地产开发有限公司,|682510000（陆亿捌仟贰佰伍拾壹万元整）,2020-05-06 14:48:41,http://ggzy.lasa.gov.cn/Article/ArticleDetail?id=59039,1f885c87f51c49a0ae293a17115c91bf,
拉公共自然资源挂〔2020〕3号LSZR2019-5、6、7号国有建设用地使用权整体挂牌出让结果公示,,文章来自：拉萨市公共资源交易中心,|2019年4月29日,|拉萨市公共资源交易信息网,|拉公共自然资源〔2020〕3号,|挂牌,|2020年4月27日,|拉萨市公共资源交易中心,|LSZR2019-5号|LSZR2019-6号|LSZR2019-7号,|堆龙德庆区滨河路以北，柳东路以东|堆龙德庆区拉青路与滨河路交叉处|堆龙德庆区滨河路以北，乃加三路以西,|居住|商业|商业,|562284248|95649967|55234368,|拉萨市城市房地产开发有限公司,|713168583（柒亿壹仟叁佰壹拾陆万捌仟伍佰捌拾叁元整）,2020-05-06 14:48:42,http://ggzy.lasa.gov.cn/Article/ArticleDetail?id=59040,32cd09fdbf11c743d661fcebaa93a342,
JKQ2018-16号国有建设用地使用权挂牌出让结果公示(拉经开拍字〔2018〕5号),,文章来自：拉萨市公共资源交易中心,|2018年10月31日,|拉萨市公共资源交易信息网,| 拉经开拍字〔2018〕5号,| 拍卖,|2018年11月30日,|拉萨市公共资源交易中心,| JKQ2018-16,|拉萨经济技术开发区B区乃岗路以南、柳东路以东地块内,|居住,,|西藏中安房地产开发有限公司,|9700,2020-05-06 14:48:44,http://ggzy.lasa.gov.cn/Article/ArticleDetail?id=53682,50ed8a4194f66508842bbaa44c7a2c0f,
LSGT2017―19号国有建设用地使用权挂牌出让结果公示(拉公共国土挂〔2017〕5号),,文章来自：拉萨市公共资源交易中心,|2017年11月6日,|拉萨市公共资源交易信息网,|拉公共国土挂〔2017〕5号,|挂牌,|2017年12月5日,|拉萨市公共资源交易中心,|LSGT2017-19号,|城关区罗布林卡北路以北，民族路以西，北京西路以南,|二类居住用地,|63291150元,|拉萨市城关区加措社区居民委员会,|63291150元,2020-05-06 14:48:44,http://ggzy.lasa.gov.cn/Article/ArticleDetail?id=46748,0181455e02dc1ace819dabfc995b23a9,
JKQ2017-1号国有建设用地使用权挂牌出让结果公示(拉公共经开挂〔2017〕1号),,文章来自：拉萨市公共资源交易中心,|2017年3月14日,|拉萨市公共资源交易信息网,| 拉公共经开挂 〔2017〕1号,| 挂牌,| 2017年4月24日,|拉萨市公共资源交易中心,| JKQ2017-1,|拉萨经济技术开发区A区林琼岗路以西、广州路以北地块内,| 工业,|927.59,|西藏鱼跃医疗投资有限责任公司,|928,2020-05-06 14:48:45,http://ggzy.lasa.gov.cn/Article/ArticleDetail?id=42625,9e6976f557f71afb189f961b7e7eb352,
JKQ2017-1号国有建设用地使用权挂牌出让结果公示(拉公共经开挂〔2017〕1号),,文章来自：拉萨市公共资源交易中心,|2017年3月14日,|拉萨市公共资源交易信息网,| 拉公共经开挂 〔2017〕1号,| 挂牌,| 2017年4月24日,|拉萨市公共资源交易中心,| JKQ2017-2,|拉萨经济技术开发区B区拉青西一路以西、B区南环路以北地块内,| 工业,|448.1909,|西藏华顺光热能源科技有限公司,| 448.3,2020-05-06 14:48:45,http://ggzy.lasa.gov.cn/Article/ArticleDetail?id=42625,9e6976f557f71afb189f961b7e7eb352,
JKQ2017-1号国有建设用地使用权挂牌出让结果公示(拉公共经开挂〔2017〕1号),,文章来自：拉萨市公共资源交易中心,|2017年3月14日,|拉萨市公共资源交易信息网,| 拉公共经开挂 〔2017〕1号,| 挂牌,| 2017年4月24日,|拉萨市公共资源交易中心,| JKQ2017-3,|拉萨经济技术开发区B区乃岗路以南、拉青西一路以西地块内,| 工业,|752.1,|西藏三鸣饲料有限责任公司,| 752.2,2020-05-06 14:48:45,http://ggzy.lasa.gov.cn/Article/ArticleDetail?id=42625,9e6976f557f71afb189f961b7e7eb352,
JKQ2017-1号国有建设用地使用权挂牌出让结果公示(拉公共经开挂〔2017〕1号),,文章来自：拉萨市公共资源交易中心,|2017年3月14日,|拉萨市公共资源交易信息网,| 拉公共经开挂 〔2017〕1号,| 挂牌,| 2017年4月24日,|拉萨市公共资源交易中心,| JKQ2017-4,|拉萨经济技术开发区B区柳东路以西、西环路以南地块内,|仓储物流,|2879.8071,|拉萨经济技术开发区投资发展有限公司,| 2879.81,2020-05-06 14:48:45,http://ggzy.lasa.gov.cn/Article/ArticleDetail?id=42625,9e6976f557f71afb189f961b7e7eb352,
JKQ2017-5号国有建设用地使用权挂牌出让结果公示(拉公共经开挂〔2017〕2号),,文章来自：拉萨市公共资源交易中心,|2017年5月16日,|拉萨市公共资源交易信息网,| 拉公共经开挂 〔2017〕2号,| 挂牌,| 2017年6月26日,|拉萨市公共资源交易中心,| JKQ2017-5,|拉萨经济技术开发区A区林琼岗路以北、拉贡公路以东地块内,| 商业(加油加气站用地),|776.2434,|昆仑能源西藏有限公司,|776.3,2020-05-06 14:48:45,http://ggzy.lasa.gov.cn/Article/ArticleDetail?id=43722,95e9e7a31042daec2b95cbf158c8a817,
国有建设用地使用权挂牌出让结果公示(拉公共国土挂〔2017〕2号),,文章来自：拉萨市公共资源交易中心,|2017年5月9日,|拉萨市公共资源交易信息网,|拉公共国土挂〔2017〕1号,|挂牌,|2017年6月19日,|拉萨市公共资源交易中心,|LSGT2017-7,|城关区东三路以东，学府路以北，会展路以西。,|商业用地,|48514522,|拉萨市城市房地产开发有限公司,|91514522,2020-05-06 14:48:46,http://ggzy.lasa.gov.cn/Article/ArticleDetail?id=43742,caffec885efb4210b8d00b3c0e195b65,
国有建设用地使用权挂牌出让结果公示(拉公共国土挂〔2017〕2号),,文章来自：拉萨市公共资源交易中心,|2017年5月9日,|拉萨市公共资源交易信息网,|拉公共国土挂〔2017〕1号,|挂牌,|2017年6月19日,|拉萨市公共资源交易中心,|LSGT2017-8,|城关区会展路以南，学府路以北，滨河路以西。,|居住用地,|94400434,|拉萨市城市房地产开发有限公司,|178900434,2020-05-06 14:48:46,http://ggzy.lasa.gov.cn/Article/ArticleDetail?id=43742,caffec885efb4210b8d00b3c0e195b65,
2016-（柳）11号国有建设用地使用权挂牌出让结果公示                          （拉公..,,文章来自：拉萨市公共资源交易中心,|2017年5月10日,|拉萨市公共资源交易信息网,|拉公共柳梧国土挂z2017{3号）,|挂牌,|2017年6月19日,|拉萨市公共资源交易中心,|2016-（柳）11号,|柳梧新区北组团察古大道以西，团结大街以南,|商住混合用地用地,,,|2533446元,2020-05-06 14:48:47,http://ggzy.lasa.gov.cn/Article/ArticleDetail?id=44643,3c0015eb9c9ce72a2e852f85fc63c8d7,
2017―10号国有建设用地使用权挂牌出让结果公示(拉公共国土挂〔2017〕2号),,文章来自：拉萨市公共资源交易中心,|2017年6月5日,|拉萨市公共资源交易信息网,|拉公共国土挂〔2017〕2号,|挂牌,|2017年7月14日,|拉萨市公共资源交易中心,|LSGT2017-10,|城关区东三路以东，学府路以南，区教育厅北侧。,|商住用地,|28500060,|拉萨京藏交流中心有限责任公司,|28500060,2020-05-06 14:48:48,http://ggzy.lasa.gov.cn/Article/ArticleDetail?id=44658,10105ed358ebc2a5cbc742c3bbbb9801,
(拉公共国土挂〔2017〕3号)国有建设用地使用权挂牌出让结果公示,,文章来自：拉萨市公共资源交易中心,|2017年7月4日,|拉萨市公共资源交易信息网,|《拉公共国土挂〔2017〕3号》《拉萨市国有建设用地使用权挂牌出让补充公告》,|挂牌,|2017年8月9日,|拉萨市国土资源局,|LSGT2017-1,|城关区藏热南路以东，滨河路以北，贡布堂路以南。,|商务用地,|8730159,|西藏德桑林商贸有限公司,|8730159,2020-05-06 14:48:49,http://ggzy.lasa.gov.cn/Article/ArticleDetail?id=44964,c1c2b54fa112ea98ca67a5240a097648,
(拉公共国土挂〔2017〕3号)国有建设用地使用权挂牌出让结果公示,,文章来自：拉萨市公共资源交易中心,|2017年7月4日,|拉萨市公共资源交易信息网,|拉公共国土挂〔2017〕3号,|挂牌,|2017年8月6日,|拉萨市国土资源局,|LSGT2017-2,|城关区藏热路以西，当热路以南。,|居住用地,|17236152,|西藏望天房地产开发有限公司,|17236152,2020-05-06 14:48:49,http://ggzy.lasa.gov.cn/Article/ArticleDetail?id=44964,c1c2b54fa112ea98ca67a5240a097648,
(拉公共国土挂〔2017〕3号)国有建设用地使用权挂牌出让结果公示,,文章来自：拉萨市公共资源交易中心,|2017年7月4日,|拉萨市公共资源交易信息网,|拉公共国土挂〔2017〕3号,|挂牌,|2017年8月6日,|拉萨市国土资源局,|LSGT2017-4,|教育城集贤路以南、丹墨路以东、书山路以北、百淀东路以西。,|居住用地,|42298388,|林芝市城市投资有限责任公司,|42298388,2020-05-06 14:48:49,http://ggzy.lasa.gov.cn/Article/ArticleDetail?id=44964,c1c2b54fa112ea98ca67a5240a097648,
(拉公共国土挂〔2017〕3号)国有建设用地使用权挂牌出让结果公示,,文章来自：拉萨市公共资源交易中心,|2017年7月4日,|拉萨市公共资源交易信息网,|拉公共国土挂〔2017〕3号,|挂牌,|2017年8月6日,|拉萨市国土资源局,|LSGT2017-6,|城关区纳金路以南，西三路以西。,|二类居住用地,|9094800,|西藏悟孜商贸有限公司,|9094800,2020-05-06 14:48:49,http://ggzy.lasa.gov.cn/Article/ArticleDetail?id=44964,c1c2b54fa112ea98ca67a5240a097648,
国有建设用地使用权挂牌出让结果公示(拉公共经开挂〔2017〕5号),,文章来自：拉萨市公共资源交易中心,|2017年8月14日,|拉萨市公共资源交易信息网,| 拉公共经开挂 〔2017〕5号,| 挂牌,| 2017年9月25日,|拉萨市公共资源交易中心,| JKQ2017-8,|拉萨经济技术开发区B区园区南路以北、拉青路以西、B区南环路以南地块内,| 工业,|3916.99,|拉萨经济技术开发区投资发展有限公司,|3917,2020-05-06 14:48:49,http://ggzy.lasa.gov.cn/Article/ArticleDetail?id=46155,aa8b9598f6828a2decbf940cd2fec801,
国有建设用地使用权挂牌出让结果公示(拉公共经开挂〔2017〕5号),,文章来自：拉萨市公共资源交易中心,|2017年8月14日,|拉萨市公共资源交易信息网,| 拉公共经开挂 〔2017〕5号,| 挂牌,| 2017年9月25日,|拉萨市公共资源交易中心,| JKQ2017-9,|拉萨经济技术开发区B区柳东路以东、B区北环路以南地块内,| 工业,|747.4741,|西藏柒柒柒文化产业有限公司,|747.5777,2020-05-06 14:48:49,http://ggzy.lasa.gov.cn/Article/ArticleDetail?id=46155,aa8b9598f6828a2decbf940cd2fec801,
国有建设用地使用权挂牌出让结果公示(拉公共经开挂〔2017〕5号),,文章来自：拉萨市公共资源交易中心,|2017年8月14日,|拉萨市公共资源交易信息网,| 拉公共经开挂 〔2017〕5号,| 挂牌,| 2017年9月25日,|拉萨市公共资源交易中心,| JKQ2017-10,|拉萨经济技术开发区B区柳东路以东、乃岗路以北地块内,| 工业,|1152.0058,|西藏龙廷钢架材料安装有限公司,|1152.08,2020-05-06 14:48:49,http://ggzy.lasa.gov.cn/Article/ArticleDetail?id=46155,aa8b9598f6828a2decbf940cd2fec801,
国有建设用地使用权挂牌出让结果公示(拉公共经开挂〔2017〕5号),,文章来自：拉萨市公共资源交易中心,|2017年8月14日,|拉萨市公共资源交易信息网,| 拉公共经开挂 〔2017〕5号,| 挂牌,| 2017年9月25日,|拉萨市公共资源交易中心,| JKQ2017-11,|拉萨经济技术开发区B区北环路以南、拉青西二路以西地块内,| 商业,|787.3893,|西藏中保强盾保安服务有限公司,|788,2020-05-06 14:48:49,http://ggzy.lasa.gov.cn/Article/ArticleDetail?id=46155,aa8b9598f6828a2decbf940cd2fec801,
国有建设用地使用权挂牌出让结果公示(拉公共经开挂〔2017〕5号),,文章来自：拉萨市公共资源交易中心,|2017年8月14日,|拉萨市公共资源交易信息网,| 拉公共经开挂 〔2017〕5号,| 挂牌,| 2017年9月25日,|拉萨市公共资源交易中心,| JKQ2017-12,|拉萨经济技术开发区B区乃岗路以北、拉青西二路以西地块内,| 商业,|1690.5064,|西藏正信工程检测技术有限公司,|1690.57,2020-05-06 14:48:49,http://ggzy.lasa.gov.cn/Article/ArticleDetail?id=46155,aa8b9598f6828a2decbf940cd2fec801,
LSGT2017―15、16、17号国有建设用地使用权拍卖出让结果公示(拉公共国土拍〔2017〕1号),,文章来自：拉萨市公共资源交易中心,|2017年10月17日,|拉萨市公共资源交易信息网,|《拉公共国土拍〔2017〕1号》,|拍卖,|2017年11月14日,|拉萨市公共资源交易中心,|LSGT2017-15号,|城关区教育城书山路以南，百淀东路以西,|居住用地,,|江苏金领投资管理有限公司,|58200000,2020-05-06 14:48:50,http://ggzy.lasa.gov.cn/Article/ArticleDetail?id=46503,b012ce311b4ace98adce4e644d089156,
LSGT2017―15、16、17号国有建设用地使用权拍卖出让结果公示(拉公共国土拍〔2017〕1号),,文章来自：拉萨市公共资源交易中心,|2017年10月17日,|拉萨市公共资源交易信息网,|拉公共国土拍〔2017〕1号,|挂牌,|2017年11月14日,|拉萨市公共资源交易中心,|LSGT2017-16号,|城关区教育城书山路以南，丹墨路以东。,|居住用地,,|西藏世邦投资有限责任公司,|82000000,2020-05-06 14:48:50,http://ggzy.lasa.gov.cn/Article/ArticleDetail?id=46503,b012ce311b4ace98adce4e644d089156,
LSGT2017―15、16、17号国有建设用地使用权拍卖出让结果公示(拉公共国土拍〔2017〕1号),,文章来自：拉萨市公共资源交易中心,|2017年10月17日,|拉萨市公共资源交易信息网,|拉公共国土拍〔2017〕1号,|拍卖,|2017年11月14日,|拉萨市公共资源交易中心,|LSGT2017-17号,|教育城书山路以北，丹墨路以东。,|居住用地,,|拉萨市城市房地产开发有限公司,|167000000,2020-05-06 14:48:50,http://ggzy.lasa.gov.cn/Article/ArticleDetail?id=46503,b012ce311b4ace98adce4e644d089156,
国有建设用地使用权挂牌出让结果公示(拉公共国土挂〔2017〕6号),,文章来自：拉萨市公共资源交易中心,|2017年11月20日,|拉萨市公共资源交易信息网,|拉公共国土挂〔2017〕6号,|挂牌,|2017年12月19日,|拉萨市公共资源交易中心,|LSGT2017-22号,|城关区教育城书山路以北、丹圣路以西,|居住用地,|75001773元,|西藏山南江南房地产有限责任公司,|75001773元,2020-05-06 14:48:51,http://ggzy.lasa.gov.cn/Article/ArticleDetail?id=46846,f4af2cac6f59641058a13b51387eedcb,
国有建设用地使用权挂牌出让结果公示(拉公共国土挂〔2017〕6号),,文章来自：拉萨市公共资源交易中心,|2017年11月20日,|拉萨市公共资源交易信息网,|拉公共国土挂〔2017〕6号,|挂牌,|2017年12月21日,|拉萨市公共资源交易中心,|LSGT2017-23号,|城关区劳动路以北、东一支路以东、东三路以西,|居住用地,|55568592,|拉萨市城市房地产开发有限公司,|91568592,2020-05-06 14:48:51,http://ggzy.lasa.gov.cn/Article/ArticleDetail?id=46846,f4af2cac6f59641058a13b51387eedcb,
国有建设用地使用权挂牌出让结果公示(拉公共国土挂〔2017〕6号),,文章来自：拉萨市公共资源交易中心,|2017年11月20日,|拉萨市公共资源交易信息网,|拉公共国土挂〔2017〕6号,|挂牌,|2017年12月19日,|拉萨市公共资源交易中心,|LSGT2017-24号,|城关区纳金路以南、东二支路以东,|商业用地,|133779550,|拉萨市城市房地产开发有限公司,|133779550,2020-05-06 14:48:51,http://ggzy.lasa.gov.cn/Article/ArticleDetail?id=46846,f4af2cac6f59641058a13b51387eedcb,
国有建设用地使用权挂牌出让结果公示(拉公共国土挂〔2017〕6号),,文章来自：拉萨市公共资源交易中心,|2017年11月20日,|拉萨市公共资源交易信息网,|拉公共国土挂〔2017〕6号,|挂牌,|2017年12月19日,|拉萨市公共资源交易中心,|LSGT2017-25号,|城关区东二路以东、劳动路以南、江苏大道以北,|商业用地,|66159585,|拉萨市城市房地产开发有限公司,|66159585,2020-05-06 14:48:51,http://ggzy.lasa.gov.cn/Article/ArticleDetail?id=46846,f4af2cac6f59641058a13b51387eedcb,
（尼国土挂【2018】1号）尼木县国有建设用地使用权挂牌出让结果公示,,文章来自：拉萨市公共资源交易中心,|2018年5月3日,|拉萨市公共资源交易信息网,|尼国土挂【2018】1号,|挂牌,|2018年6月13日,|尼木县国土资源规划局,|2018-001,|尼木县吞巴乡吞达村,|仓储,|772.88,|拉萨尼弘元仓实业有限责任公司,|772.88,2020-05-06 14:48:52,http://ggzy.lasa.gov.cn/Article/ArticleDetail?id=50273,05e8cb6e48c35333801cdee9d18fe113,
(拉公共经开挂〔2018〕1号)国有建设用地使用权挂牌出让结果公示,,文章来自：拉萨市公共资源交易中心,|2018年5月11日,|拉萨市公共资源交易信息网,| 拉公共经开挂 〔2018〕1号,| 挂牌,| 2018年6月21日,|拉萨市公共资源交易中心,| JKQ2018-1,|拉萨经济技术开发区A区拉萨河堤以西、林琼岗支路以北地块内,| 工业,|1287.1329,|西藏阜康医药发展有限公司,|1287.2,2020-05-06 14:48:55,http://ggzy.lasa.gov.cn/Article/ArticleDetail?id=50358,8c045c61a74f3f7f85bd0ff5a8e41670,
(拉公共经开挂〔2018〕1号)国有建设用地使用权挂牌出让结果公示,,文章来自：拉萨市公共资源交易中心,|2018年5月11日,|拉萨市公共资源交易信息网,| 拉公共经开挂 〔2018〕1号,| 挂牌,| 2018年6月21日,|拉萨市公共资源交易中心,| JKQ2018-2,|拉萨经济技术开发区A区林琼岗路以东、林琼岗支路以南地块内,| 商业,|4843.7543,|西藏勤昆实业有限公司,|4846,2020-05-06 14:48:55,http://ggzy.lasa.gov.cn/Article/ArticleDetail?id=50358,8c045c61a74f3f7f85bd0ff5a8e41670,
(拉公共经开挂〔2018〕1号)国有建设用地使用权挂牌出让结果公示,,文章来自：拉萨市公共资源交易中心,|2018年5月11日,|拉萨市公共资源交易信息网,| 拉公共经开挂 〔2018〕1号,| 挂牌,| 2018年6月21日,|拉萨市公共资源交易中心,| JKQ2018-3,|拉萨市综合保税区纬一路以南地块内,| 工业,|1273.0616,|元龙股份有限公司,|1273.1,2020-05-06 14:48:55,http://ggzy.lasa.gov.cn/Article/ArticleDetail?id=50358,8c045c61a74f3f7f85bd0ff5a8e41670,
(拉公共经开挂〔2018〕1号)国有建设用地使用权挂牌出让结果公示,,文章来自：拉萨市公共资源交易中心,|2018年5月11日,|拉萨市公共资源交易信息网,| 拉公共经开挂 〔2018〕1号,| 挂牌,| 2018年6月21日,|拉萨市公共资源交易中心,| JKQ2018-4,|拉萨经济技术开发区B区西环路以东、北环路以南地块内,|物流仓储,|919.1401,|西藏山水物流有限公司,|919.6666,2020-05-06 14:48:55,http://ggzy.lasa.gov.cn/Article/ArticleDetail?id=50358,8c045c61a74f3f7f85bd0ff5a8e41670,
(拉公共经开挂〔2018〕1号)国有建设用地使用权挂牌出让结果公示,,文章来自：拉萨市公共资源交易中心,|2018年5月11日,|拉萨市公共资源交易信息网,| 拉公共经开挂 〔2018〕1号,| 挂牌,| 2018年6月21日,|拉萨市公共资源交易中心,| JKQ2018-5,|拉萨经济技术开发区B区柳东路以西、北环路以南地块内,|物流仓储,|3551.5843,|拉萨市丰泰产业园管理有限公司,|3552,2020-05-06 14:48:55,http://ggzy.lasa.gov.cn/Article/ArticleDetail?id=50358,8c045c61a74f3f7f85bd0ff5a8e41670,
(拉公共经开挂〔2018〕1号)国有建设用地使用权挂牌出让结果公示,,文章来自：拉萨市公共资源交易中心,|2018年5月11日,|拉萨市公共资源交易信息网,| 拉公共经开挂 〔2018〕1号,| 挂牌,| 2018年6月21日,|拉萨市公共资源交易中心,| JKQ2018-6,|拉萨经济技术开发区B区乃岗路以南、拉青路以西地块内,|工业,|513.2343,|西藏亿盛工贸有限公司,|513.3,2020-05-06 14:48:55,http://ggzy.lasa.gov.cn/Article/ArticleDetail?id=50358,8c045c61a74f3f7f85bd0ff5a8e41670,
(拉公共经开挂〔2018〕1号)国有建设用地使用权挂牌出让结果公示,,文章来自：拉萨市公共资源交易中心,|2018年5月11日,|拉萨市公共资源交易信息网,| 拉公共经开挂 〔2018〕1号,| 挂牌,| 2018年6月21日,|拉萨市公共资源交易中心,| JKQ2018-7,|拉萨市综合保税区纬一路以南、经一路以西地块内,|工业,|760.4211,|西藏华诚实业有限公司,|761,2020-05-06 14:48:55,http://ggzy.lasa.gov.cn/Article/ArticleDetail?id=50358,8c045c61a74f3f7f85bd0ff5a8e41670,
拉公共国土挂〔2018〕1号LSGT2018―6号	、LSGT2018―8号	、LSGT2018―9号	等共计7宗国有建..,,文章来自：拉萨市公共资源交易中心,|2018年6月15日,|拉萨市公共资源交易信息网,|拉公共国土挂〔2018〕1号,|挂牌,|2018年7月24日,|拉萨市公共资源交易中心,|LSGT2018-6号|LSGT2018-8号|LSGT2018-9号|LSGT2018-12号|LSGT2018-13号|LSGT2018-35|LSGT2018-36,|东嘎东路以南、拉青路以东|东嘎东路以南、拉青路以东|拉青路以东、滨河北路以北|滨河北路以北、乃加三路以西|滨河北路以北、乃加三路以东、新村路以南|城关区教育城学子大道以东、丹翔路以北|城关区教育城圣陶南路以东、百淀大道以南,|商业（兼容商务用地）|居住、商业|居住、商业|居住|居住|其他服务设施用地|其他服务设施用地,|30077460|68008080|42438500|57566766|120712800|6873550|8591000,|拉萨市城市房地产开发有限公司|拉萨市城市房地产开发有限公司|西藏胜道建设工程有限责任公司公司|西藏香雪投资有限公司|拉萨市城市房地产开发有限公司|拉萨市公共安全服务有限公司|拉萨市公共安全服务有限公司,|31577460|69508080|43938500|58066766|120712800|6873550|8591000,2020-05-06 14:48:55,http://ggzy.lasa.gov.cn/Article/ArticleDetail?id=51544,10d32b33c43fefc23de0806065a102c4,
JKQ2018-9号国有建设用地使用权挂牌出让结果公示(拉经开拍字〔2018〕1号) ,,文章来自：拉萨市公共资源交易中心,|2018年5月30日,|拉萨市公共资源交易信息网,|拉经开拍字〔2018〕1号,|拍卖,|2018年7月3日,|拉萨市公共资源交易中心,|JKQ2018-9,|拉萨经济技术开发区B区乃岗路以北、拉青东一路以东地块内,|商业,|2605,|流拍,|0,2020-05-06 14:48:55,http://ggzy.lasa.gov.cn/Article/ArticleDetail?id=51448,91ed0fd8f5ba67869dfe1f9d1b927041,
JKQ2018-9号国有建设用地使用权挂牌出让结果公示(拉经开拍字〔2018〕2号),,文章来自：拉萨市公共资源交易中心,|2018年7月20日,|拉萨市公共资源交易信息网,| 拉经开拍字 〔2018〕2号,| 拍卖,| 2018年8月28日,|拉萨市公共资源交易中心,| JKQ2018-9,|拉萨经济技术开发区B区乃岗路以北、拉青东一路以东地块内,|零售商业,|2605,|拉萨市城市房地产开发有限公司,|3355,2020-05-06 14:48:55,http://ggzy.lasa.gov.cn/Article/ArticleDetail?id=51840,78ca8feb65a8b5a5a5623a3576c5eafc,
JKQ2018-10、JKQ2018-11、JKQ2018-12、JKQ2018-15国有建设用地使用权挂牌出让结果公示(..,,文章来自：拉萨市公共资源交易中心,|2018年8月10日,|拉萨市公共资源交易信息网,| 拉公共经开挂 〔2018〕2号,| 挂牌,| 2018年9月20日,|拉萨市公共资源交易中心,| JKQ2018-10,|拉萨经济技术开发区B区拉青路以东、B区南环路以南地块内,|工业,|522.1988,|西藏央金生态农牧科技有限公司,|522.2,2020-05-06 14:48:56,http://ggzy.lasa.gov.cn/Article/ArticleDetail?id=51950,32a016d74987bf46537302eadf71b9aa,
JKQ2018-10、JKQ2018-11、JKQ2018-12、JKQ2018-15国有建设用地使用权挂牌出让结果公示(..,,文章来自：拉萨市公共资源交易中心,|2018年8月10日,|拉萨市公共资源交易信息网,| 拉公共经开挂 〔2018〕2号,| 挂牌,| 2018年9月20日,|拉萨市公共资源交易中心,| JKQ2018-11,|拉萨经济技术开发区B区园区南路以北、龙峰生物公司用地以西,|工业,|441.7863,|流拍(在公告规定时间内报名企业未报价),|0,2020-05-06 14:48:56,http://ggzy.lasa.gov.cn/Article/ArticleDetail?id=51950,32a016d74987bf46537302eadf71b9aa,
JKQ2018-10、JKQ2018-11、JKQ2018-12、JKQ2018-15国有建设用地使用权挂牌出让结果公示(..,,文章来自：拉萨市公共资源交易中心,|2018年8月10日,|拉萨市公共资源交易信息网,| 拉公共经开挂 〔2018〕2号,| 挂牌,| 2018年9月20日,|拉萨市公共资源交易中心,| JKQ2018-12,|拉萨经济技术开发区B区拉青路以西、南环路以北地块内,|工业,|515.3626,|西藏圣源工贸有限公司,|515.5,2020-05-06 14:48:56,http://ggzy.lasa.gov.cn/Article/ArticleDetail?id=51950,32a016d74987bf46537302eadf71b9aa,
JKQ2018-10、JKQ2018-11、JKQ2018-12、JKQ2018-15国有建设用地使用权挂牌出让结果公示(..,,文章来自：拉萨市公共资源交易中心,|2018年8月10日,|拉萨市公共资源交易信息网,| 拉公共经开挂 〔2018〕2号,| 挂牌,| 2018年9月20日,|拉萨市公共资源交易中心,| JKQ2018-15,|拉萨经济技术开发区A区维色路以西、广州路以南、塔杰路以北地块内,|工业,|1633.2827,|流拍(在公告规定时间内无企业报名),|0,2020-05-06 14:48:56,http://ggzy.lasa.gov.cn/Article/ArticleDetail?id=51950,32a016d74987bf46537302eadf71b9aa,
JKQ2018-13、JKQ2018-14号国有建设用地使用权拍卖出让结果公示(拉经开拍字〔2018〕3号),,文章来自：拉萨市公共资源交易中心,|2018年8月10日,|拉萨市公共资源交易信息网,| 拉经开拍字 〔2018〕3号,| 拍卖,| 2018年9月12日,|拉萨市公共资源交易中心,| JKQ2018-13,|拉萨经济技术开发区B区波玛路以南、柳东路以东地块内,|零售商业,|8785,|流拍(在公告规定时间内有且仅有一家企业报名),|0,2020-05-06 14:48:57,http://ggzy.lasa.gov.cn/Article/ArticleDetail?id=51951,bbc780186977bcdb44d3ff2279777307,
JKQ2018-13、JKQ2018-14号国有建设用地使用权拍卖出让结果公示(拉经开拍字〔2018〕3号),,文章来自：拉萨市公共资源交易中心,|2018年8月10日,|拉萨市公共资源交易信息网,| 拉经开拍字 〔2018〕3号,| 拍卖,| 2018年9月12日,|拉萨市公共资源交易中心,| JKQ2018-14,|拉萨经济技术开发区A区维色路以东、广州路以北地块内,|零售商业,|3026,|西藏明耀房地产开发有限公司,|3226,2020-05-06 14:48:57,http://ggzy.lasa.gov.cn/Article/ArticleDetail?id=51951,bbc780186977bcdb44d3ff2279777307,
JKQ2018-13号国有建设用地使用权挂牌出让结果公示(拉经开拍字〔2018〕4号),,文章来自：拉萨市公共资源交易中心,|2018年9月30日,|拉萨市公共资源交易信息网,| 拉经开拍字〔2018〕4号,| 拍卖,|2018年10月31日,|拉萨市公共资源交易中心,| JKQ2018-13,|拉萨经济技术开发区B区波玛路以南、柳东路以东地块内,|商业,|8785万元,|（在规定报名时间内无人报名）,|0,2020-05-06 14:48:57,http://ggzy.lasa.gov.cn/Article/ArticleDetail?id=52102,839bdb93d19ba79e98b96b92a8e538e0,
JKQ2018-13号国有建设用地使用权挂牌出让结果公示(拉经开拍字〔2018〕6号),,文章来自：拉萨市公共资源交易中心,|2018年10月31日,|拉萨市公共资源交易信息网,|拉经开拍字〔2018〕6号,| 拍卖,|2018年11月30日,|拉萨市公共资源交易中心,| JKQ2018-13,|拉萨经济技术开发区B区波玛路以南、柳东路以东地块内,|商业,|8785万元,|拉萨经济技术开发区投资发展有限公司,|8800,2020-05-06 14:48:58,http://ggzy.lasa.gov.cn/Article/ArticleDetail?id=53683,156e1b3b3106322d3e09ff683b908cdc,
 （拉公共柳梧国土挂z2018{2号）国有建设用地使用权挂牌出让结果公示,,文章来自：拉萨市公共资源交易中心,|2018年9月13日,|拉萨市公共资源交易信息网,|拉公共柳梧国土挂z2018{2号）,|挂牌,|2018年10月24日,|拉萨市公共资源交易中心,|2018-（柳）8号,|柳梧新区团结大街以南、察古大道以东,|零售商业用地,,,|17305128.83元,2020-05-06 14:48:58,http://ggzy.lasa.gov.cn/Article/ArticleDetail?id=53757,57d3690c48a92f7cba8ee03e7c83ba5b,
2018-8国有建设用地使用权挂牌出让结果公示,,文章来自：拉萨市公共资源交易中心,|2018年12月21日,|拉萨市公共资源交易信息网,|拉文创管挂〔2018〕10号,|挂牌,|2019年2月22日,|拉萨市公共资源交易中心,|2018-8|2018-8国有建设用地使用权挂牌出让结果公示| （拉文创管挂〔2018〕10号）,|灵居路以北、花园路以西CT05-14,|旅游文化设施用地,,,|11431万元,2020-05-06 14:49:00,http://ggzy.lasa.gov.cn/Article/ArticleDetail?id=54750,b6bfb4feb8f4f649107c72a5deb4c46d,
JKQ2019-1号国有建设用地使用权挂牌出让结果公示(拉公共经开挂〔2019〕1号),,文章来自：拉萨市公共资源交易中心,|2019年4月2日,|拉萨市公共资源交易信息网,| 拉公共经开挂 〔2019〕1号,| 挂牌,| 2019年5月15日,|拉萨市公共资源交易中心,| JKQ2019-1,|拉萨经济技术开发区B区拉青路以东、B区园区南路以北地块内,| 工业,|444.0346,|西藏真牛牦牛乳业有限公司,|444.5,2020-05-06 14:49:01,http://ggzy.lasa.gov.cn/Article/ArticleDetail?id=55207,7d1469069a0a650a3a5bfbb37abd3c55,
JKQ2019-3号国有建设用地使用权挂牌出让结果公示(拉公共经开挂〔2019〕1号),,文章来自：拉萨市公共资源交易中心,|2019年4月2日,|拉萨市公共资源交易信息网,| 拉公共经开挂 〔2019〕1号,| 挂牌,| 2019年5月15日,|拉萨市公共资源交易中心,| JKQ2019-3,|拉萨经济技术开发区B区南环路以北、拉青路以西地块内,|工业,|1069.5121,|流拍,|,2020-05-06 14:49:02,http://ggzy.lasa.gov.cn/Article/ArticleDetail?id=55209,6112dbe153bd19c6e7d0119b7019d775,
JKQ2019-4号国有建设用地使用权挂牌出让结果公示(拉公共经开挂〔2019〕1号),,文章来自：拉萨市公共资源交易中心,|2019年4月2日,|拉萨市公共资源交易信息网,| 拉公共经开挂 〔2019〕1号,| 挂牌,| 2019年5月15日,|拉萨市公共资源交易中心,| JKQ2019-4,|拉萨综合保税区纬一路以南、巡逻道以北地块内,|工业,|1546.8989,|西藏顶立建设工程有限公司,|1547,2020-05-06 14:49:02,http://ggzy.lasa.gov.cn/Article/ArticleDetail?id=55210,c834f0a0c3662a63847c820e35297247,
2015―16号国有建设用地使用权挂牌出让结果公示(拉公共国土挂〔2016〕14号),,文章来自：拉萨市公共资源交易中心,|2016年6月6日,|拉萨市公共资源交易信息网,|拉公共国土挂〔2016〕14号,|挂牌,|2016年7月14日,|拉萨市公共资源交易中心,|2015―16号,|城关区北绕城路以西，西二路以东，加荣路以北,|居住,|2570.3100,|西藏宏盛房地产开发有限公司,|2570.3100,2020-05-06 14:49:05,http://ggzy.lasa.gov.cn/Article/ArticleDetail?id=40959,517b5da9ecabdc3fab03d28bcbab2052,
2015―16号国有建设用地使用权挂牌出让结果公示(拉公共国土挂〔2016〕14号),,文章来自：拉萨市公共资源交易中心,|2016年6月6日,|拉萨市公共资源交易信息网,|拉公共国土挂〔2016〕14号,|挂牌,|2016年7月14日,|拉萨市公共资源交易中心,|2016―9号,|城关区扎基东路以南，夺底路以东,|居住,|1284.2004,|拉萨市城市建设投资经营有限公司,|1284.2004,2020-05-06 14:49:05,http://ggzy.lasa.gov.cn/Article/ArticleDetail?id=40959,517b5da9ecabdc3fab03d28bcbab2052,
2015―16号国有建设用地使用权挂牌出让结果公示(拉公共国土挂〔2016〕14号),,文章来自：拉萨市公共资源交易中心,|2016年6月6日,|拉萨市公共资源交易信息网,|拉公共国土挂〔2016〕14号,|挂牌,|2016年7月14日,|拉萨市公共资源交易中心,|2016―17号,|高新区柳创路以南，栖慧大道以东(G-02-49),|工业,|462.3960,|中国移动通信集团西藏有限公司,|462.3960,2020-05-06 14:49:05,http://ggzy.lasa.gov.cn/Article/ArticleDetail?id=40959,517b5da9ecabdc3fab03d28bcbab2052,
2015―16号国有建设用地使用权挂牌出让结果公示(拉公共国土挂〔2016〕14号),,文章来自：拉萨市公共资源交易中心,|2016年6月6日,|拉萨市公共资源交易信息网,|拉公共国土挂〔2016〕14号,|挂牌,|,|,|2016―18号,|高新区扎德路以南，栖慧大道以东(G-02-57),|工业,|443.3990,,,2020-05-06 14:49:05,http://ggzy.lasa.gov.cn/Article/ArticleDetail?id=40959,517b5da9ecabdc3fab03d28bcbab2052,
2015―16号国有建设用地使用权挂牌出让结果公示(拉公共国土挂〔2016〕14号),,文章来自：拉萨市公共资源交易中心,|2016年6月6日,|拉萨市公共资源交易信息网,|拉公共国土挂〔2016〕9号,|挂牌,|2016年7月14日,|拉萨市公共资源交易中心,|2016―19号,|高新区通慧路以西，栖琼路以北，藏创大道以东(G-03-03),|工业,|796.9280,|西藏宁算信息科技有限公司,|796.9280,2020-05-06 14:49:05,http://ggzy.lasa.gov.cn/Article/ArticleDetail?id=40959,517b5da9ecabdc3fab03d28bcbab2052,
2015―16号国有建设用地使用权挂牌出让结果公示(拉公共国土挂〔2016〕14号),,文章来自：拉萨市公共资源交易中心,|2016年6月6日,|拉萨市公共资源交易信息网,|拉公共国土挂〔2016〕14号,|挂牌,|2016年7月14日,|拉萨市公共资源交易中心,|2016―20号,|高新区栖慧大道以东，柳南大道以西，云慧路以北、南外环快速路以南(G-04-02),|工业,|1279.0580,|西藏宁算信息科技有限公司,|1279.0580,2020-05-06 14:49:05,http://ggzy.lasa.gov.cn/Article/ArticleDetail?id=40959,517b5da9ecabdc3fab03d28bcbab2052,
2015―16号国有建设用地使用权挂牌出让结果公示(拉公共国土挂〔2016〕14号),,文章来自：拉萨市公共资源交易中心,|2016年6月6日,|拉萨市公共资源交易信息网,|拉公共国土挂〔2016〕14号,|挂牌,|2016年7月14日,|拉萨市公共资源交易中心,|2016―21号,|城关区东三路以东，学府路以南，区教育厅北侧,|商住,|居住：5593.4400；商业：1398.3600；总起始价：6991.8000,|拉萨京藏交流中心有限责任公司,|居住：5593.4400；商业：1398.3600；总起始价：6991.8000,2020-05-06 14:49:05,http://ggzy.lasa.gov.cn/Article/ArticleDetail?id=40959,517b5da9ecabdc3fab03d28bcbab2052,
2014―11号国有建设用地使用权挂牌出让结果公示(拉公共国土挂〔2015〕1号),,文章来自：拉萨市公共资源交易中心,|2015年3月27日,|拉萨市公共资源交易信息网,|拉公共国土挂〔2015〕1号,|挂牌,|2015-5-15,|拉萨市公共资源交易中心,|2014-11,|慈松堂路以北，娘热路以西，曲米路以东,|居住,|788.057,,|788.057,2020-05-06 14:49:05,http://ggzy.lasa.gov.cn/Article/ArticleDetail?id=22099,51fde5459293bbcc01b71f0ac9e9b920,
国有建设用地使用权挂牌出让结果公示,,文章来自：拉萨市公共资源交易中心,|2016年3月17日,|拉萨市公共资源交易信息网,|拉公共国土挂〔2016〕1号,|挂牌,|2016年4月25日,|拉萨市公共资源交易中心,|2016―10号,|拉萨市经济技术开发区A区格桑路以东，塔杰路以北，维色路以西，广州路以南。,|工业,|2682.2336,|拉萨双嘉水产品开发有限公司,|2682.2336,2020-05-06 14:49:07,http://ggzy.lasa.gov.cn/Article/ArticleDetail?id=34459,ddeef22a47009e9057fec3bb851e8667,
国有建设用地使用权挂牌出让结果公示,,文章来自：拉萨市公共资源交易中心,|2016年3月17日,|拉萨市公共资源交易信息网,|拉公共国土挂〔2016〕2号,|挂牌,|2016年4月25日,|拉萨市公共资源交易中心,|2016―11号,|拉萨市经济技术开发区B区拉青东四路以南，B区北环以西，园区南路以北，乃岗路以东。,|工业,|3509.5088,|拉萨经济技术开发区投资发展有限公司,|3509.5088,2020-05-06 14:49:07,http://ggzy.lasa.gov.cn/Article/ArticleDetail?id=34459,ddeef22a47009e9057fec3bb851e8667,
国有建设用地使用权挂牌出让结果公示,,文章来自：拉萨市公共资源交易中心,|2016年3月17日,|拉萨市公共资源交易信息网,|拉公共国土挂〔2016〕3号,|挂牌,|2016年4月25日,|拉萨市公共资源交易中心,|2016―12号,|拉萨市经济技术开发区A区格桑路以南，西藏五彩金幡事业有限公司用地以北，开发区税务局用地以西，西藏金泰工贸有限公司用地以西北。,|商业,|1486.8000,|拉萨经济技术开发区投资发展有限公司,|1486.8000,2020-05-06 14:49:07,http://ggzy.lasa.gov.cn/Article/ArticleDetail?id=34459,ddeef22a47009e9057fec3bb851e8667,
国有建设用地使用权挂牌出让结果公示,,文章来自：拉萨市公共资源交易中心,|2016年3月17日,|拉萨市公共资源交易信息网,|拉公共国土挂〔2016〕4号,|挂牌,|2016年4月25日,|拉萨市公共资源交易中心,|2016―13号,|拉萨市经济技术开发区A区苏州路以北，扎西路以东，西藏经凯新能源有限公司用地以西，西藏圣华堂有限公司用地以南。,|商业,|1415.9646,|拉萨经济技术开发区投资发展有限公司,|1415.9646,2020-05-06 14:49:07,http://ggzy.lasa.gov.cn/Article/ArticleDetail?id=34459,ddeef22a47009e9057fec3bb851e8667,
国有建设用地使用权挂牌出让结果公示,,文章来自：拉萨市公共资源交易中心,|2016年3月17日,|拉萨市公共资源交易信息网,|拉公共国土挂〔2016〕5号,|挂牌,|2016年4月25日,|拉萨市公共资源交易中心,|2015―8号,|曲水县聂当乡（自治区危险废弃物处置中心东南侧）,|工业,|400.0020,|拉萨盛运环保电力有限公司,|400.0020,2020-05-06 14:49:07,http://ggzy.lasa.gov.cn/Article/ArticleDetail?id=34459,ddeef22a47009e9057fec3bb851e8667,
国有建设用地使用权挂牌出让结果公示,,文章来自：拉萨市公共资源交易中心,|2016年4月14日,|拉萨市公共资源交易信息网,|拉公共国土挂〔2016〕12号,|挂牌,|2016年5月23日,|拉萨市公共资源交易中心,|2015―2号,|西藏文化旅游创意园区花园路以东，慧谷大道以西、静思路以南CT05-30,|旅游休闲用地（商业和住宅）,|6825.7000,|西藏奥尔特美地投资有限公司,|6825.7000,2020-05-06 14:49:07,http://ggzy.lasa.gov.cn/Article/ArticleDetail?id=38674,c5a6419fc1d696df5ade4bce72aa001a,
国有建设用地使用权挂牌出让结果公示,,文章来自：拉萨市公共资源交易中心,|2016年4月14日,|拉萨市公共资源交易信息网,|拉公共国土挂〔2016〕13号,|挂牌,|2016年5月23日,|拉萨市公共资源交易中心,|2015―14号,|城关区夺底路以西,|商业,|419.5490,|西藏朗赛经贸有限责任公司,|419.5490,2020-05-06 14:49:07,http://ggzy.lasa.gov.cn/Article/ArticleDetail?id=38674,c5a6419fc1d696df5ade4bce72aa001a,
国有建设用地使用权挂牌出让结果公示,,文章来自：拉萨市公共资源交易中心,|2016年4月19日,|拉萨市公共资源交易信息网,|拉公共国土挂〔2016〕6号,|挂牌,|2016年5月28日,|拉萨市公共资源交易中心,|2016―1号,|察古大道以东、新村南路以南、纬四路以西、北京大道以北（C―11―03）,|商业,|1253.6820,|西藏自治区新华书店,|1253.6820,2020-05-06 14:49:07,http://ggzy.lasa.gov.cn/Article/ArticleDetail?id=38674,c5a6419fc1d696df5ade4bce72aa001a,
国有建设用地使用权挂牌出让结果公示,,文章来自：拉萨市公共资源交易中心,|2016年4月19日,|拉萨市公共资源交易信息网,|拉公共国土挂〔2016〕7号,|挂牌,|2016年5月28日,|拉萨市公共资源交易中心,|2016―2号,|高新区栖慧大道以东，栖创路以南，柳南大道以西、柳创路以北（G―04―38）,|工业,|1562.8730,|拉萨市柳梧新区城市投资建设发展集团有限公司,|1562.8730,2020-05-06 14:49:07,http://ggzy.lasa.gov.cn/Article/ArticleDetail?id=38674,c5a6419fc1d696df5ade4bce72aa001a,
国有建设用地使用权挂牌出让结果公示,,文章来自：拉萨市公共资源交易中心,|2016年4月19日,|拉萨市公共资源交易信息网,|拉公共国土挂〔2016〕9号,|挂牌,|2016年5月28日,|拉萨市公共资源交易中心,|2016―6号,|西藏文化旅游创意园区林卡路以东、云天路以南（CT04--20）,|商业（旅游文化设施）,|1693.1250,|西藏洛卓沃龙文化产业有限公司,|1693.1250,2020-05-06 14:49:07,http://ggzy.lasa.gov.cn/Article/ArticleDetail?id=38674,c5a6419fc1d696df5ade4bce72aa001a,
国有建设用地使用权挂牌出让结果公示,,文章来自：拉萨市公共资源交易中心,|2016年4月19日,|拉萨市公共资源交易信息网,|拉公共国土挂〔2016〕10号,|挂牌,|2016年5月28日,|拉萨市公共资源交易中心,|2016―7号,|西藏文化旅游创意园区妙光大道以西、牧园路以南（CT01--34）,|商业设施,|720.0360,|西藏红花投资有限公司,|720.0360,2020-05-06 14:49:07,http://ggzy.lasa.gov.cn/Article/ArticleDetail?id=38674,c5a6419fc1d696df5ade4bce72aa001a,
国有建设用地使用权挂牌出让结果公示,,文章来自：拉萨市公共资源交易中心,|2016年4月19日,|拉萨市公共资源交易信息网,|拉公共国土挂〔2016〕11号,|挂牌,|2016年5月28日,|拉萨市公共资源交易中心,|2016―8号,|西藏文化旅游创意园区妙光大道以东、林卡路以西（CT04--77）,|商业设施,|660.0330,|西藏康洛玛幼少儿文化艺术活动中心有限公司,|660.0330,2020-05-06 14:49:07,http://ggzy.lasa.gov.cn/Article/ArticleDetail?id=38674,c5a6419fc1d696df5ade4bce72aa001a,
国有建设用地使用权挂牌出让结果公示,,文章来自：拉萨市公共资源交易中心,|2016年4月19日,|拉萨市公共资源交易信息网,|拉公共国土挂〔2016〕8号,|挂牌,|,|,|2016―3号,|西藏文化旅游创意园区文成大道以西，云天路以南（CT04--59）,|商业设施,|1827.3600,,,2020-05-06 14:49:07,http://ggzy.lasa.gov.cn/Article/ArticleDetail?id=38674,c5a6419fc1d696df5ade4bce72aa001a,
国有建设用地使用权挂牌出让结果公示,,文章来自：拉萨市公共资源交易中心,|2016年6月17日,|拉萨市公共资源交易信息网,|拉文创管挂〔2016〕1号,|挂牌,|2016年7月30日,|拉萨市公共资源交易中心,|2016―1号,|达瓦路以西、林卡路以北,|商业、住宅（商住建筑面积比例7:3）,|4999.0983,|西藏四方文化发展有限公司,|4999.0983,2020-05-06 14:49:08,http://ggzy.lasa.gov.cn/Article/ArticleDetail?id=41054,37a51b1233a38b5a5b08246cec72675b,
国有建设用地使用权挂牌出让结果公示,,文章来自：拉萨市公共资源交易中心,|2016年6月17日,|拉萨市公共资源交易信息网,|拉文创管挂〔2016〕1号,|挂牌,|2016年7月30日,|拉萨市公共资源交易中心,|2016―2号,|林卡路以东、云天路以南,|商业、住宅（商住建筑面积比例5:5）,|2618.0280,|西藏健讯文化发展有限责任公司,|2618.0280,2020-05-06 14:49:08,http://ggzy.lasa.gov.cn/Article/ArticleDetail?id=41054,37a51b1233a38b5a5b08246cec72675b,
国有建设用地使用权挂牌出让结果公示,,文章来自：拉萨市公共资源交易中心,|2016年6月17日,|拉萨市公共资源交易信息网,|拉文创管挂〔2016〕1号,|挂牌,|2016年7月30日,|拉萨市公共资源交易中心,|2016―3号,|格桑路以北,|旅游休闲用地,|3967.3305,|拉萨市城市建设投资经营有限公司,|3967.3305,2020-05-06 14:49:08,http://ggzy.lasa.gov.cn/Article/ArticleDetail?id=41054,37a51b1233a38b5a5b08246cec72675b,
国有建设用地使用权挂牌出让结果公示,,文章来自：拉萨市公共资源交易中心,|2016年6月17日,|拉萨市公共资源交易信息网,|拉文创管挂〔2016〕1号,|挂牌,|2016年7月30日,|拉萨市公共资源交易中心,|2016―4号,|格桑路以南,|商业设施用地,|339.2571,|拉萨市城市建设投资经营有限公司,|339.2571,2020-05-06 14:49:08,http://ggzy.lasa.gov.cn/Article/ArticleDetail?id=41054,37a51b1233a38b5a5b08246cec72675b,
国有建设用地使用权挂牌出让结果公示,,文章来自：拉萨市公共资源交易中心,|2016年6月17日,|拉萨市公共资源交易信息网,|拉文创管挂〔2016〕1号,|挂牌,|2016年7月30日,|拉萨市公共资源交易中心,|2016―5号,|妙光大道以西、牧园路以南,|商业、住宅（商住建筑面积比例3:7）,|15307.2948,|拉萨市城市建设投资经营有限公司,|15307.2948,2020-05-06 14:49:08,http://ggzy.lasa.gov.cn/Article/ArticleDetail?id=41054,37a51b1233a38b5a5b08246cec72675b,
国有建设用地使用权挂牌出让结果公示,,文章来自：拉萨市公共资源交易中心,|2016年6月17日,|拉萨市公共资源交易信息网,|拉文创管挂〔2016〕1号,|挂牌,|2016年7月30日,|拉萨市公共资源交易中心,|2016―6号,|牧园路以南、格桑路以东,|商业设施用地,|501.5262,|拉萨市城市建设投资经营有限公司,|501.5262,2020-05-06 14:49:08,http://ggzy.lasa.gov.cn/Article/ArticleDetail?id=41054,37a51b1233a38b5a5b08246cec72675b,
国有建设用地使用权挂牌出让结果公示,,文章来自：拉萨市公共资源交易中心,|2016年6月17日,|拉萨市公共资源交易信息网,|拉文创管挂〔2016〕1号,|挂牌,|2016年7月30日,|拉萨市公共资源交易中心,|2016―7号,|妙光大道以东、云天路以南、林卡路以西,|商业设施用地（商住建筑面积比例8:2）,|1074.1500,|拉萨玉珠灵民族民俗文化发展有限公司,|1074.1500,2020-05-06 14:49:08,http://ggzy.lasa.gov.cn/Article/ArticleDetail?id=41054,37a51b1233a38b5a5b08246cec72675b,
国有建设用地使用权挂牌出让结果公示,,文章来自：拉萨市公共资源交易中心,|2016年6月17日,|拉萨市公共资源交易信息网,|拉文创管挂〔2016〕1号,|挂牌,|2016年7月30日,|拉萨市公共资源交易中心,|2016―8号,|文成大道以东、宗赞路以西,|商业设施用地,|1257.9840,|西藏松赞绿谷酒店有限责任公司,|1257.9840,2020-05-06 14:49:08,http://ggzy.lasa.gov.cn/Article/ArticleDetail?id=41054,37a51b1233a38b5a5b08246cec72675b,
国有建设用地使用权挂牌出让结果公示,,文章来自：拉萨市公共资源交易中心,|2016年8月24日,|拉萨市公共资源交易信息网,|拉公共国土挂〔2016〕15号,|挂牌,|2016年10月1日,|拉萨市公共资源交易中心,|2016―22号,|城关区纳金路以南，江冲路以东。,|居住,|400.0800,|西藏宏发房地产开发有限公司,|400.0800,2020-05-06 14:49:08,http://ggzy.lasa.gov.cn/Article/ArticleDetail?id=41493,77c6c26e540a0ac566032bae0853135b,
国有建设用地使用权挂牌出让结果公示,,文章来自：拉萨市公共资源交易中心,|2016年8月24日,|拉萨市公共资源交易信息网,|拉公共国土挂〔2016〕15号,|挂牌,|2016年10月1日,|拉萨市公共资源交易中心,|2015―15号,|城关区劳动路以北，江冲路以西,|居住,|1528.6800,|西藏宏发房地产开发有限公司,|1528.6800,2020-05-06 14:49:08,http://ggzy.lasa.gov.cn/Article/ArticleDetail?id=41493,77c6c26e540a0ac566032bae0853135b,
国有建设用地使用权挂牌出让结果公示,,文章来自：拉萨市公共资源交易中心,|2016年8月24日,|拉萨市公共资源交易信息网,|拉公共国土挂〔2016〕15号,|挂牌,|2016年10月1日,|拉萨市公共资源交易中心,|2016―23号,|城关区纳金路以北，热嘎曲国路以东。,|居住,|2846.3177,|西藏香雪投资有限公司,|2846.3177,2020-05-06 14:49:08,http://ggzy.lasa.gov.cn/Article/ArticleDetail?id=41493,77c6c26e540a0ac566032bae0853135b,
国有建设用地使用权挂牌出让结果公示,,文章来自：拉萨市公共资源交易中心,|2016年8月24日,|拉萨市公共资源交易信息网,|拉公共国土挂〔2016〕15号,|挂牌,|2016年10月1日,|拉萨市公共资源交易中心,|2016―24号,|城关区纳金路以南，江冲路以东。,|商业,|181.2000,|西藏香雪投资有限公司,|181.2000,2020-05-06 14:49:08,http://ggzy.lasa.gov.cn/Article/ArticleDetail?id=41493,77c6c26e540a0ac566032bae0853135b,
国有建设用地使用权挂牌出让结果公示,,文章来自：拉萨市公共资源交易中心,|2016年8月24日,|拉萨市公共资源交易信息网,|拉公共国土挂〔2016〕15号,|挂牌,|2016年10月1日,|拉萨市公共资源交易中心,|2016―25号,|城关区纳金路以北，热嘎曲国路以西。,|商业,|840.0000,|甘南州阿尼格拉文化旅游发展有限公司,|840.0000,2020-05-06 14:49:08,http://ggzy.lasa.gov.cn/Article/ArticleDetail?id=41493,77c6c26e540a0ac566032bae0853135b,
国有建设用地使用权挂牌出让结果公示,,文章来自：拉萨市公共资源交易中心,|2016年8月24日,|拉萨市公共资源交易信息网,|拉公共国土挂〔2016〕15号,|挂牌,|2016年10月1日,|拉萨市公共资源交易中心,|2016―26号,|城关区纳金路以北，热嘎曲国路以西，团结路以南。,|居住,|850.2975,|天祝福瑞房地产开发有限公司西藏分公司,|850.2975,2020-05-06 14:49:08,http://ggzy.lasa.gov.cn/Article/ArticleDetail?id=41493,77c6c26e540a0ac566032bae0853135b,
国有建设用地使用权挂牌出让结果公示(拉公共经开挂〔2016〕1号),,文章来自：拉萨市公共资源交易中心,|2016年8月26日,|拉萨市公共资源交易信息网,| 拉公共经开挂 〔2016〕1号,| 挂牌,| 2016年10月8日,|拉萨市公共资源交易中心,| JKQ2016-1,|拉萨经济技术开发区B区园区南路以北、拉青路以东地块内,| 工业,|254.0127,|西藏龙峰生物科技有限公司,| 254.0127,2020-05-06 14:49:09,http://ggzy.lasa.gov.cn/Article/ArticleDetail?id=41595,9fc387c81af0420d7d9efb6e82bd2947,
国有建设用地使用权挂牌出让结果公示(拉公共经开挂〔2016〕1号),,文章来自：拉萨市公共资源交易中心,|2016年8月26日,|拉萨市公共资源交易信息网,| 拉公共经开挂 〔2016〕1号,| 挂牌,| 2016年10月8日,|拉萨市公共资源交易中心,| JKQ2016-2,|拉萨经济技术开发区B区乃岗路以北、拉青西一路以西地块内,| 工业,|889.04445,|西藏慈润医药销售有限公司,| 889.04445,2020-05-06 14:49:09,http://ggzy.lasa.gov.cn/Article/ArticleDetail?id=41595,9fc387c81af0420d7d9efb6e82bd2947,
国有建设用地使用权挂牌出让结果公示(拉公共经开挂〔2016〕1号),,文章来自：拉萨市公共资源交易中心,|2016年8月26日,|拉萨市公共资源交易信息网,| 拉公共经开挂 〔2016〕1号,| 挂牌,| 2016年10月8日,|拉萨市公共资源交易中心,| JKQ2016-3,|拉萨经济技术开发区B区乃岗路以北、拉青西二路以东地块内,| 工业,|254.0127,|西藏和平贸易有限公司,| 254.0127,2020-05-06 14:49:09,http://ggzy.lasa.gov.cn/Article/ArticleDetail?id=41595,9fc387c81af0420d7d9efb6e82bd2947,
国有建设用地使用权挂牌出让结果公示(拉公共经开挂〔2016〕1号),,文章来自：拉萨市公共资源交易中心,|2016年8月26日,|拉萨市公共资源交易信息网,| 拉公共经开挂 〔2016〕1号,| 挂牌,| 2016年10月8日,|拉萨市公共资源交易中心,| JKQ2016-4,|拉萨经济技术开发区B区乃岗路以北、拉青西二路以东地块内,| 工业,|254.0127,|流拍,|,2020-05-06 14:49:09,http://ggzy.lasa.gov.cn/Article/ArticleDetail?id=41595,9fc387c81af0420d7d9efb6e82bd2947,
国有建设用地使用权挂牌出让结果公示(拉公共经开挂〔2016〕1号),,文章来自：拉萨市公共资源交易中心,|2016年8月26日,|拉萨市公共资源交易信息网,| 拉公共经开挂 〔2016〕1号,| 挂牌,| 2016年10月8日,|拉萨市公共资源交易中心,| JKQ2016-5,|拉萨经济技术开发区B区乃岗路以南、拉青西一路以西地块内,| 工业,|381.01905,|西藏文源电力建设有限公司,| 381.01905,2020-05-06 14:49:09,http://ggzy.lasa.gov.cn/Article/ArticleDetail?id=41595,9fc387c81af0420d7d9efb6e82bd2947,
国有建设用地使用权挂牌出让结果公示(拉公共经开挂〔2016〕1号),,文章来自：拉萨市公共资源交易中心,|2016年8月26日,|拉萨市公共资源交易信息网,| 拉公共经开挂 〔2016〕1号,| 挂牌,| 2016年10月8日,|拉萨市公共资源交易中心,| JKQ2016-6,|拉萨经济技术开发区B区乃岗路以南、拉青西一路以西地块内,| 工业,|177.8127,|西藏远大电线电缆有限公司,| 177.8127,2020-05-06 14:49:09,http://ggzy.lasa.gov.cn/Article/ArticleDetail?id=41595,9fc387c81af0420d7d9efb6e82bd2947,
国有建设用地使用权挂牌出让结果公示(拉公共经开挂〔2016〕1号),,文章来自：拉萨市公共资源交易中心,|2016年8月26日,|拉萨市公共资源交易信息网,| 拉公共经开挂 〔2016〕1号,| 挂牌,| 2016年10月8日,|拉萨市公共资源交易中心,| JKQ2016-7,|拉萨经济技术开发区B区乃岗路以北、拉青东二路以西,| 工业,|510.6922,|西藏金澳工贸有限公司,| 510.6922,2020-05-06 14:49:09,http://ggzy.lasa.gov.cn/Article/ArticleDetail?id=41595,9fc387c81af0420d7d9efb6e82bd2947,
2016―28、29、31、32号等国有建设用地使用权挂牌出让结果公示,,文章来自：国土局、交易中心,|2016年10月14日,|拉萨市公共资源交易信息网,|拉公共国土挂〔2016〕16号,|挂牌,|,|,|2016―28|2016―29|2016―31|2016-32|2016-33|2016-34|2016-35|2016-36|2016-37|2016―44|2016-46|2016-47|2016-48,|拉萨顿珠金融产业园发展路以南，金融路以北，格桑路以北|拉萨顿珠金融产业园创业路以南，发展路以西，格桑路以东|拉萨顿珠金融产业园318国道以南，发展路以西，奋进路以北|拉萨顿珠金融产业园创业路以北，发展路以西，奋进路以南|拉萨顿珠金融产业园发展路以南，金融路以西，格桑路以北|拉萨顿珠金融产业园望寺路以东，格桑路以南|拉萨顿珠金融产业园格桑路以南，观山路以东|拉萨顿珠金融产业园格桑路以南，观山路以东，望寺路以西|拉萨顿珠金融产业园观山路与望寺路交接口东南侧|拉萨顿珠金融产业园318国道以南，格桑路以西|拉萨顿珠金融产业园望寺路以西|拉萨顿珠金融产业园望寺路以东|拉萨顿珠金融产业园318国道以南，奋进路以北，腾飞路以西,|商业用地|商务用地（B2）|商务用地（B2）|商务用地（B2）|商务用地（B2）|商务用地|商务用地|商务用地（B2）|商务用地|居住|商务用地|商务用地|商务用地,|1952.5960|10590.5100|12056.3870|15478.4910|8851.5100|993.6000|5996.0400|10202.6340|1361.0700|7832.6040|2337.4855|1314.2406|8653.2270,,,2020-05-06 14:49:09,http://ggzy.lasa.gov.cn/Article/ArticleDetail?id=41817,c1f5eb8d4a019092d3be3b45a9c2853e,
2016―27号国有建设用地使用权挂牌出让结果公示(拉公共国土挂〔2016〕16号),,文章来自：拉萨市公共资源交易中心,|2016年10月14日,|拉萨市公共资源交易信息网,|拉公共国土挂〔2016〕16号,|挂牌,|2016年11月22日,|拉萨市公共资源交易中心,|2016―27,|城关区北绕城路以北，藏热北路以西,|居住用地,|5776.9950,|西藏林升森工有限责任公司,,2020-05-06 14:49:10,http://ggzy.lasa.gov.cn/Article/ArticleDetail?id=41969,ec73c29d023cb961f8d5823c58e4812a,
（拉公共国土挂〔2016〕18号）2016―28号至48号国有建设用地使用权挂牌出让结果公示,,文章来自：拉萨市公共资源交易中心,|2016年11月13日,|拉萨市公共资源交易信息网,|拉公共国土挂〔2016〕18号,|挂 牌,|2016年12月13日,|拉萨市公共资源交易中心,|2016-28|2016-29|2016―30|2016-31|2016-32|2016-33|2016-34|2016-35|2016-36|2016-37|2016-38|2016-39|2016-40|2016-41|2016-42|2016-43|2016-44|2016―45|2016-46|2016-47|2016-48|合计,|拉萨顿珠金融产业园发展路以南，金融路以西，格桑路以北|拉萨顿珠金融产业园创业路以南，发展路以西，格桑路以东|拉萨顿珠金融产业园创业路以北，腾飞路以东，奋进路以南|拉萨顿珠金融产业园318国道以南，发展路以西，奋进路以北|拉萨顿珠金融产业园创业路以北，发展路以西，奋进路以南|拉萨顿珠金融产业园发展路以南，金融路以西，格桑路以北|拉萨顿珠金融产业园望寺路以东，格桑路以南|拉萨顿珠金融产业园格桑路以南，观山路以东|拉萨顿珠金融产业园格桑路以南，观山路以东，望寺路以西|拉萨顿珠金融产业园观山路与望寺路交接口东南侧|拉萨顿珠金融产业园金融路以东，创业路以南，腾飞路以西|拉萨顿珠金融产业园格桑路以北，腾飞路以南，金融路以东|拉萨顿珠金融产业园格桑路以西，创业路以南，腾飞路以东|拉萨顿珠金融产业园创业路以南，腾飞路以北，金融路以东|拉萨顿珠金融产业园腾飞路以南，格桑路以北，金融路以东|拉萨顿珠金融产业园318国道以南，腾飞路以东|拉萨顿珠金融产业园318国道以南，格桑路以西|拉萨顿珠金融产业园奋进路以南，格桑路以东|拉萨顿珠金融产业园望寺路以西|拉萨顿珠金融产业园望寺路以东|拉萨顿珠金融产业园318国道以南，奋进路以北，腾飞路以西|以上21宗土地共477703平方米（合716.55亩）,|商业用地|商务用地(B2)|商务用地（B2）|商务用地（B2）|商务用地（B2）|商务用地（B2）|商务用地|商务用地|商务用地（B2）|商务用地|商务用地（B2）|商务用地（B2）|商务用地（B2）|商业用地（B1）|商业用地（B1）|商务用地|居住用地|居住用地|商务用地|商务用地|商务用地,|1651.7200|9445.5900|10631.9400|10756.5070|13809.6510|7894.5900|942.0800|5651.4400|9165.0780|1290.4960|6453.5400|7417.3416|5326.7329|2031.8400|1775.1258|9218.8434|6909.0840|3668.3079|2154.7710|1215.5048|7727.5869,,|1651.7200|9445.5900|10631.9400|10756.5070|13809.6510|7894.5900|942.0800|5651.4400|9165.0780|1290.4960|6453.5400|7417.3416|5326.7329|2031.8400|1775.1258|9218.8434|6909.0840|3668.3079|2154.7710|1215.5048|7727.5869,2020-05-06 14:49:11,http://ggzy.lasa.gov.cn/Article/ArticleDetail?id=42071,570b9d2791968d41681383492ea35727,
（拉公共国土挂〔2016〕17号）2016―49、50号国有建设用地使用权挂牌出让结果公示,,文章来自：拉萨市公共资源交易中心,|2016年10月28日,|拉萨市公共资源交易信息网,|拉公共国土挂〔2016〕17号,|挂 牌,|2016年12月6日,|拉萨市公共资源交易中心,|2016-49|2016-50,|城关区夺底路以西，环城路（北段）以南|城关区藏热北路以西，城关区建筑总公司以北,|其它服务设施用地|居住,|5518.8392|2017.8739,,|5518.8392|2017.8739,2020-05-06 14:49:11,http://ggzy.lasa.gov.cn/Article/ArticleDetail?id=42070,14d79b8d81a36c321b03cc7de5a0de76,
