文件标题,发布时间,地块编号,具体位置,出让面积,容积率,用途,供地方式,使用年限,竞得(人),成交价格,成交日期,爬取地址url,唯一标识,
津蓟工（挂）2019-014号,2019-11-14,津蓟工（挂）2019-014号,天津市蓟州区仓园街南侧、富裕路西侧,16761.7平方米,≥0.8,工业用地,挂牌,50年,中原（天津）包装制品有限公司,640万元,2019-11-14,2020-05-08 14:36:53,http://218.69.100.10/news.aspx?id=1018680,c9f1c1f74b9850408440135ba8e5292d,
津南（挂）2019-10号,2019-09-12,津南（挂）2019-10号,津南区八里台镇,,,住宅用地,挂牌,40年,德州平德置业有限公司,56000万元,2019-09-12,2020-05-08 14:36:55,http://218.69.100.10/news.aspx?id=1015447,6a159b1757f60eaa8e9bee795c6a8f8b,
津南（挂）2019-10号,2019-09-12,津南（挂）2019-10号,津南区八里台镇,,,住宅用地,挂牌,40年,德州平德置业有限公司,56000万元,2019-09-12,2020-05-08 14:36:58,http://218.69.100.10/news.aspx?id=1015447,6a159b1757f60eaa8e9bee795c6a8f8b,
津南（挂）2019-13号,2019-09-12,津南（挂）2019-13号,津南区八里台镇 ,18110.5 平方米,,商服用地,挂牌,40年,天津星城置业有限公司,5500万元,2019-09-12,2020-05-08 14:36:59,http://218.69.100.10/news.aspx?id=1015449,fa40f542cc0ac32eae2c3ef8c0b77c36,
津南（挂）2019-12号,2019-09-12,津南（挂）2019-12号,津南区八里台镇 ,8953.8平方米,,商服用地,挂牌,40年,天津星城置业有限公司,2700万元,2019-09-12,2020-05-08 14:37:02,http://218.69.100.10/news.aspx?id=1015450,0a26802ab58b175d57594ee4f3a5563b,
津辰风（挂）G2019-008号,2019-09-12,津辰风（挂）G2019-008号,天津市北辰区天津高端装备制造产业园,66667.4方米,,工业用地,挂牌,50年,天津市飞龙砼外加剂有限公司,5104万元,2019-09-12,2020-05-08 14:37:04,http://218.69.100.10/news.aspx?id=1015452,22e8875206f56aa99fd2278ad500a261,
津宝（挂）2019-021号,2019-09-25,津宝（挂）2019-021号,宝坻区安成街与望都路交口,34537.5方米,大于1.0且不大于1.8,经营性用地,挂牌,城镇住宅70年、商服40年,天津中宝冠城置业发展有限公司,32000万元,2019-09-25,2020-05-08 14:37:06,http://218.69.100.10/news.aspx?id=1016052,b8611ebdeefaa5a1e8c4cfd45454d493,
津宝（挂）2019-022号,2019-09-25,津宝（挂）2019-022号,宝坻区渔阳路与望都路交口,32393.4方米,大于1.0且不大于1.8,经营性用地,挂牌,城镇住宅70年、商服40年,天津安田置地发展有限公司,32000万元,2019-09-25,2020-05-08 14:37:09,http://218.69.100.10/news.aspx?id=1016053,3bb69f262bdf795fb358757e7ffd097d,
津丽（挂）2019-10号,2019-09-26,津丽（挂）2019-10号,东丽区东丽湖星灿道以南，东丽湖路以西,238768方米,≤1.2,经营性用地,挂牌,城镇住宅70年，商服40年、教育50年,中建信和地产有限公司,145500万元,2019-09-26,2020-05-08 14:37:11,http://218.69.100.10/news.aspx?id=1016261,73011c7d1a6fa9f7c5d355300642e880,
津宁（挂）G2019-12号,2019-10-10,津宁（挂）G2019-12号,天津市宁河区潘庄工业区,43908.5方米,≥1.0,工业用地,挂牌,50年,鼎膳（天津）食品贸易有限责任公司,1900万元,2019-10-10,2020-05-08 14:37:14,http://218.69.100.10/news.aspx?id=1016995,6da0e76e9f3740a742209f19a38262e5,
津武（挂）G2019-045号,2019-10-10,津武（挂）G2019-045号,天津市武清区开发区源和道南侧,48202.5方米,≥0.8,工业用地,挂牌,50年,铁科节能环保技术有限公司,2650万元,2019-10-10,2020-05-08 14:37:17,http://218.69.100.10/news.aspx?id=1016996,551860a37c6989945293c1106d5c0214,
津武（挂）G2019-036号,2019-10-10,津武（挂）G2019-036号,天津市武清区河西务镇十四纬路南侧,35245方米,≥1.0,工业用地,挂牌,50年,天津津帆供应链管理有限公司,2010万元,2019-10-10,2020-05-08 14:37:20,http://218.69.100.10/news.aspx?id=1016997,27b9ba59cc8b53a6160101dd94a648b8,
津蓟（挂）2019-030号,2019-10-10,津蓟（挂）2019-030号,天津市蓟州区秋实路西侧、州河北街北侧,48715.4方米,不大于1.4且大于1.0,经营性用地,挂牌,城镇住宅70年、商务金融40年,天津兴韵房地产开发有限公司,32450万元,2019-10-10,2020-05-08 14:37:22,http://218.69.100.10/news.aspx?id=1016998,9a71900c3a525f5e435a6c172846ff69,
津蓟（挂）2019-031号,2019-10-10,津蓟（挂）2019-031号,天津市蓟州区冬逸路东侧、州河北街北侧,21354.5方米,不大于1.28且大于1.0,经营性用地,挂牌,城镇住宅70年、商务金融40年,天津兴韵房地产开发有限公司,11860万元,2019-10-10,2020-05-08 14:37:24,http://218.69.100.10/news.aspx?id=1016999,db696601eef67373ad9bda23c39d2ca8,
津蓟集（挂）2019-003号,2019-10-17,津蓟集（挂）2019-003号,天津市蓟州区康平路东侧，网通公司北侧,8750.1方米,不大于2.0,经营性用地,挂牌,40年,天津渔山之阳置业有限公司,3675.042万元,2019-10-17,2020-05-08 14:37:26,http://218.69.100.10/news.aspx?id=1017472,95458b68542fdf0aa2bd232a9d047f15,
津武（挂）2019-071号,2019-10-17,津武（挂）2019-071号,武清区下朱庄街清溪路西侧,108757.2方米,不大于2.4,经营性用地,挂牌,40年,亿鑫巨贸（天津）房屋租赁有限公司,30800万元,2019-10-17,2020-05-08 14:37:29,http://218.69.100.10/news.aspx?id=1017473,3120a3a5631005407455ea9979713124,
津东万(挂)2018-202号,2019-10-18,津东万(挂)2018-202号,河东区万东路与程昆道交口,33157.1方米,,经营性用地,挂牌,城镇住宅70年，商服40年,大华（天津）发展有限公司,130000万元,2019-10-18,2020-05-08 14:37:31,http://218.69.100.10/news.aspx?id=1017474,3ff5d9858ee20c84275e5286d95c5363,
津蓟工（挂）2019-011号,2019-10-21,津蓟工（挂）2019-011号,天津市蓟州区津围公路东侧、仓园街南侧,98221方米,≥0.8,工业用地,挂牌,50年,天津哈工永兴科技有限公司,3730万元,2019-10-21,2020-05-08 14:37:33,http://218.69.100.10/news.aspx?id=1017475,b6b0e60be1713a4b26ca8da2441d131f,
津北辰辰（挂）2019-130号,2019-10-23,津北辰辰（挂）2019-130号,辰柳路与新雅道交口东北侧,45143.6方米,≤2.5,经营性用地,挂牌,城镇住宅70年，商服40年、科教50年,大华（天津）发展有限公司,70000万元,2019-10-23,2020-05-08 14:37:36,http://218.69.100.10/news.aspx?id=1017476,e59647c8c626b7c3c3adc4e6a4e4725f,
津北辰辰（挂）2019-129号,2019-10-23,津北辰辰（挂）2019-129号,辰柳路与新雅道交口西北侧,31249.9方米,≤2.5,经营性用地,挂牌,城镇住宅70年、商服40年、公园与绿地50年,通辽希望（集团）房地产开发有限公司,33000万元,2019-10-23,2020-05-08 14:37:39,http://218.69.100.10/news.aspx?id=1017477,5b2720b2a3f7fb5f873fca03d1eb793c,
津北金（挂）2019-133号,2019-10-23,津北金（挂）2019-133号,河北区金钟河大街与万柳村大街交口东北侧,26998.4方米,,经营性用地,挂牌,城镇住宅70年、商服40年、公园与绿地50年,天津弘创置业有限公司,72500万元,2019-10-23,2020-05-08 14:37:42,http://218.69.100.10/news.aspx?id=1017478,826109b7e2440f415039683ed56bd3a9,
津宁（挂）G2019-10号,2019-10-24,津宁（挂）G2019-10号,天津市宁河区现代产业区,7237.1方米,≥1.0,工业用地,挂牌,50年,天津腾悦模具有限公司,310万元,2019-10-24,2020-05-08 14:37:44,http://218.69.100.10/news.aspx?id=1017545,c33fad4c775943dfc4274cd1cff198ae,
津南（挂）2019-17号,2019-10-24,津南（挂）2019-17号,津南区辛庄镇,38321.3方米,大于1.0且不大于2.0,经营性用地,挂牌,城镇住宅70年、教育50年,石家庄市美的房地产开发有限公司,65500万元,2019-10-24,2020-05-08 14:37:46,http://218.69.100.10/news.aspx?id=1017546,86e9dfb4ca0df78a463987502dab072f,
津宝（挂）2019-027号,2019-10-25,津宝（挂）2019-027号,宝坻区支路一与支路四交口,64614.9方米,大于1.0且不大于1.2,经营性用地,挂牌,城镇住宅70年、商服40年,天津城投置地投资发展有限公司,27740万元,2019-10-25,2020-05-08 14:37:49,http://218.69.100.10/news.aspx?id=1017635,0097531a82903828c5fb0f226ea8d7f2,
津宝（挂）2019-028号,2019-10-25,津宝（挂）2019-028号,宝坻区次干路一与钰华街交口,62309.4方米,大于1.0且不大于1.6,经营性用地,挂牌,城镇住宅70年、商服40年,天津城投置地投资发展有限公司,31310万元,2019-10-25,2020-05-08 14:37:52,http://218.69.100.10/news.aspx?id=1017636,2d3df97b40574e912676e4f156a5b9fc,
津南（挂）2019-15号,2019-10-25,津南（挂）2019-15号,津南区小站镇,28919.4方米,大于1.0且不大于1.5,经营性用地,挂牌,70年,中铁建设集团房地产有限公司,9200万元,2019-10-25,2020-05-08 14:37:54,http://218.69.100.10/news.aspx?id=1017637,3695852ec142406ad6e0807bf1ea938e,
津南（挂）2019-16号,2019-10-25,津南（挂）2019-16号,津南区小站镇,11058.3方米,大于1.0且不大于1.4,经营性用地,挂牌,70年,中铁建设集团房地产有限公司,3330万元,2019-10-25,2020-05-08 14:37:56,http://218.69.100.10/news.aspx?id=1017638,a957693d0528362b75108d1c9812e9c9,
津西青（挂）G2019-04号,2019-10-28,津西青（挂）G2019-04号,天津市西青区张家窝镇天华路以东,46799.3方米,1.0-1.5,工业用地,挂牌,50年,天津市中升挑战生物科技有限公司,4180万元,2019-10-28,2020-05-08 14:37:58,http://218.69.100.10/news.aspx?id=1017639,a0ba8e3ab7fd023fe90cd3b1772206b6,
津西青（挂）G2019-05号,2019-10-28,津西青（挂）G2019-05号,天津市西青区张家窝镇安泽道以北,11999.7方米,1.0-1.5,工业用地,挂牌,50年,金西盟干细胞（天津）有限责任公司,1070万元,2019-10-28,2020-05-08 14:38:01,http://218.69.100.10/news.aspx?id=1017641,b5ea852f986b14ce09227793b4b70ce5,
津西青（挂）2019-19号,2019-10-28,津西青（挂）2019-19号,西青区张家窝镇京福公路以西、汇仁道以北,17596方米,≤4.0,经营性用地,挂牌,40年,光启（天津）商业管理有限公司,19500万元,2019-10-28,2020-05-08 14:38:03,http://218.69.100.10/news.aspx?id=1017642,8157ed1134856820f193ef0d1ac0a197,
津西青（挂）2019-20号,2019-10-28,津西青（挂）2019-20号,西青区张家窝镇睿智道以南,4450方米,≤0.8,经营性用地,挂牌,40年,天津市元林加油站有限公司,2500万元,2019-10-28,2020-05-08 14:38:05,http://218.69.100.10/news.aspx?id=1017643,4f374155c6b23aebabaca8a5a0f8e640,
津丽（挂）2019-12号,2019-10-30,津丽（挂）2019-12号,东丽区金钟街津围大道与金钟路交口,189536.5方米,≤2.0,经营性用地,挂牌,城镇住宅用地70年，商服用地40年，教育用地50年，交通服务场站用地50年，公园与绿地50年,中交置业有限公司,245100万元,2019-10-30,2020-05-08 14:38:07,http://218.69.100.10/news.aspx?id=1017797,36b15b0db7ac61609fa98741b8aef3a1,
津武（挂）G2019-023号,2019-10-31,津武（挂）G2019-023号,天津市武清区汽车园云景道南侧,66667.5方米,≥0.8,工业用地,挂牌,50年,清联智造（天津）实业有限公司,3550万元,2019-10-31,2020-05-08 14:38:10,http://218.69.100.10/news.aspx?id=1018010,58aa3f03f42dbce9f0756f2df040dbf0,
津宁（挂）G2019-11号,2019-10-31,津宁（挂）G2019-11号,天津市宁河区现代产业区,188147方米,≤1.2,工业用地,挂牌,50年,天津嘉富科技有限公司,14120万元,2019-10-31,2020-05-08 14:38:13,http://218.69.100.10/news.aspx?id=1018011,a4b9afa007d2a57f854de38486f6d6c1,
津辰园（挂）G2019-010号,2019-11-08,津辰园（挂）G2019-010号,天津市北辰区科技园区,216857.9平方米,0.7-1.5,工业用地,挂牌,50年,天津雷沃泉康农业机械有限公司,12974万元,2019-11-8,2020-05-08 14:38:14,http://218.69.100.10/news.aspx?id=1018375,ac7665049fa2839e4963649b5ea44399,
津宝（挂）G2018-005号,2019-11-14,津宝（挂）G2018-005号 ,天津市宝坻区林亭口镇二经路与四纬路交口,58106 平方米,≥0.8 ,工业用地,挂牌,50年,天津科宝企业管理有限公司,1920万元,2019-11-14,2020-05-08 14:38:17,http://218.69.100.10/news.aspx?id=1018678,fd421ac13a463a5a8ae0aae85c6c7376,
津蓟工（挂）2019-016号,2019-11-14,津蓟工（挂）2019-016号,天津市蓟州区仓园街南侧、富裕路西侧,9700.3平方米,≥0.8,工业用地,挂牌,50年,御洁坊（天津）科技有限公司,370万元,2019-11-14,2020-05-08 14:38:19,http://218.69.100.10/news.aspx?id=1018679,ac05ba5e3efd2d8da12454c24ef6aeef,
津南（挂）2019-13号,2019-09-12,津南（挂）2019-13号,津南区八里台镇 ,18110.5 平方米,,商服用地,挂牌,40年,天津星城置业有限公司,5500万元,2019-09-12,2020-05-08 14:38:22,http://218.69.100.10/news.aspx?id=1015449,fa40f542cc0ac32eae2c3ef8c0b77c36,
津南（挂）2019-12号,2019-09-12,津南（挂）2019-12号,津南区八里台镇 ,8953.8平方米,,商服用地,挂牌,40年,天津星城置业有限公司,2700万元,2019-09-12,2020-05-08 14:38:25,http://218.69.100.10/news.aspx?id=1015450,0a26802ab58b175d57594ee4f3a5563b,
津辰风（挂）G2019-008号,2019-09-12,津辰风（挂）G2019-008号,天津市北辰区天津高端装备制造产业园,66667.4方米,,工业用地,挂牌,50年,天津市飞龙砼外加剂有限公司,5104万元,2019-09-12,2020-05-08 14:38:27,http://218.69.100.10/news.aspx?id=1015452,22e8875206f56aa99fd2278ad500a261,
津宝（挂）2019-021号,2019-09-25,津宝（挂）2019-021号,宝坻区安成街与望都路交口,34537.5方米,大于1.0且不大于1.8,经营性用地,挂牌,城镇住宅70年、商服40年,天津中宝冠城置业发展有限公司,32000万元,2019-09-25,2020-05-08 14:38:30,http://218.69.100.10/news.aspx?id=1016052,b8611ebdeefaa5a1e8c4cfd45454d493,
津宝（挂）2019-022号,2019-09-25,津宝（挂）2019-022号,宝坻区渔阳路与望都路交口,32393.4方米,大于1.0且不大于1.8,经营性用地,挂牌,城镇住宅70年、商服40年,天津安田置地发展有限公司,32000万元,2019-09-25,2020-05-08 14:38:33,http://218.69.100.10/news.aspx?id=1016053,3bb69f262bdf795fb358757e7ffd097d,
津丽（挂）2019-10号,2019-09-26,津丽（挂）2019-10号,东丽区东丽湖星灿道以南，东丽湖路以西,238768方米,≤1.2,经营性用地,挂牌,城镇住宅70年，商服40年、教育50年,中建信和地产有限公司,145500万元,2019-09-26,2020-05-08 14:38:36,http://218.69.100.10/news.aspx?id=1016261,73011c7d1a6fa9f7c5d355300642e880,
津宁（挂）G2019-12号,2019-10-10,津宁（挂）G2019-12号,天津市宁河区潘庄工业区,43908.5方米,≥1.0,工业用地,挂牌,50年,鼎膳（天津）食品贸易有限责任公司,1900万元,2019-10-10,2020-05-08 14:38:39,http://218.69.100.10/news.aspx?id=1016995,6da0e76e9f3740a742209f19a38262e5,
津武（挂）G2019-045号,2019-10-10,津武（挂）G2019-045号,天津市武清区开发区源和道南侧,48202.5方米,≥0.8,工业用地,挂牌,50年,铁科节能环保技术有限公司,2650万元,2019-10-10,2020-05-08 14:38:42,http://218.69.100.10/news.aspx?id=1016996,551860a37c6989945293c1106d5c0214,
津武（挂）G2019-036号,2019-10-10,津武（挂）G2019-036号,天津市武清区河西务镇十四纬路南侧,35245方米,≥1.0,工业用地,挂牌,50年,天津津帆供应链管理有限公司,2010万元,2019-10-10,2020-05-08 14:38:43,http://218.69.100.10/news.aspx?id=1016997,27b9ba59cc8b53a6160101dd94a648b8,
津蓟（挂）2019-030号,2019-10-10,津蓟（挂）2019-030号,天津市蓟州区秋实路西侧、州河北街北侧,48715.4方米,不大于1.4且大于1.0,经营性用地,挂牌,城镇住宅70年、商务金融40年,天津兴韵房地产开发有限公司,32450万元,2019-10-10,2020-05-08 14:38:46,http://218.69.100.10/news.aspx?id=1016998,9a71900c3a525f5e435a6c172846ff69,
津蓟（挂）2019-031号,2019-10-10,津蓟（挂）2019-031号,天津市蓟州区冬逸路东侧、州河北街北侧,21354.5方米,不大于1.28且大于1.0,经营性用地,挂牌,城镇住宅70年、商务金融40年,天津兴韵房地产开发有限公司,11860万元,2019-10-10,2020-05-08 14:38:49,http://218.69.100.10/news.aspx?id=1016999,db696601eef67373ad9bda23c39d2ca8,
津蓟集（挂）2019-003号,2019-10-17,津蓟集（挂）2019-003号,天津市蓟州区康平路东侧，网通公司北侧,8750.1方米,不大于2.0,经营性用地,挂牌,40年,天津渔山之阳置业有限公司,3675.042万元,2019-10-17,2020-05-08 14:38:51,http://218.69.100.10/news.aspx?id=1017472,95458b68542fdf0aa2bd232a9d047f15,
津武（挂）2019-071号,2019-10-17,津武（挂）2019-071号,武清区下朱庄街清溪路西侧,108757.2方米,不大于2.4,经营性用地,挂牌,40年,亿鑫巨贸（天津）房屋租赁有限公司,30800万元,2019-10-17,2020-05-08 14:38:53,http://218.69.100.10/news.aspx?id=1017473,3120a3a5631005407455ea9979713124,
津东万(挂)2018-202号,2019-10-18,津东万(挂)2018-202号,河东区万东路与程昆道交口,33157.1方米,,经营性用地,挂牌,城镇住宅70年，商服40年,大华（天津）发展有限公司,130000万元,2019-10-18,2020-05-08 14:38:56,http://218.69.100.10/news.aspx?id=1017474,3ff5d9858ee20c84275e5286d95c5363,
津蓟工（挂）2019-011号,2019-10-21,津蓟工（挂）2019-011号,天津市蓟州区津围公路东侧、仓园街南侧,98221方米,≥0.8,工业用地,挂牌,50年,天津哈工永兴科技有限公司,3730万元,2019-10-21,2020-05-08 14:38:59,http://218.69.100.10/news.aspx?id=1017475,b6b0e60be1713a4b26ca8da2441d131f,
津北辰辰（挂）2019-130号,2019-10-23,津北辰辰（挂）2019-130号,辰柳路与新雅道交口东北侧,45143.6方米,≤2.5,经营性用地,挂牌,城镇住宅70年，商服40年、科教50年,大华（天津）发展有限公司,70000万元,2019-10-23,2020-05-08 14:39:01,http://218.69.100.10/news.aspx?id=1017476,e59647c8c626b7c3c3adc4e6a4e4725f,
津北辰辰（挂）2019-129号,2019-10-23,津北辰辰（挂）2019-129号,辰柳路与新雅道交口西北侧,31249.9方米,≤2.5,经营性用地,挂牌,城镇住宅70年、商服40年、公园与绿地50年,通辽希望（集团）房地产开发有限公司,33000万元,2019-10-23,2020-05-08 14:39:03,http://218.69.100.10/news.aspx?id=1017477,5b2720b2a3f7fb5f873fca03d1eb793c,
津北金（挂）2019-133号,2019-10-23,津北金（挂）2019-133号,河北区金钟河大街与万柳村大街交口东北侧,26998.4方米,,经营性用地,挂牌,城镇住宅70年、商服40年、公园与绿地50年,天津弘创置业有限公司,72500万元,2019-10-23,2020-05-08 14:39:05,http://218.69.100.10/news.aspx?id=1017478,826109b7e2440f415039683ed56bd3a9,
津宁（挂）G2019-10号,2019-10-24,津宁（挂）G2019-10号,天津市宁河区现代产业区,7237.1方米,≥1.0,工业用地,挂牌,50年,天津腾悦模具有限公司,310万元,2019-10-24,2020-05-08 14:39:09,http://218.69.100.10/news.aspx?id=1017545,c33fad4c775943dfc4274cd1cff198ae,
津南（挂）2019-17号,2019-10-24,津南（挂）2019-17号,津南区辛庄镇,38321.3方米,大于1.0且不大于2.0,经营性用地,挂牌,城镇住宅70年、教育50年,石家庄市美的房地产开发有限公司,65500万元,2019-10-24,2020-05-08 14:39:10,http://218.69.100.10/news.aspx?id=1017546,86e9dfb4ca0df78a463987502dab072f,
津宝（挂）2019-027号,2019-10-25,津宝（挂）2019-027号,宝坻区支路一与支路四交口,64614.9方米,大于1.0且不大于1.2,经营性用地,挂牌,城镇住宅70年、商服40年,天津城投置地投资发展有限公司,27740万元,2019-10-25,2020-05-08 14:39:12,http://218.69.100.10/news.aspx?id=1017635,0097531a82903828c5fb0f226ea8d7f2,
津宝（挂）2019-028号,2019-10-25,津宝（挂）2019-028号,宝坻区次干路一与钰华街交口,62309.4方米,大于1.0且不大于1.6,经营性用地,挂牌,城镇住宅70年、商服40年,天津城投置地投资发展有限公司,31310万元,2019-10-25,2020-05-08 14:39:15,http://218.69.100.10/news.aspx?id=1017636,2d3df97b40574e912676e4f156a5b9fc,
津南（挂）2019-15号,2019-10-25,津南（挂）2019-15号,津南区小站镇,28919.4方米,大于1.0且不大于1.5,经营性用地,挂牌,70年,中铁建设集团房地产有限公司,9200万元,2019-10-25,2020-05-08 14:39:17,http://218.69.100.10/news.aspx?id=1017637,3695852ec142406ad6e0807bf1ea938e,
津南（挂）2019-16号,2019-10-25,津南（挂）2019-16号,津南区小站镇,11058.3方米,大于1.0且不大于1.4,经营性用地,挂牌,70年,中铁建设集团房地产有限公司,3330万元,2019-10-25,2020-05-08 14:39:20,http://218.69.100.10/news.aspx?id=1017638,a957693d0528362b75108d1c9812e9c9,
津西青（挂）G2019-04号,2019-10-28,津西青（挂）G2019-04号,天津市西青区张家窝镇天华路以东,46799.3方米,1.0-1.5,工业用地,挂牌,50年,天津市中升挑战生物科技有限公司,4180万元,2019-10-28,2020-05-08 14:39:22,http://218.69.100.10/news.aspx?id=1017639,a0ba8e3ab7fd023fe90cd3b1772206b6,
津西青（挂）G2019-05号,2019-10-28,津西青（挂）G2019-05号,天津市西青区张家窝镇安泽道以北,11999.7方米,1.0-1.5,工业用地,挂牌,50年,金西盟干细胞（天津）有限责任公司,1070万元,2019-10-28,2020-05-08 14:39:25,http://218.69.100.10/news.aspx?id=1017641,b5ea852f986b14ce09227793b4b70ce5,
津西青（挂）2019-19号,2019-10-28,津西青（挂）2019-19号,西青区张家窝镇京福公路以西、汇仁道以北,17596方米,≤4.0,经营性用地,挂牌,40年,光启（天津）商业管理有限公司,19500万元,2019-10-28,2020-05-08 14:39:27,http://218.69.100.10/news.aspx?id=1017642,8157ed1134856820f193ef0d1ac0a197,
津西青（挂）2019-20号,2019-10-28,津西青（挂）2019-20号,西青区张家窝镇睿智道以南,4450方米,≤0.8,经营性用地,挂牌,40年,天津市元林加油站有限公司,2500万元,2019-10-28,2020-05-08 14:39:29,http://218.69.100.10/news.aspx?id=1017643,4f374155c6b23aebabaca8a5a0f8e640,
津丽（挂）2019-12号,2019-10-30,津丽（挂）2019-12号,东丽区金钟街津围大道与金钟路交口,189536.5方米,≤2.0,经营性用地,挂牌,城镇住宅用地70年，商服用地40年，教育用地50年，交通服务场站用地50年，公园与绿地50年,中交置业有限公司,245100万元,2019-10-30,2020-05-08 14:39:31,http://218.69.100.10/news.aspx?id=1017797,36b15b0db7ac61609fa98741b8aef3a1,
津武（挂）G2019-023号,2019-10-31,津武（挂）G2019-023号,天津市武清区汽车园云景道南侧,66667.5方米,≥0.8,工业用地,挂牌,50年,清联智造（天津）实业有限公司,3550万元,2019-10-31,2020-05-08 14:39:34,http://218.69.100.10/news.aspx?id=1018010,58aa3f03f42dbce9f0756f2df040dbf0,
津宁（挂）G2019-11号,2019-10-31,津宁（挂）G2019-11号,天津市宁河区现代产业区,188147方米,≤1.2,工业用地,挂牌,50年,天津嘉富科技有限公司,14120万元,2019-10-31,2020-05-08 14:39:36,http://218.69.100.10/news.aspx?id=1018011,a4b9afa007d2a57f854de38486f6d6c1,
津辰园（挂）G2019-010号,2019-11-08,津辰园（挂）G2019-010号,天津市北辰区科技园区,216857.9平方米,0.7-1.5,工业用地,挂牌,50年,天津雷沃泉康农业机械有限公司,12974万元,2019-11-8,2020-05-08 14:39:39,http://218.69.100.10/news.aspx?id=1018375,ac7665049fa2839e4963649b5ea44399,
津宝（挂）G2018-005号,2019-11-14,津宝（挂）G2018-005号 ,天津市宝坻区林亭口镇二经路与四纬路交口,58106 平方米,≥0.8 ,工业用地,挂牌,50年,天津科宝企业管理有限公司,1920万元,2019-11-14,2020-05-08 14:39:41,http://218.69.100.10/news.aspx?id=1018678,fd421ac13a463a5a8ae0aae85c6c7376,
津蓟工（挂）2019-016号,2019-11-14,津蓟工（挂）2019-016号,天津市蓟州区仓园街南侧、富裕路西侧,9700.3平方米,≥0.8,工业用地,挂牌,50年,御洁坊（天津）科技有限公司,370万元,2019-11-14,2020-05-08 14:39:45,http://218.69.100.10/news.aspx?id=1018679,ac05ba5e3efd2d8da12454c24ef6aeef,
津蓟工（挂）2019-010号,2019-11-14,津蓟工（挂）2019-010号,天津市蓟州区仓园街南侧、富裕路西侧,19430.2平方米,≥0.8,工业用地,挂牌,50年,天津弘扬永鑫科技有限公司,740万元,2019-11-14,2020-05-08 14:39:46,http://218.69.100.10/news.aspx?id=1018681,c02f680e82a21ad28a902ee67aa38b7d,
津蓟工（挂）2019-017号,2019-11-14,津蓟工（挂）2019-017号,天津市蓟州区仓园街南侧、富裕路西侧,9700.9平方米,≥0.8,工业用地,挂牌,50年,御邦（天津）科技有限公司,370万元,2019-11-14,2020-05-08 14:39:48,http://218.69.100.10/news.aspx?id=1018682,f95a34644f12ec47190cb7e81801a4f9,
津蓟集（挂）2018-012号,2019-11-21,津蓟集（挂）2018-012号,蓟州区罗庄子镇和平村,1250.0方米,1.0以下,经营性用地,挂牌,40年,天津蓟州区博达安农业科技有限公司,75万元,2019-11-21,2020-05-08 14:39:51,http://218.69.100.10/news.aspx?id=1018935,23ec860733b9a3c0adeeb23bd3ba2b39,
津蓟集（挂）2018-013号,2019-11-21,津蓟集（挂）2018-013号,蓟州区罗庄子镇和平村,3926.1方米,1.0以下,经营性用地,挂牌,40年,天津蓟州区博达安农业科技有限公司,235.566万元,2019-11-21,2020-05-08 14:39:53,http://218.69.100.10/news.aspx?id=1018936,4a8110094b774019556bf24c3784dbe0,
津武（挂）2019-065号,2019-11-22,津武（挂）2019-065号,武清区高村镇书院道西侧,27195.1方米,大于1.0且不大于1.6,经营性用地,挂牌,城镇住宅70年、商服40年,首金茂创（天津）置业发展有限公司,32800万元,2019-11-22,2020-05-08 14:39:56,http://218.69.100.10/news.aspx?id=1019060,40e96283ef5c7ab1ac8a6f3506e59955,
津西青（挂）2019-21号,2019-11-27,津西青（挂）2019-21号,西青区张家窝镇京福公路以西、丰泽道以南,46861.1方米,大于1.0小于等于2.0,经营性用地,挂牌,70年,天津融承和景企业管理咨询有限公司,94800万元,2019-11-27,2020-05-08 14:39:59,http://218.69.100.10/news.aspx?id=1019449,fac16736a6167a73538163861fd21b7a,
津北辰双（挂）2019-146号,2019-12-11,津北辰双（挂）2019-146号,北辰区和正道与双裕路交口东北侧,91499.3方米,≤2.0,经营性用地,挂牌,城镇住宅70年、商服40年,天津北科置业有限责任公司,55000万元,2019-12-11,2020-05-08 14:40:01,http://218.69.100.10/news.aspx?id=1020147,570856d3f7a915c5701fbd530bae2939,
津武（挂）G2019-077号,2019-12-12,津武（挂）G2019-077号,天津市武清区高村镇汇旺道南侧,164335方米,≥1.0,工业用地,挂牌,50年,中国电信集团有限公司京津冀大数据基地建设运营中心,8520万元,2019-12-12,2020-05-08 14:40:04,http://218.69.100.10/news.aspx?id=1020148,015b66f32c681c51a5f930eddd97eed8,
津海河园（挂）2019-148号,2019-12-13,津海河园（挂）2019-148号,天津海河教育园区雅润路与福明路交口西南侧,50224方米,不大于1.4,经营性用地,挂牌,城镇住宅70年、商服40年,天津金泰丰房地产开发有限公司,64000万元,2019-12-13,2020-05-08 14:40:07,http://218.69.100.10/news.aspx?id=1020149,771f16800cb81344f5d91307100bb9a5,
津辰园（挂）G2019-011号,2019-12-23,津辰园（挂）G2019-011号,天津市北辰区科技园区,14424方米,0.7-1.5,工业用地,挂牌,50年,天津市聚能高压泵有限公司,1201万元,2019-12-19,2020-05-08 14:40:09,http://218.69.100.10/news.aspx?id=1020533,b16274dfa024442eb1f8c55b0bc858dc,
津宝（挂）2018-012号,2019-12-23,津宝（挂）2018-012号,宝坻区南城东路北侧,11219方米,不大于2.0,经营性用地,挂牌,商服40年,天津京宝置业有限公司,4730万元,2019-12-18,2020-05-08 14:40:12,http://218.69.100.10/news.aspx?id=1020534,9315e223da41762765e7d205c79ddc9c,
津武（挂）2019-080号,2019-12-23,津武（挂）2019-080号,武清区新城新开路西侧,54772.4方米,大于1.0且不大于1.6,经营性用地,挂牌,城镇住宅70年、商服40年、科教50年,中建一局集团房地产开发有限公司,60400万元,2019-12-18,2020-05-08 14:40:13,http://218.69.100.10/news.aspx?id=1020535,332896dcaafc2d8d309496b9e31de31c,
津蓟工（挂）2019-012号,2019-12-23,津蓟工（挂）2019-012号,天津市蓟州区津围公路东侧、仓园街南侧,40760.4方米,≥0.8,工业用地,挂牌,50年,天津盘阳科技有限公司,1550万元,2019-12-19,2020-05-08 14:40:16,http://218.69.100.10/news.aspx?id=1020536,25fa6b68741d14dba21527e37b07bfa0,
津蓟工（挂）2019-013号,2019-12-23,津蓟工（挂）2019-013号,天津市蓟州区津围公路东侧、仓园街南侧,47884.9方米,≥0.8,工业用地,挂牌,50年,天津绅名科技有限公司,1820万元,2019-12-19,2020-05-08 14:40:19,http://218.69.100.10/news.aspx?id=1020537,741b7cc8d75bb33869345abfc3d3d915,
津辰示（挂）G2019-013号,2019-12-23,津辰示（挂）G2019-013号,天津市北辰区医药医疗器械工业园,33333方米,0.7-2.2,工业用地,挂牌,50年,天津新伟动力科技有限公司,3561万元,2019-12-19,2020-05-08 14:40:21,http://218.69.100.10/news.aspx?id=1020538,2807bf6a1589f61564d6463c987d94a6,
津宁（挂）G2017-05号,2019-12-23,津宁（挂）G2017-05号,天津市宁河区经济开发区,43280.9方米,≥0.8,工业用地,挂牌,50年,天津常春灯泡电线有限公司,1671万元,2019-12-20,2020-05-08 14:40:24,http://218.69.100.10/news.aspx?id=1020539,a54173ee7368414a8e20d27531f82fa8,
津丽让住商字2019-01号,2019-12-27,津丽让住商字2019-01号,,89.4平方米,,商业用地,现状补办出让,40年,,,,2020-05-08 14:40:26,http://218.69.100.10/news.aspx?id=1020820,5e45d3e638d13f31585ca0302eaa9330,
津丽让住商字2019-02号,2019-12-27,津丽让住商字2019-02号,,19.39平方米,,商业,现状补办出让,40年,,,,2020-05-08 14:40:29,http://218.69.100.10/news.aspx?id=1020842,b42c0682d8b92d43ccd1af379dfcfd01,
津丽让住商字2019-03号,2019-12-27,津丽让住商字2019-03号,东丽区新立花园幸福路18号,64.2平方米,,商业,现状补办出让,40年,,,,2020-05-08 14:40:31,http://218.69.100.10/news.aspx?id=1020844,933b3f1594f58e9d59c788c1a3d55330,
津西青（挂）2019-28号地块国有建设用地使用权的公开挂牌出让公告,2020-01-07,,,,,,,,,,,2020-05-08 14:40:34,http://218.69.100.10/news.aspx?id=1021211,6ff174dec77958125ab2cd8c8ddc64de,
津辰园（挂）G2019-012号,2020-01-07,津辰园（挂）G2019-012号,天津市北辰区科技园区,20867.9方米,0.7-1.5,工业用地,挂牌,50年,赛迈斯（天津）科技有限公司,1735万元,2019-12-26,2020-05-08 14:40:36,http://218.69.100.10/news.aspx?id=1021212,a055e058d64c241a48a79249cbfbe282,
津宝（挂）G2019-004号,2020-01-07,津宝（挂）G2019-004号,天津市宝坻区中关村科技城宝富东路与西环北路交口,58846.7方米,≥1.0,工业用地,挂牌,50年,星泓（天津）生物科技发展有限公司,2010万元,2019-12-26,2020-05-08 14:40:38,http://218.69.100.10/news.aspx?id=1021213,41febc5582620672ef5789851eff015b,
津静（挂）G2019-12号,2020-01-07,津静（挂）G2019-12号,天津市静海经济开发区爱玛路北侧,20021.4方米,1.0-1.5,工业用地,挂牌,50年,汉能（天津）汽车制造有限公司,1020万元,2019-12-26,2020-05-08 14:40:40,http://218.69.100.10/news.aspx?id=1021214,352b518677767317abfb12931aaf35a4,
津静（挂）G2019-17号,2020-01-07,津静（挂）G2019-17号,天津市静海经济开发区顺帆路北侧,79222.9方米,≥1.0,工业用地,挂牌,50年,天津市乾地生物科技有限公司,3370万元,2019-12-26,2020-05-08 14:40:42,http://218.69.100.10/news.aspx?id=1021215,77af87290254235b55b62a9cd12e78d5,
津静（挂）G2019-32号,2020-01-07,津静（挂）G2019-32号,天津市静海经济开发区京福公路南侧,47461.4方米,≥1.0,工业用地,挂牌,50年,亮点服装服饰（天津）有限公司,1870万元,2019-12-26,2020-05-08 14:40:44,http://218.69.100.10/news.aspx?id=1021216,d34b573933a03224e7fea5fc0b101023,
津丽张2004--049号,2020-01-07,津丽张2004--049号,东丽区张贵庄南侧居住区,55844.4方米,大于1.0，不大于1.5,经营性用地,挂牌,城镇住宅为2077年6月13日、商服用地为2047年6月13日,天津市政投资有限公司,124000万元,2019-12-27,2020-05-08 14:40:46,http://218.69.100.10/news.aspx?id=1021217,8f2f499fb3f43b8333056fe32c08ff37,
津武(挂)2019-055号,2020-01-07,津武(挂)2019-055号,武清区新城光明道南侧,112017方米,不大于1.6,经营性用地,挂牌,城镇住宅70年、商服40年,中建一局集团房地产开发有限公司,88300万元,2019-12-31,2020-05-08 14:40:49,http://218.69.100.10/news.aspx?id=1021218,f7e574b5f6e6f80f5fa4698a0eb304c2,
津辰张（挂）2019-015号,2020-01-07,津辰张（挂）2019-015号,北辰区民安路西侧,42835.2方米,不大于1.6,经营性用地,挂牌,城镇住宅70年、商服40年、公园与绿地50年,天津新城悦尚房地产开发有限公司,24516万元,2020-01-02,2020-05-08 14:40:52,http://218.69.100.10/news.aspx?id=1021219,b25b9c938855978048aa5ad8a2eb18f8,
津辰张（挂）2019-017号,2020-01-07,津辰张（挂）2019-017号,北辰区永康道西侧,50589.6方米,不大于1.6,经营性用地,挂牌,城镇住宅70年、商服40年、公园与绿地50年,天津新城悦尚房地产开发有限公司,29044万元,2020-01-02,2020-05-08 14:40:55,http://218.69.100.10/news.aspx?id=1021220,3acef1e228298238d587bf8882e18d96,
津辰张（挂）2019-014号,2020-01-07,津辰张（挂）2019-014号,北辰区义安路西侧,38376.7方米,不大于1.6,经营性用地,挂牌,城镇住宅70年、商服40年、公园与绿地50年,天津金湘房地产开发有限公司,21800万元,2020-01-02,2020-05-08 14:40:57,http://218.69.100.10/news.aspx?id=1021221,b0c5c5c437ff5133aab3e1cf798c8611,
津蓟工（挂）2019-007号,2020-01-07,津蓟工（挂）2019-007号,天津市蓟州区九山顶路东侧、金水河东街北侧,13993.1方米,≥1.0,工业用地,挂牌,50年,大千（天津）家具有限公司,490万元,2020-01-06,2020-05-08 14:40:59,http://218.69.100.10/news.aspx?id=1021222,d815f5af78647ec2400775e0b7142e7f,
津丽让住商字2020-01号,2020-04-01,津丽让住商字2020-01号,东丽区天山路-55号,18.8平方米,,商业,现状补办出让,40年,,,,2020-05-08 14:41:01,http://218.69.100.10/news.aspx?id=1023366,9bbd8f4467e296a45ae49f6277749d66,
（武清区）关于津武（石各庄镇）2004-058号宗地规划调整的公示,2020-04-16,,,,,,,,,,,2020-05-08 14:41:04,http://218.69.100.10/news.aspx?id=1024034,f7b4b08285439dc77c7168df7151aad8,
津东丽悦（挂）2020-005号,2020-04-28,津东丽悦（挂）2020-005号,东丽区沙柳南路与悦山道交口,50273.7平方米,≤1.8,经营性用地,挂牌,城镇住宅70年、商服40年、科教50年,天津成茂置业有限公司,81500万元,2020-04-28,2020-05-08 14:41:05,http://218.69.100.10/news.aspx?id=1024464,868ee4e1bed47e8d2cdd1a80a82af2ab,
津南（挂）2019-10号,2019-09-12,津南（挂）2019-10号,津南区八里台镇,,,住宅用地,挂牌,40年,德州平德置业有限公司,56000万元,2019-09-12,2020-05-08 14:41:14,http://218.69.100.10/news.aspx?id=1015447,6a159b1757f60eaa8e9bee795c6a8f8b,
津南（挂）2019-10号,2019-09-12,津南（挂）2019-10号,津南区八里台镇,,,住宅用地,挂牌,40年,德州平德置业有限公司,56000万元,2019-09-12,2020-05-08 14:41:16,http://218.69.100.10/news.aspx?id=1015447,6a159b1757f60eaa8e9bee795c6a8f8b,
津南（挂）2019-10号,2019-09-12,津南（挂）2019-10号,津南区八里台镇,,,住宅用地,挂牌,40年,德州平德置业有限公司,56000万元,2019-09-12,2020-05-08 14:41:18,http://218.69.100.10/news.aspx?id=1015447,6a159b1757f60eaa8e9bee795c6a8f8b,
津南（挂）2019-13号,2019-09-12,津南（挂）2019-13号,津南区八里台镇 ,18110.5 平方米,,商服用地,挂牌,40年,天津星城置业有限公司,5500万元,2019-09-12,2020-05-08 14:41:21,http://218.69.100.10/news.aspx?id=1015449,fa40f542cc0ac32eae2c3ef8c0b77c36,
津南（挂）2019-12号,2019-09-12,津南（挂）2019-12号,津南区八里台镇 ,8953.8平方米,,商服用地,挂牌,40年,天津星城置业有限公司,2700万元,2019-09-12,2020-05-08 14:41:23,http://218.69.100.10/news.aspx?id=1015450,0a26802ab58b175d57594ee4f3a5563b,
津辰风（挂）G2019-008号,2019-09-12,津辰风（挂）G2019-008号,天津市北辰区天津高端装备制造产业园,66667.4方米,,工业用地,挂牌,50年,天津市飞龙砼外加剂有限公司,5104万元,2019-09-12,2020-05-08 14:41:25,http://218.69.100.10/news.aspx?id=1015452,22e8875206f56aa99fd2278ad500a261,
津宝（挂）2019-021号,2019-09-25,津宝（挂）2019-021号,宝坻区安成街与望都路交口,34537.5方米,大于1.0且不大于1.8,经营性用地,挂牌,城镇住宅70年、商服40年,天津中宝冠城置业发展有限公司,32000万元,2019-09-25,2020-05-08 14:41:27,http://218.69.100.10/news.aspx?id=1016052,b8611ebdeefaa5a1e8c4cfd45454d493,
津宝（挂）2019-022号,2019-09-25,津宝（挂）2019-022号,宝坻区渔阳路与望都路交口,32393.4方米,大于1.0且不大于1.8,经营性用地,挂牌,城镇住宅70年、商服40年,天津安田置地发展有限公司,32000万元,2019-09-25,2020-05-08 14:41:30,http://218.69.100.10/news.aspx?id=1016053,3bb69f262bdf795fb358757e7ffd097d,
津丽（挂）2019-10号,2019-09-26,津丽（挂）2019-10号,东丽区东丽湖星灿道以南，东丽湖路以西,238768方米,≤1.2,经营性用地,挂牌,城镇住宅70年，商服40年、教育50年,中建信和地产有限公司,145500万元,2019-09-26,2020-05-08 14:41:32,http://218.69.100.10/news.aspx?id=1016261,73011c7d1a6fa9f7c5d355300642e880,
津宁（挂）G2019-12号,2019-10-10,津宁（挂）G2019-12号,天津市宁河区潘庄工业区,43908.5方米,≥1.0,工业用地,挂牌,50年,鼎膳（天津）食品贸易有限责任公司,1900万元,2019-10-10,2020-05-08 14:41:35,http://218.69.100.10/news.aspx?id=1016995,6da0e76e9f3740a742209f19a38262e5,
津武（挂）G2019-045号,2019-10-10,津武（挂）G2019-045号,天津市武清区开发区源和道南侧,48202.5方米,≥0.8,工业用地,挂牌,50年,铁科节能环保技术有限公司,2650万元,2019-10-10,2020-05-08 14:41:37,http://218.69.100.10/news.aspx?id=1016996,551860a37c6989945293c1106d5c0214,
津武（挂）G2019-036号,2019-10-10,津武（挂）G2019-036号,天津市武清区河西务镇十四纬路南侧,35245方米,≥1.0,工业用地,挂牌,50年,天津津帆供应链管理有限公司,2010万元,2019-10-10,2020-05-08 14:41:40,http://218.69.100.10/news.aspx?id=1016997,27b9ba59cc8b53a6160101dd94a648b8,
津蓟（挂）2019-030号,2019-10-10,津蓟（挂）2019-030号,天津市蓟州区秋实路西侧、州河北街北侧,48715.4方米,不大于1.4且大于1.0,经营性用地,挂牌,城镇住宅70年、商务金融40年,天津兴韵房地产开发有限公司,32450万元,2019-10-10,2020-05-08 14:41:43,http://218.69.100.10/news.aspx?id=1016998,9a71900c3a525f5e435a6c172846ff69,
津蓟（挂）2019-031号,2019-10-10,津蓟（挂）2019-031号,天津市蓟州区冬逸路东侧、州河北街北侧,21354.5方米,不大于1.28且大于1.0,经营性用地,挂牌,城镇住宅70年、商务金融40年,天津兴韵房地产开发有限公司,11860万元,2019-10-10,2020-05-08 14:41:45,http://218.69.100.10/news.aspx?id=1016999,db696601eef67373ad9bda23c39d2ca8,
津蓟集（挂）2019-003号,2019-10-17,津蓟集（挂）2019-003号,天津市蓟州区康平路东侧，网通公司北侧,8750.1方米,不大于2.0,经营性用地,挂牌,40年,天津渔山之阳置业有限公司,3675.042万元,2019-10-17,2020-05-08 14:41:48,http://218.69.100.10/news.aspx?id=1017472,95458b68542fdf0aa2bd232a9d047f15,
津武（挂）2019-071号,2019-10-17,津武（挂）2019-071号,武清区下朱庄街清溪路西侧,108757.2方米,不大于2.4,经营性用地,挂牌,40年,亿鑫巨贸（天津）房屋租赁有限公司,30800万元,2019-10-17,2020-05-08 14:41:50,http://218.69.100.10/news.aspx?id=1017473,3120a3a5631005407455ea9979713124,
津东万(挂)2018-202号,2019-10-18,津东万(挂)2018-202号,河东区万东路与程昆道交口,33157.1方米,,经营性用地,挂牌,城镇住宅70年，商服40年,大华（天津）发展有限公司,130000万元,2019-10-18,2020-05-08 14:41:52,http://218.69.100.10/news.aspx?id=1017474,3ff5d9858ee20c84275e5286d95c5363,
津蓟工（挂）2019-011号,2019-10-21,津蓟工（挂）2019-011号,天津市蓟州区津围公路东侧、仓园街南侧,98221方米,≥0.8,工业用地,挂牌,50年,天津哈工永兴科技有限公司,3730万元,2019-10-21,2020-05-08 14:41:54,http://218.69.100.10/news.aspx?id=1017475,b6b0e60be1713a4b26ca8da2441d131f,
津北辰辰（挂）2019-130号,2019-10-23,津北辰辰（挂）2019-130号,辰柳路与新雅道交口东北侧,45143.6方米,≤2.5,经营性用地,挂牌,城镇住宅70年，商服40年、科教50年,大华（天津）发展有限公司,70000万元,2019-10-23,2020-05-08 14:41:56,http://218.69.100.10/news.aspx?id=1017476,e59647c8c626b7c3c3adc4e6a4e4725f,
津北辰辰（挂）2019-129号,2019-10-23,津北辰辰（挂）2019-129号,辰柳路与新雅道交口西北侧,31249.9方米,≤2.5,经营性用地,挂牌,城镇住宅70年、商服40年、公园与绿地50年,通辽希望（集团）房地产开发有限公司,33000万元,2019-10-23,2020-05-08 14:41:58,http://218.69.100.10/news.aspx?id=1017477,5b2720b2a3f7fb5f873fca03d1eb793c,
津北金（挂）2019-133号,2019-10-23,津北金（挂）2019-133号,河北区金钟河大街与万柳村大街交口东北侧,26998.4方米,,经营性用地,挂牌,城镇住宅70年、商服40年、公园与绿地50年,天津弘创置业有限公司,72500万元,2019-10-23,2020-05-08 14:42:00,http://218.69.100.10/news.aspx?id=1017478,826109b7e2440f415039683ed56bd3a9,
津宁（挂）G2019-10号,2019-10-24,津宁（挂）G2019-10号,天津市宁河区现代产业区,7237.1方米,≥1.0,工业用地,挂牌,50年,天津腾悦模具有限公司,310万元,2019-10-24,2020-05-08 14:42:03,http://218.69.100.10/news.aspx?id=1017545,c33fad4c775943dfc4274cd1cff198ae,
津南（挂）2019-17号,2019-10-24,津南（挂）2019-17号,津南区辛庄镇,38321.3方米,大于1.0且不大于2.0,经营性用地,挂牌,城镇住宅70年、教育50年,石家庄市美的房地产开发有限公司,65500万元,2019-10-24,2020-05-08 14:42:05,http://218.69.100.10/news.aspx?id=1017546,86e9dfb4ca0df78a463987502dab072f,
津宝（挂）2019-027号,2019-10-25,津宝（挂）2019-027号,宝坻区支路一与支路四交口,64614.9方米,大于1.0且不大于1.2,经营性用地,挂牌,城镇住宅70年、商服40年,天津城投置地投资发展有限公司,27740万元,2019-10-25,2020-05-08 14:42:07,http://218.69.100.10/news.aspx?id=1017635,0097531a82903828c5fb0f226ea8d7f2,
津宝（挂）2019-028号,2019-10-25,津宝（挂）2019-028号,宝坻区次干路一与钰华街交口,62309.4方米,大于1.0且不大于1.6,经营性用地,挂牌,城镇住宅70年、商服40年,天津城投置地投资发展有限公司,31310万元,2019-10-25,2020-05-08 14:42:09,http://218.69.100.10/news.aspx?id=1017636,2d3df97b40574e912676e4f156a5b9fc,
津南（挂）2019-15号,2019-10-25,津南（挂）2019-15号,津南区小站镇,28919.4方米,大于1.0且不大于1.5,经营性用地,挂牌,70年,中铁建设集团房地产有限公司,9200万元,2019-10-25,2020-05-08 14:42:12,http://218.69.100.10/news.aspx?id=1017637,3695852ec142406ad6e0807bf1ea938e,
津南（挂）2019-16号,2019-10-25,津南（挂）2019-16号,津南区小站镇,11058.3方米,大于1.0且不大于1.4,经营性用地,挂牌,70年,中铁建设集团房地产有限公司,3330万元,2019-10-25,2020-05-08 14:42:14,http://218.69.100.10/news.aspx?id=1017638,a957693d0528362b75108d1c9812e9c9,
津西青（挂）G2019-04号,2019-10-28,津西青（挂）G2019-04号,天津市西青区张家窝镇天华路以东,46799.3方米,1.0-1.5,工业用地,挂牌,50年,天津市中升挑战生物科技有限公司,4180万元,2019-10-28,2020-05-08 14:42:17,http://218.69.100.10/news.aspx?id=1017639,a0ba8e3ab7fd023fe90cd3b1772206b6,
津西青（挂）G2019-05号,2019-10-28,津西青（挂）G2019-05号,天津市西青区张家窝镇安泽道以北,11999.7方米,1.0-1.5,工业用地,挂牌,50年,金西盟干细胞（天津）有限责任公司,1070万元,2019-10-28,2020-05-08 14:42:20,http://218.69.100.10/news.aspx?id=1017641,b5ea852f986b14ce09227793b4b70ce5,
津西青（挂）2019-19号,2019-10-28,津西青（挂）2019-19号,西青区张家窝镇京福公路以西、汇仁道以北,17596方米,≤4.0,经营性用地,挂牌,40年,光启（天津）商业管理有限公司,19500万元,2019-10-28,2020-05-08 14:42:22,http://218.69.100.10/news.aspx?id=1017642,8157ed1134856820f193ef0d1ac0a197,
津西青（挂）2019-20号,2019-10-28,津西青（挂）2019-20号,西青区张家窝镇睿智道以南,4450方米,≤0.8,经营性用地,挂牌,40年,天津市元林加油站有限公司,2500万元,2019-10-28,2020-05-08 14:42:24,http://218.69.100.10/news.aspx?id=1017643,4f374155c6b23aebabaca8a5a0f8e640,
津丽（挂）2019-12号,2019-10-30,津丽（挂）2019-12号,东丽区金钟街津围大道与金钟路交口,189536.5方米,≤2.0,经营性用地,挂牌,城镇住宅用地70年，商服用地40年，教育用地50年，交通服务场站用地50年，公园与绿地50年,中交置业有限公司,245100万元,2019-10-30,2020-05-08 14:42:27,http://218.69.100.10/news.aspx?id=1017797,36b15b0db7ac61609fa98741b8aef3a1,
津武（挂）G2019-023号,2019-10-31,津武（挂）G2019-023号,天津市武清区汽车园云景道南侧,66667.5方米,≥0.8,工业用地,挂牌,50年,清联智造（天津）实业有限公司,3550万元,2019-10-31,2020-05-08 14:42:29,http://218.69.100.10/news.aspx?id=1018010,58aa3f03f42dbce9f0756f2df040dbf0,
津宁（挂）G2019-11号,2019-10-31,津宁（挂）G2019-11号,天津市宁河区现代产业区,188147方米,≤1.2,工业用地,挂牌,50年,天津嘉富科技有限公司,14120万元,2019-10-31,2020-05-08 14:42:32,http://218.69.100.10/news.aspx?id=1018011,a4b9afa007d2a57f854de38486f6d6c1,
津辰园（挂）G2019-010号,2019-11-08,津辰园（挂）G2019-010号,天津市北辰区科技园区,216857.9平方米,0.7-1.5,工业用地,挂牌,50年,天津雷沃泉康农业机械有限公司,12974万元,2019-11-8,2020-05-08 14:42:34,http://218.69.100.10/news.aspx?id=1018375,ac7665049fa2839e4963649b5ea44399,
津宝（挂）G2018-005号,2019-11-14,津宝（挂）G2018-005号 ,天津市宝坻区林亭口镇二经路与四纬路交口,58106 平方米,≥0.8 ,工业用地,挂牌,50年,天津科宝企业管理有限公司,1920万元,2019-11-14,2020-05-08 14:42:37,http://218.69.100.10/news.aspx?id=1018678,fd421ac13a463a5a8ae0aae85c6c7376,
津蓟工（挂）2019-016号,2019-11-14,津蓟工（挂）2019-016号,天津市蓟州区仓园街南侧、富裕路西侧,9700.3平方米,≥0.8,工业用地,挂牌,50年,御洁坊（天津）科技有限公司,370万元,2019-11-14,2020-05-08 14:42:39,http://218.69.100.10/news.aspx?id=1018679,ac05ba5e3efd2d8da12454c24ef6aeef,
津南（挂）2019-13号,2019-09-12,津南（挂）2019-13号,津南区八里台镇 ,18110.5 平方米,,商服用地,挂牌,40年,天津星城置业有限公司,5500万元,2019-09-12,2020-05-08 14:42:43,http://218.69.100.10/news.aspx?id=1015449,fa40f542cc0ac32eae2c3ef8c0b77c36,
津南（挂）2019-12号,2019-09-12,津南（挂）2019-12号,津南区八里台镇 ,8953.8平方米,,商服用地,挂牌,40年,天津星城置业有限公司,2700万元,2019-09-12,2020-05-08 14:42:45,http://218.69.100.10/news.aspx?id=1015450,0a26802ab58b175d57594ee4f3a5563b,
津辰风（挂）G2019-008号,2019-09-12,津辰风（挂）G2019-008号,天津市北辰区天津高端装备制造产业园,66667.4方米,,工业用地,挂牌,50年,天津市飞龙砼外加剂有限公司,5104万元,2019-09-12,2020-05-08 14:42:48,http://218.69.100.10/news.aspx?id=1015452,22e8875206f56aa99fd2278ad500a261,
津宝（挂）2019-021号,2019-09-25,津宝（挂）2019-021号,宝坻区安成街与望都路交口,34537.5方米,大于1.0且不大于1.8,经营性用地,挂牌,城镇住宅70年、商服40年,天津中宝冠城置业发展有限公司,32000万元,2019-09-25,2020-05-08 14:42:50,http://218.69.100.10/news.aspx?id=1016052,b8611ebdeefaa5a1e8c4cfd45454d493,
津宝（挂）2019-022号,2019-09-25,津宝（挂）2019-022号,宝坻区渔阳路与望都路交口,32393.4方米,大于1.0且不大于1.8,经营性用地,挂牌,城镇住宅70年、商服40年,天津安田置地发展有限公司,32000万元,2019-09-25,2020-05-08 14:42:54,http://218.69.100.10/news.aspx?id=1016053,3bb69f262bdf795fb358757e7ffd097d,
津丽（挂）2019-10号,2019-09-26,津丽（挂）2019-10号,东丽区东丽湖星灿道以南，东丽湖路以西,238768方米,≤1.2,经营性用地,挂牌,城镇住宅70年，商服40年、教育50年,中建信和地产有限公司,145500万元,2019-09-26,2020-05-08 14:42:56,http://218.69.100.10/news.aspx?id=1016261,73011c7d1a6fa9f7c5d355300642e880,
津宁（挂）G2019-12号,2019-10-10,津宁（挂）G2019-12号,天津市宁河区潘庄工业区,43908.5方米,≥1.0,工业用地,挂牌,50年,鼎膳（天津）食品贸易有限责任公司,1900万元,2019-10-10,2020-05-08 14:43:00,http://218.69.100.10/news.aspx?id=1016995,6da0e76e9f3740a742209f19a38262e5,
津武（挂）G2019-045号,2019-10-10,津武（挂）G2019-045号,天津市武清区开发区源和道南侧,48202.5方米,≥0.8,工业用地,挂牌,50年,铁科节能环保技术有限公司,2650万元,2019-10-10,2020-05-08 14:43:02,http://218.69.100.10/news.aspx?id=1016996,551860a37c6989945293c1106d5c0214,
津武（挂）G2019-036号,2019-10-10,津武（挂）G2019-036号,天津市武清区河西务镇十四纬路南侧,35245方米,≥1.0,工业用地,挂牌,50年,天津津帆供应链管理有限公司,2010万元,2019-10-10,2020-05-08 14:43:04,http://218.69.100.10/news.aspx?id=1016997,27b9ba59cc8b53a6160101dd94a648b8,
津蓟（挂）2019-030号,2019-10-10,津蓟（挂）2019-030号,天津市蓟州区秋实路西侧、州河北街北侧,48715.4方米,不大于1.4且大于1.0,经营性用地,挂牌,城镇住宅70年、商务金融40年,天津兴韵房地产开发有限公司,32450万元,2019-10-10,2020-05-08 14:43:07,http://218.69.100.10/news.aspx?id=1016998,9a71900c3a525f5e435a6c172846ff69,
津蓟（挂）2019-031号,2019-10-10,津蓟（挂）2019-031号,天津市蓟州区冬逸路东侧、州河北街北侧,21354.5方米,不大于1.28且大于1.0,经营性用地,挂牌,城镇住宅70年、商务金融40年,天津兴韵房地产开发有限公司,11860万元,2019-10-10,2020-05-08 14:43:09,http://218.69.100.10/news.aspx?id=1016999,db696601eef67373ad9bda23c39d2ca8,
津蓟集（挂）2019-003号,2019-10-17,津蓟集（挂）2019-003号,天津市蓟州区康平路东侧，网通公司北侧,8750.1方米,不大于2.0,经营性用地,挂牌,40年,天津渔山之阳置业有限公司,3675.042万元,2019-10-17,2020-05-08 14:43:11,http://218.69.100.10/news.aspx?id=1017472,95458b68542fdf0aa2bd232a9d047f15,
津武（挂）2019-071号,2019-10-17,津武（挂）2019-071号,武清区下朱庄街清溪路西侧,108757.2方米,不大于2.4,经营性用地,挂牌,40年,亿鑫巨贸（天津）房屋租赁有限公司,30800万元,2019-10-17,2020-05-08 14:43:14,http://218.69.100.10/news.aspx?id=1017473,3120a3a5631005407455ea9979713124,
津东万(挂)2018-202号,2019-10-18,津东万(挂)2018-202号,河东区万东路与程昆道交口,33157.1方米,,经营性用地,挂牌,城镇住宅70年，商服40年,大华（天津）发展有限公司,130000万元,2019-10-18,2020-05-08 14:43:16,http://218.69.100.10/news.aspx?id=1017474,3ff5d9858ee20c84275e5286d95c5363,
津蓟工（挂）2019-011号,2019-10-21,津蓟工（挂）2019-011号,天津市蓟州区津围公路东侧、仓园街南侧,98221方米,≥0.8,工业用地,挂牌,50年,天津哈工永兴科技有限公司,3730万元,2019-10-21,2020-05-08 14:43:19,http://218.69.100.10/news.aspx?id=1017475,b6b0e60be1713a4b26ca8da2441d131f,
津北辰辰（挂）2019-130号,2019-10-23,津北辰辰（挂）2019-130号,辰柳路与新雅道交口东北侧,45143.6方米,≤2.5,经营性用地,挂牌,城镇住宅70年，商服40年、科教50年,大华（天津）发展有限公司,70000万元,2019-10-23,2020-05-08 14:43:22,http://218.69.100.10/news.aspx?id=1017476,e59647c8c626b7c3c3adc4e6a4e4725f,
津北辰辰（挂）2019-129号,2019-10-23,津北辰辰（挂）2019-129号,辰柳路与新雅道交口西北侧,31249.9方米,≤2.5,经营性用地,挂牌,城镇住宅70年、商服40年、公园与绿地50年,通辽希望（集团）房地产开发有限公司,33000万元,2019-10-23,2020-05-08 14:43:25,http://218.69.100.10/news.aspx?id=1017477,5b2720b2a3f7fb5f873fca03d1eb793c,
津北金（挂）2019-133号,2019-10-23,津北金（挂）2019-133号,河北区金钟河大街与万柳村大街交口东北侧,26998.4方米,,经营性用地,挂牌,城镇住宅70年、商服40年、公园与绿地50年,天津弘创置业有限公司,72500万元,2019-10-23,2020-05-08 14:43:28,http://218.69.100.10/news.aspx?id=1017478,826109b7e2440f415039683ed56bd3a9,
津宁（挂）G2019-10号,2019-10-24,津宁（挂）G2019-10号,天津市宁河区现代产业区,7237.1方米,≥1.0,工业用地,挂牌,50年,天津腾悦模具有限公司,310万元,2019-10-24,2020-05-08 14:43:31,http://218.69.100.10/news.aspx?id=1017545,c33fad4c775943dfc4274cd1cff198ae,
津南（挂）2019-17号,2019-10-24,津南（挂）2019-17号,津南区辛庄镇,38321.3方米,大于1.0且不大于2.0,经营性用地,挂牌,城镇住宅70年、教育50年,石家庄市美的房地产开发有限公司,65500万元,2019-10-24,2020-05-08 14:43:34,http://218.69.100.10/news.aspx?id=1017546,86e9dfb4ca0df78a463987502dab072f,
津宝（挂）2019-028号,2019-10-25,津宝（挂）2019-028号,宝坻区次干路一与钰华街交口,62309.4方米,大于1.0且不大于1.6,经营性用地,挂牌,城镇住宅70年、商服40年,天津城投置地投资发展有限公司,31310万元,2019-10-25,2020-05-08 14:43:38,http://218.69.100.10/news.aspx?id=1017636,2d3df97b40574e912676e4f156a5b9fc,
津南（挂）2019-15号,2019-10-25,津南（挂）2019-15号,津南区小站镇,28919.4方米,大于1.0且不大于1.5,经营性用地,挂牌,70年,中铁建设集团房地产有限公司,9200万元,2019-10-25,2020-05-08 14:43:40,http://218.69.100.10/news.aspx?id=1017637,3695852ec142406ad6e0807bf1ea938e,
津南（挂）2019-16号,2019-10-25,津南（挂）2019-16号,津南区小站镇,11058.3方米,大于1.0且不大于1.4,经营性用地,挂牌,70年,中铁建设集团房地产有限公司,3330万元,2019-10-25,2020-05-08 14:43:43,http://218.69.100.10/news.aspx?id=1017638,a957693d0528362b75108d1c9812e9c9,
津西青（挂）G2019-04号,2019-10-28,津西青（挂）G2019-04号,天津市西青区张家窝镇天华路以东,46799.3方米,1.0-1.5,工业用地,挂牌,50年,天津市中升挑战生物科技有限公司,4180万元,2019-10-28,2020-05-08 14:43:44,http://218.69.100.10/news.aspx?id=1017639,a0ba8e3ab7fd023fe90cd3b1772206b6,
津西青（挂）G2019-05号,2019-10-28,津西青（挂）G2019-05号,天津市西青区张家窝镇安泽道以北,11999.7方米,1.0-1.5,工业用地,挂牌,50年,金西盟干细胞（天津）有限责任公司,1070万元,2019-10-28,2020-05-08 14:43:48,http://218.69.100.10/news.aspx?id=1017641,b5ea852f986b14ce09227793b4b70ce5,
津西青（挂）2019-19号,2019-10-28,津西青（挂）2019-19号,西青区张家窝镇京福公路以西、汇仁道以北,17596方米,≤4.0,经营性用地,挂牌,40年,光启（天津）商业管理有限公司,19500万元,2019-10-28,2020-05-08 14:43:50,http://218.69.100.10/news.aspx?id=1017642,8157ed1134856820f193ef0d1ac0a197,
津西青（挂）2019-20号,2019-10-28,津西青（挂）2019-20号,西青区张家窝镇睿智道以南,4450方米,≤0.8,经营性用地,挂牌,40年,天津市元林加油站有限公司,2500万元,2019-10-28,2020-05-08 14:43:52,http://218.69.100.10/news.aspx?id=1017643,4f374155c6b23aebabaca8a5a0f8e640,
津丽（挂）2019-12号,2019-10-30,津丽（挂）2019-12号,东丽区金钟街津围大道与金钟路交口,189536.5方米,≤2.0,经营性用地,挂牌,城镇住宅用地70年，商服用地40年，教育用地50年，交通服务场站用地50年，公园与绿地50年,中交置业有限公司,245100万元,2019-10-30,2020-05-08 14:43:54,http://218.69.100.10/news.aspx?id=1017797,36b15b0db7ac61609fa98741b8aef3a1,
津武（挂）G2019-023号,2019-10-31,津武（挂）G2019-023号,天津市武清区汽车园云景道南侧,66667.5方米,≥0.8,工业用地,挂牌,50年,清联智造（天津）实业有限公司,3550万元,2019-10-31,2020-05-08 14:43:56,http://218.69.100.10/news.aspx?id=1018010,58aa3f03f42dbce9f0756f2df040dbf0,
津宁（挂）G2019-11号,2019-10-31,津宁（挂）G2019-11号,天津市宁河区现代产业区,188147方米,≤1.2,工业用地,挂牌,50年,天津嘉富科技有限公司,14120万元,2019-10-31,2020-05-08 14:44:01,http://218.69.100.10/news.aspx?id=1018011,a4b9afa007d2a57f854de38486f6d6c1,
津辰园（挂）G2019-010号,2019-11-08,津辰园（挂）G2019-010号,天津市北辰区科技园区,216857.9平方米,0.7-1.5,工业用地,挂牌,50年,天津雷沃泉康农业机械有限公司,12974万元,2019-11-8,2020-05-08 14:44:04,http://218.69.100.10/news.aspx?id=1018375,ac7665049fa2839e4963649b5ea44399,
津宝（挂）G2018-005号,2019-11-14,津宝（挂）G2018-005号 ,天津市宝坻区林亭口镇二经路与四纬路交口,58106 平方米,≥0.8 ,工业用地,挂牌,50年,天津科宝企业管理有限公司,1920万元,2019-11-14,2020-05-08 14:44:05,http://218.69.100.10/news.aspx?id=1018678,fd421ac13a463a5a8ae0aae85c6c7376,
津蓟工（挂）2019-016号,2019-11-14,津蓟工（挂）2019-016号,天津市蓟州区仓园街南侧、富裕路西侧,9700.3平方米,≥0.8,工业用地,挂牌,50年,御洁坊（天津）科技有限公司,370万元,2019-11-14,2020-05-08 14:44:08,http://218.69.100.10/news.aspx?id=1018679,ac05ba5e3efd2d8da12454c24ef6aeef,
津南（挂）2019-13号,2019-09-12,津南（挂）2019-13号,津南区八里台镇 ,18110.5 平方米,,商服用地,挂牌,40年,天津星城置业有限公司,5500万元,2019-09-12,2020-05-08 14:44:11,http://218.69.100.10/news.aspx?id=1015449,fa40f542cc0ac32eae2c3ef8c0b77c36,
津南（挂）2019-12号,2019-09-12,津南（挂）2019-12号,津南区八里台镇 ,8953.8平方米,,商服用地,挂牌,40年,天津星城置业有限公司,2700万元,2019-09-12,2020-05-08 14:44:13,http://218.69.100.10/news.aspx?id=1015450,0a26802ab58b175d57594ee4f3a5563b,
津辰风（挂）G2019-008号,2019-09-12,津辰风（挂）G2019-008号,天津市北辰区天津高端装备制造产业园,66667.4方米,,工业用地,挂牌,50年,天津市飞龙砼外加剂有限公司,5104万元,2019-09-12,2020-05-08 14:44:16,http://218.69.100.10/news.aspx?id=1015452,22e8875206f56aa99fd2278ad500a261,
津宝（挂）2019-021号,2019-09-25,津宝（挂）2019-021号,宝坻区安成街与望都路交口,34537.5方米,大于1.0且不大于1.8,经营性用地,挂牌,城镇住宅70年、商服40年,天津中宝冠城置业发展有限公司,32000万元,2019-09-25,2020-05-08 14:44:19,http://218.69.100.10/news.aspx?id=1016052,b8611ebdeefaa5a1e8c4cfd45454d493,
津宝（挂）2019-022号,2019-09-25,津宝（挂）2019-022号,宝坻区渔阳路与望都路交口,32393.4方米,大于1.0且不大于1.8,经营性用地,挂牌,城镇住宅70年、商服40年,天津安田置地发展有限公司,32000万元,2019-09-25,2020-05-08 14:44:22,http://218.69.100.10/news.aspx?id=1016053,3bb69f262bdf795fb358757e7ffd097d,
津丽（挂）2019-10号,2019-09-26,津丽（挂）2019-10号,东丽区东丽湖星灿道以南，东丽湖路以西,238768方米,≤1.2,经营性用地,挂牌,城镇住宅70年，商服40年、教育50年,中建信和地产有限公司,145500万元,2019-09-26,2020-05-08 14:44:23,http://218.69.100.10/news.aspx?id=1016261,73011c7d1a6fa9f7c5d355300642e880,
津宁（挂）G2019-12号,2019-10-10,津宁（挂）G2019-12号,天津市宁河区潘庄工业区,43908.5方米,≥1.0,工业用地,挂牌,50年,鼎膳（天津）食品贸易有限责任公司,1900万元,2019-10-10,2020-05-08 14:44:25,http://218.69.100.10/news.aspx?id=1016995,6da0e76e9f3740a742209f19a38262e5,
津宝（挂）2019-027号,2019-10-25,津宝（挂）2019-027号,宝坻区支路一与支路四交口,64614.9方米,大于1.0且不大于1.2,经营性用地,挂牌,城镇住宅70年、商服40年,天津城投置地投资发展有限公司,27740万元,2019-10-25,2020-05-08 14:44:29,http://218.69.100.10/news.aspx?id=1017635,0097531a82903828c5fb0f226ea8d7f2,
津武（挂）G2019-045号,2019-10-10,津武（挂）G2019-045号,天津市武清区开发区源和道南侧,48202.5方米,≥0.8,工业用地,挂牌,50年,铁科节能环保技术有限公司,2650万元,2019-10-10,2020-05-08 14:44:29,http://218.69.100.10/news.aspx?id=1016996,551860a37c6989945293c1106d5c0214,
津武（挂）G2019-036号,2019-10-10,津武（挂）G2019-036号,天津市武清区河西务镇十四纬路南侧,35245方米,≥1.0,工业用地,挂牌,50年,天津津帆供应链管理有限公司,2010万元,2019-10-10,2020-05-08 14:44:30,http://218.69.100.10/news.aspx?id=1016997,27b9ba59cc8b53a6160101dd94a648b8,
津蓟（挂）2019-030号,2019-10-10,津蓟（挂）2019-030号,天津市蓟州区秋实路西侧、州河北街北侧,48715.4方米,不大于1.4且大于1.0,经营性用地,挂牌,城镇住宅70年、商务金融40年,天津兴韵房地产开发有限公司,32450万元,2019-10-10,2020-05-08 14:44:34,http://218.69.100.10/news.aspx?id=1016998,9a71900c3a525f5e435a6c172846ff69,
津蓟（挂）2019-031号,2019-10-10,津蓟（挂）2019-031号,天津市蓟州区冬逸路东侧、州河北街北侧,21354.5方米,不大于1.28且大于1.0,经营性用地,挂牌,城镇住宅70年、商务金融40年,天津兴韵房地产开发有限公司,11860万元,2019-10-10,2020-05-08 14:44:35,http://218.69.100.10/news.aspx?id=1016999,db696601eef67373ad9bda23c39d2ca8,
津蓟集（挂）2019-003号,2019-10-17,津蓟集（挂）2019-003号,天津市蓟州区康平路东侧，网通公司北侧,8750.1方米,不大于2.0,经营性用地,挂牌,40年,天津渔山之阳置业有限公司,3675.042万元,2019-10-17,2020-05-08 14:44:38,http://218.69.100.10/news.aspx?id=1017472,95458b68542fdf0aa2bd232a9d047f15,
津武（挂）2019-071号,2019-10-17,津武（挂）2019-071号,武清区下朱庄街清溪路西侧,108757.2方米,不大于2.4,经营性用地,挂牌,40年,亿鑫巨贸（天津）房屋租赁有限公司,30800万元,2019-10-17,2020-05-08 14:44:40,http://218.69.100.10/news.aspx?id=1017473,3120a3a5631005407455ea9979713124,
津东万(挂)2018-202号,2019-10-18,津东万(挂)2018-202号,河东区万东路与程昆道交口,33157.1方米,,经营性用地,挂牌,城镇住宅70年，商服40年,大华（天津）发展有限公司,130000万元,2019-10-18,2020-05-08 14:44:43,http://218.69.100.10/news.aspx?id=1017474,3ff5d9858ee20c84275e5286d95c5363,
津蓟工（挂）2019-011号,2019-10-21,津蓟工（挂）2019-011号,天津市蓟州区津围公路东侧、仓园街南侧,98221方米,≥0.8,工业用地,挂牌,50年,天津哈工永兴科技有限公司,3730万元,2019-10-21,2020-05-08 14:44:45,http://218.69.100.10/news.aspx?id=1017475,b6b0e60be1713a4b26ca8da2441d131f,
津北辰辰（挂）2019-130号,2019-10-23,津北辰辰（挂）2019-130号,辰柳路与新雅道交口东北侧,45143.6方米,≤2.5,经营性用地,挂牌,城镇住宅70年，商服40年、科教50年,大华（天津）发展有限公司,70000万元,2019-10-23,2020-05-08 14:44:48,http://218.69.100.10/news.aspx?id=1017476,e59647c8c626b7c3c3adc4e6a4e4725f,
津北辰辰（挂）2019-129号,2019-10-23,津北辰辰（挂）2019-129号,辰柳路与新雅道交口西北侧,31249.9方米,≤2.5,经营性用地,挂牌,城镇住宅70年、商服40年、公园与绿地50年,通辽希望（集团）房地产开发有限公司,33000万元,2019-10-23,2020-05-08 14:44:50,http://218.69.100.10/news.aspx?id=1017477,5b2720b2a3f7fb5f873fca03d1eb793c,
津北金（挂）2019-133号,2019-10-23,津北金（挂）2019-133号,河北区金钟河大街与万柳村大街交口东北侧,26998.4方米,,经营性用地,挂牌,城镇住宅70年、商服40年、公园与绿地50年,天津弘创置业有限公司,72500万元,2019-10-23,2020-05-08 14:44:52,http://218.69.100.10/news.aspx?id=1017478,826109b7e2440f415039683ed56bd3a9,
津宁（挂）G2019-10号,2019-10-24,津宁（挂）G2019-10号,天津市宁河区现代产业区,7237.1方米,≥1.0,工业用地,挂牌,50年,天津腾悦模具有限公司,310万元,2019-10-24,2020-05-08 14:44:54,http://218.69.100.10/news.aspx?id=1017545,c33fad4c775943dfc4274cd1cff198ae,
津南（挂）2019-17号,2019-10-24,津南（挂）2019-17号,津南区辛庄镇,38321.3方米,大于1.0且不大于2.0,经营性用地,挂牌,城镇住宅70年、教育50年,石家庄市美的房地产开发有限公司,65500万元,2019-10-24,2020-05-08 14:44:56,http://218.69.100.10/news.aspx?id=1017546,86e9dfb4ca0df78a463987502dab072f,
津宝（挂）2019-027号,2019-10-25,津宝（挂）2019-027号,宝坻区支路一与支路四交口,64614.9方米,大于1.0且不大于1.2,经营性用地,挂牌,城镇住宅70年、商服40年,天津城投置地投资发展有限公司,27740万元,2019-10-25,2020-05-08 14:44:59,http://218.69.100.10/news.aspx?id=1017635,0097531a82903828c5fb0f226ea8d7f2,
津宝（挂）2019-028号,2019-10-25,津宝（挂）2019-028号,宝坻区次干路一与钰华街交口,62309.4方米,大于1.0且不大于1.6,经营性用地,挂牌,城镇住宅70年、商服40年,天津城投置地投资发展有限公司,31310万元,2019-10-25,2020-05-08 14:45:02,http://218.69.100.10/news.aspx?id=1017636,2d3df97b40574e912676e4f156a5b9fc,
津南（挂）2019-15号,2019-10-25,津南（挂）2019-15号,津南区小站镇,28919.4方米,大于1.0且不大于1.5,经营性用地,挂牌,70年,中铁建设集团房地产有限公司,9200万元,2019-10-25,2020-05-08 14:45:05,http://218.69.100.10/news.aspx?id=1017637,3695852ec142406ad6e0807bf1ea938e,
津南（挂）2019-16号,2019-10-25,津南（挂）2019-16号,津南区小站镇,11058.3方米,大于1.0且不大于1.4,经营性用地,挂牌,70年,中铁建设集团房地产有限公司,3330万元,2019-10-25,2020-05-08 14:45:07,http://218.69.100.10/news.aspx?id=1017638,a957693d0528362b75108d1c9812e9c9,
津西青（挂）G2019-04号,2019-10-28,津西青（挂）G2019-04号,天津市西青区张家窝镇天华路以东,46799.3方米,1.0-1.5,工业用地,挂牌,50年,天津市中升挑战生物科技有限公司,4180万元,2019-10-28,2020-05-08 14:45:09,http://218.69.100.10/news.aspx?id=1017639,a0ba8e3ab7fd023fe90cd3b1772206b6,
津西青（挂）G2019-05号,2019-10-28,津西青（挂）G2019-05号,天津市西青区张家窝镇安泽道以北,11999.7方米,1.0-1.5,工业用地,挂牌,50年,金西盟干细胞（天津）有限责任公司,1070万元,2019-10-28,2020-05-08 14:45:12,http://218.69.100.10/news.aspx?id=1017641,b5ea852f986b14ce09227793b4b70ce5,
津西青（挂）2019-19号,2019-10-28,津西青（挂）2019-19号,西青区张家窝镇京福公路以西、汇仁道以北,17596方米,≤4.0,经营性用地,挂牌,40年,光启（天津）商业管理有限公司,19500万元,2019-10-28,2020-05-08 14:45:14,http://218.69.100.10/news.aspx?id=1017642,8157ed1134856820f193ef0d1ac0a197,
津西青（挂）2019-20号,2019-10-28,津西青（挂）2019-20号,西青区张家窝镇睿智道以南,4450方米,≤0.8,经营性用地,挂牌,40年,天津市元林加油站有限公司,2500万元,2019-10-28,2020-05-08 14:45:17,http://218.69.100.10/news.aspx?id=1017643,4f374155c6b23aebabaca8a5a0f8e640,
津丽（挂）2019-12号,2019-10-30,津丽（挂）2019-12号,东丽区金钟街津围大道与金钟路交口,189536.5方米,≤2.0,经营性用地,挂牌,城镇住宅用地70年，商服用地40年，教育用地50年，交通服务场站用地50年，公园与绿地50年,中交置业有限公司,245100万元,2019-10-30,2020-05-08 14:45:20,http://218.69.100.10/news.aspx?id=1017797,36b15b0db7ac61609fa98741b8aef3a1,
津武（挂）G2019-023号,2019-10-31,津武（挂）G2019-023号,天津市武清区汽车园云景道南侧,66667.5方米,≥0.8,工业用地,挂牌,50年,清联智造（天津）实业有限公司,3550万元,2019-10-31,2020-05-08 14:45:22,http://218.69.100.10/news.aspx?id=1018010,58aa3f03f42dbce9f0756f2df040dbf0,
津宁（挂）G2019-11号,2019-10-31,津宁（挂）G2019-11号,天津市宁河区现代产业区,188147方米,≤1.2,工业用地,挂牌,50年,天津嘉富科技有限公司,14120万元,2019-10-31,2020-05-08 14:45:24,http://218.69.100.10/news.aspx?id=1018011,a4b9afa007d2a57f854de38486f6d6c1,
津宝（挂）G2018-005号,2019-11-14,津宝（挂）G2018-005号 ,天津市宝坻区林亭口镇二经路与四纬路交口,58106 平方米,≥0.8 ,工业用地,挂牌,50年,天津科宝企业管理有限公司,1920万元,2019-11-14,2020-05-08 14:45:29,http://218.69.100.10/news.aspx?id=1018678,fd421ac13a463a5a8ae0aae85c6c7376,
津辰园（挂）G2019-010号,2019-11-08,津辰园（挂）G2019-010号,天津市北辰区科技园区,216857.9平方米,0.7-1.5,工业用地,挂牌,50年,天津雷沃泉康农业机械有限公司,12974万元,2019-11-8,2020-05-08 14:45:29,http://218.69.100.10/news.aspx?id=1018375,ac7665049fa2839e4963649b5ea44399,
津蓟工（挂）2019-016号,2019-11-14,津蓟工（挂）2019-016号,天津市蓟州区仓园街南侧、富裕路西侧,9700.3平方米,≥0.8,工业用地,挂牌,50年,御洁坊（天津）科技有限公司,370万元,2019-11-14,2020-05-08 14:45:31,http://218.69.100.10/news.aspx?id=1018679,ac05ba5e3efd2d8da12454c24ef6aeef,
津南（挂）2019-10号,2019-09-12,津南（挂）2019-10号,津南区八里台镇,,,住宅用地,挂牌,40年,德州平德置业有限公司,56000万元,2019-09-12,2020-05-08 14:45:41,http://218.69.100.10/news.aspx?id=1015447,6a159b1757f60eaa8e9bee795c6a8f8b,
津南（挂）2019-10号,2019-09-12,津南（挂）2019-10号,津南区八里台镇,,,住宅用地,挂牌,40年,德州平德置业有限公司,56000万元,2019-09-12,2020-05-08 14:45:44,http://218.69.100.10/news.aspx?id=1015447,6a159b1757f60eaa8e9bee795c6a8f8b,
津南（挂）2019-10号,2019-09-12,津南（挂）2019-10号,津南区八里台镇,,,住宅用地,挂牌,40年,德州平德置业有限公司,56000万元,2019-09-12,2020-05-08 14:45:46,http://218.69.100.10/news.aspx?id=1015447,6a159b1757f60eaa8e9bee795c6a8f8b,
津南（挂）2019-13号,2019-09-12,津南（挂）2019-13号,津南区八里台镇 ,18110.5 平方米,,商服用地,挂牌,40年,天津星城置业有限公司,5500万元,2019-09-12,2020-05-08 14:45:49,http://218.69.100.10/news.aspx?id=1015449,fa40f542cc0ac32eae2c3ef8c0b77c36,
津南（挂）2019-12号,2019-09-12,津南（挂）2019-12号,津南区八里台镇 ,8953.8平方米,,商服用地,挂牌,40年,天津星城置业有限公司,2700万元,2019-09-12,2020-05-08 14:45:50,http://218.69.100.10/news.aspx?id=1015450,0a26802ab58b175d57594ee4f3a5563b,
津辰风（挂）G2019-008号,2019-09-12,津辰风（挂）G2019-008号,天津市北辰区天津高端装备制造产业园,66667.4方米,,工业用地,挂牌,50年,天津市飞龙砼外加剂有限公司,5104万元,2019-09-12,2020-05-08 14:45:53,http://218.69.100.10/news.aspx?id=1015452,22e8875206f56aa99fd2278ad500a261,
津宝（挂）2019-021号,2019-09-25,津宝（挂）2019-021号,宝坻区安成街与望都路交口,34537.5方米,大于1.0且不大于1.8,经营性用地,挂牌,城镇住宅70年、商服40年,天津中宝冠城置业发展有限公司,32000万元,2019-09-25,2020-05-08 14:45:56,http://218.69.100.10/news.aspx?id=1016052,b8611ebdeefaa5a1e8c4cfd45454d493,
津宝（挂）2019-022号,2019-09-25,津宝（挂）2019-022号,宝坻区渔阳路与望都路交口,32393.4方米,大于1.0且不大于1.8,经营性用地,挂牌,城镇住宅70年、商服40年,天津安田置地发展有限公司,32000万元,2019-09-25,2020-05-08 14:45:58,http://218.69.100.10/news.aspx?id=1016053,3bb69f262bdf795fb358757e7ffd097d,
津丽（挂）2019-10号,2019-09-26,津丽（挂）2019-10号,东丽区东丽湖星灿道以南，东丽湖路以西,238768方米,≤1.2,经营性用地,挂牌,城镇住宅70年，商服40年、教育50年,中建信和地产有限公司,145500万元,2019-09-26,2020-05-08 14:46:01,http://218.69.100.10/news.aspx?id=1016261,73011c7d1a6fa9f7c5d355300642e880,
津宁（挂）G2019-12号,2019-10-10,津宁（挂）G2019-12号,天津市宁河区潘庄工业区,43908.5方米,≥1.0,工业用地,挂牌,50年,鼎膳（天津）食品贸易有限责任公司,1900万元,2019-10-10,2020-05-08 14:46:03,http://218.69.100.10/news.aspx?id=1016995,6da0e76e9f3740a742209f19a38262e5,
津武（挂）G2019-045号,2019-10-10,津武（挂）G2019-045号,天津市武清区开发区源和道南侧,48202.5方米,≥0.8,工业用地,挂牌,50年,铁科节能环保技术有限公司,2650万元,2019-10-10,2020-05-08 14:46:05,http://218.69.100.10/news.aspx?id=1016996,551860a37c6989945293c1106d5c0214,
津武（挂）G2019-036号,2019-10-10,津武（挂）G2019-036号,天津市武清区河西务镇十四纬路南侧,35245方米,≥1.0,工业用地,挂牌,50年,天津津帆供应链管理有限公司,2010万元,2019-10-10,2020-05-08 14:46:07,http://218.69.100.10/news.aspx?id=1016997,27b9ba59cc8b53a6160101dd94a648b8,
津蓟（挂）2019-030号,2019-10-10,津蓟（挂）2019-030号,天津市蓟州区秋实路西侧、州河北街北侧,48715.4方米,不大于1.4且大于1.0,经营性用地,挂牌,城镇住宅70年、商务金融40年,天津兴韵房地产开发有限公司,32450万元,2019-10-10,2020-05-08 14:46:10,http://218.69.100.10/news.aspx?id=1016998,9a71900c3a525f5e435a6c172846ff69,
