文件标题,时间,来源,文件编号,宗地编号,编号,地块位置,土地位置,土地面积(亩),土地面积(平方米),土地用途,成交价(万元),竞得人,公示期,联系单位,单位地址,邮政编码,联系电话,爬取地址url,唯一标识,
晋中市国土资源局开发区土地分局国有土地使用权招拍挂出让成交公示,2018-07-31,山西省自然资源厅,,GK2018-11,,南同蒲铁路以西,,77.6488,,工业用地,,流拍,2018年7月31日 至 2018年8月6日,晋中市国土资源局开发区土地分局,晋中市迎宾西街开发区管委会办公大楼,030600,0354-3368707,2020-05-18,http://zrzyt.shanxi.gov.cn/zwgk/zwgkjbml/tdgl_836/crjg/201807/t20180731_79446.shtml,45e89f2ba4c1c3df7c8ed0c1bf0ec654,
晋中市国土资源局开发区土地分局国有土地使用权招拍挂出让成交公示,2018-07-31,山西省自然资源厅,,GK2018-12,,徐工安瑞达以东、规划路以北,,11.1572,,工业用地,575,山西康诚惠民贸易有限公司,2018年7月31日 至 2018年8月6日,晋中市国土资源局开发区土地分局,晋中市迎宾西街开发区管委会办公大楼,030600,0354-3368707,2020-05-18,http://zrzyt.shanxi.gov.cn/zwgk/zwgkjbml/tdgl_836/crjg/201807/t20180731_79446.shtml,45e89f2ba4c1c3df7c8ed0c1bf0ec654,
晋中市国土资源局开发区土地分局国有土地使用权招拍挂出让成交公示,2018-07-31,山西省自然资源厅,,GK2018-13,,规划路以北,,16.5041,,工业用地,850,山西尊创网络科技有限公司,2018年7月31日 至 2018年8月6日,晋中市国土资源局开发区土地分局,晋中市迎宾西街开发区管委会办公大楼,030600,0354-3368707,2020-05-18,http://zrzyt.shanxi.gov.cn/zwgk/zwgkjbml/tdgl_836/crjg/201807/t20180731_79446.shtml,45e89f2ba4c1c3df7c8ed0c1bf0ec654,
晋中市国土资源局开发区土地分局国有土地使用权招拍挂出让成交公示,2018-07-31,山西省自然资源厅,,GK2018-14,,南同蒲铁路以西、规划路以北,,9.9986,,工业用地,515,晋中迈可弘服饰有限公司,2018年7月31日 至 2018年8月6日,晋中市国土资源局开发区土地分局,晋中市迎宾西街开发区管委会办公大楼,030600,0354-3368707,2020-05-18,http://zrzyt.shanxi.gov.cn/zwgk/zwgkjbml/tdgl_836/crjg/201807/t20180731_79446.shtml,45e89f2ba4c1c3df7c8ed0c1bf0ec654,
晋中市国土资源局开发区土地分局国有土地使用权招拍挂出让成交公示,2018-07-31,山西省自然资源厅,,GK2018-15,,广安街南侧、王河路东侧,,92.6359,,商住,,流拍,2018年7月31日 至 2018年8月6日,晋中市国土资源局开发区土地分局,晋中市迎宾西街开发区管委会办公大楼,030600,0354-3368707,2020-05-18,http://zrzyt.shanxi.gov.cn/zwgk/zwgkjbml/tdgl_836/crjg/201807/t20180731_79446.shtml,45e89f2ba4c1c3df7c8ed0c1bf0ec654,
晋中市国土资源局开发区土地分局国有土地使用权招拍挂出让成交公示,2018-07-31,山西省自然资源厅,,GK2018-16,,广安街南侧、魏榆路西侧,,80.9943,,商住,,流拍,2018年7月31日 至 2018年8月6日,晋中市国土资源局开发区土地分局,晋中市迎宾西街开发区管委会办公大楼,030600,0354-3368707,2020-05-18,http://zrzyt.shanxi.gov.cn/zwgk/zwgkjbml/tdgl_836/crjg/201807/t20180731_79446.shtml,45e89f2ba4c1c3df7c8ed0c1bf0ec654,
山西省国土资源厅晋中经济技术开发区土地分局国有土地使用权招拍挂出让成交公示,2017-01-10,山西省自然资源厅,,GK2016-6,,恒易通工贸有限公司西侧及南侧,,4.7416,,工业,180,,2017年1月10日 至 2017年1月19日,,晋中市迎宾西街开发区管委会办公大楼 ,030600 ,0354-3368707 ,2020-05-18,http://zrzyt.shanxi.gov.cn/zwgk/zwgkjbml/tdgl_836/crjg/201701/t20170110_79416.shtml,d02c4011145c011bda311ad5e53f6575,
山西省国土资源厅晋中经济技术开发区土地分局国有土地使用权招拍挂出让成交公示,2017-01-10,山西省自然资源厅,,GK2016-31,,广安西街南侧、魏榆路东侧,,50.0818,,医院,2510,,2017年1月10日 至 2017年1月19日,,晋中市迎宾西街开发区管委会办公大楼 ,030600 ,0354-3368707 ,2020-05-18,http://zrzyt.shanxi.gov.cn/zwgk/zwgkjbml/tdgl_836/crjg/201701/t20170110_79416.shtml,d02c4011145c011bda311ad5e53f6575,
山西省国土资源厅晋中经济技术开发区土地分局国有土地使用权招拍挂出让成交公示,2017-01-10,山西省自然资源厅,,GK2016-32,,龙湖大街北侧、魏榆路东侧,,126.3689,,商服,20220,,2017年1月10日 至 2017年1月19日,,晋中市迎宾西街开发区管委会办公大楼 ,030600 ,0354-3368707 ,2020-05-18,http://zrzyt.shanxi.gov.cn/zwgk/zwgkjbml/tdgl_836/crjg/201701/t20170110_79416.shtml,d02c4011145c011bda311ad5e53f6575,
太原市局关于SG-1711地块出让的结果公示,2017-05-10,山西省自然资源厅,,,,万柏林区东社村，西至规划绿地、北至南至太原国投房地产开发有限公司用地、东至规划路；,万柏林区东社村，西至规划绿地、北至南至太原国投房地产开发有限公司用地、东至规划路；,,15.89,居住兼容商业,,太原国投房地产开发有限公司,,,,,,2020-05-18,http://zrzyt.shanxi.gov.cn/zwgk/zwgkjbml/tdgl_836/crjg/201705/t20170510_79432.shtml,a7e13e0dc3f2967670928f524bd55f0b,
山西省国土资源厅晋中经济技术开发区土地分局国有土地使用权招拍挂出让成交公示,2017-06-16,山西省自然资源厅,,GK2017-6,,108国道东侧、龙湖街南长途客运站南侧,,204.4271,,工业,7680,,2017年6月16日 至 2017年6月25日,山西省国土资源厅晋中经济技术开发区土地分局,晋中市迎宾西街开发区管委会办公大楼,030600,0354-3368707,2020-05-18,http://zrzyt.shanxi.gov.cn/zwgk/zwgkjbml/tdgl_836/crjg/201706/t20170616_79433.shtml,9db2fb89010dcb0fcd8a71fde8e31daf,
山西省国土资源厅晋中经济技术开发区土地分局国有土地使用权招拍挂出让成交公示,2017-06-16,山西省自然资源厅,,GK2017-7,,108国道东侧、龙湖街南长途客运站南侧,,62.3760,,工业,2350,,2017年6月16日 至 2017年6月25日,山西省国土资源厅晋中经济技术开发区土地分局,晋中市迎宾西街开发区管委会办公大楼,030600,0354-3368707,2020-05-18,http://zrzyt.shanxi.gov.cn/zwgk/zwgkjbml/tdgl_836/crjg/201706/t20170616_79433.shtml,9db2fb89010dcb0fcd8a71fde8e31daf,
太原市局关于SG-1712地块出让的结果公示,2017-06-20,山西省自然资源厅,,,,万柏林区西矿街以北，四至：东至西山煤电用地；南至西矿街；北至西山煤电用地；西至西山煤电用地,万柏林区西矿街以北，四至：东至西山煤电用地；南至西矿街；北至西山煤电用地；西至西山煤电用地,,9.26,住宅、商业,,中房集团山西天泰房地产开发有限公司,,,,,,2020-05-18,http://zrzyt.shanxi.gov.cn/zwgk/zwgkjbml/tdgl_836/crjg/201706/t20170620_79434.shtml,ed91b4250f82a3bfd5da7a09afa07f0d,
太原市局关于SG-1713地块出让的结果公示,2017-06-20,山西省自然资源厅,,,,山西高远翔房地产开发有限公司以东、以南、以西，规划路以北,山西高远翔房地产开发有限公司以东、以南、以西，规划路以北,,0.42,居住兼容商业,,山西瑞枫源房地产开发有限公司,,,,,,2020-05-18,http://zrzyt.shanxi.gov.cn/zwgk/zwgkjbml/tdgl_836/crjg/201706/t20170620_79437.shtml,63000efc10e303a374531519e00e38aa,
晋中市国土资源局开发区土地分局国有土地使用权协议出让公示,2017-08-21,山西省自然资源厅,,土地面积(公顷),,出让年限,,,,成交价(万元),,,,晋中市国土资源局开发区土地分局,晋中市迎宾西街开发区管委会办公大楼,030600,0354-3368707,2020-05-18,http://zrzyt.shanxi.gov.cn/zwgk/zwgkjbml/tdgl_836/crjg/201708/t20170821_79438.shtml,fa2df00ac896fafd5adf992e0deca289,
太原市关于SWG-1716地块出让的结果公示,2017-09-06,山西省自然资源厅,,,,位于小店区红寺村、嘉节社区，四至：北至南环北街，西至长治路。,位于小店区红寺村、嘉节社区，四至：北至南环北街，西至长治路。,,4.59,住宅兼容商业,,山西莱钢绿建置业有限公司,,,,,,2020-05-18,http://zrzyt.shanxi.gov.cn/zwgk/zwgkjbml/tdgl_836/crjg/201709/t20170906_79439.shtml,edb6bb5fff12484c6838aad98f9b36f2,
太原市关于SWG-1714地块出让的结果公示,2017-09-06,山西省自然资源厅,,SWG-1714,,尖草坪区黄花园村，四至：西至北至南至高速公路服务区、东至黄花园村,尖草坪区黄花园村，四至：西至北至南至高速公路服务区、东至黄花园村,2561.38,3.84,加油加气站用地,560,太原市东山过境高速公路北服务区诚毅加油站（有限公司）,,,,,,2020-05-18,http://zrzyt.shanxi.gov.cn/zwgk/zwgkjbml/tdgl_836/crjg/201709/t20170906_79440.shtml,349eda0748995bf666a1255b95c08e0c,
太原市局关于SG-1722地块出让的结果公示,2017-10-09,山西省自然资源厅,,,,位于并州南路108号，南至社科院用地，北至中国煤炭科工集团太原研究院用地，东至社科院用地，西至并州南路。,位于并州南路108号，南至社科院用地，北至中国煤炭科工集团太原研究院用地，东至社科院用地，西至并州南路。,,11.47,居住兼容商业,,中国煤炭科工集团太原研究院有限公司,,,,,,2020-05-18,http://zrzyt.shanxi.gov.cn/zwgk/zwgkjbml/tdgl_836/crjg/201710/t20171009_79444.shtml,8688d261c217f4cf0ac167f30b4dd6aa,
太原市局关于SP-1723地块出让的结果公示,2017-10-09,山西省自然资源厅,,,,位于并州路1号，四至：南至规划路；北至并州饭店；东至并州路；西至并州饭店用地,位于并州路1号，四至：南至规划路；北至并州饭店；东至并州路；西至并州饭店用地,,10.08,商务商业,,太原帝海兴盛置业有限公司,,,,,,2020-05-18,http://zrzyt.shanxi.gov.cn/zwgk/zwgkjbml/tdgl_836/crjg/201710/t20171009_79445.shtml,89234238696ce2d7d0c764e7909742a8,
山西省国土资源厅晋中经济技术开发区土地分局国有土地使用权招拍挂出让成交公示,2017-01-20,山西省自然资源厅,,GK2016-33,,化章街以南、学院路以东,,26.3312,,商住,3160,,2017年1月20日 至 2017年1月29日,,晋中市迎宾西街开发区管委会办公大楼,030600,0354-3368707,2020-05-18,http://zrzyt.shanxi.gov.cn/zwgk/zwgkjbml/tdgl_836/crjg/201701/t20170120_79417.shtml,0eec2062d01e32ad57a8baffcd3d575b,
山西省国土资源厅晋中经济技术开发区土地分局国有土地使用权招拍挂出让成交公示,2017-01-20,山西省自然资源厅,,GK2016-34,,化章街以南、学院东路以西,,56.1928,,商住,6740,,2017年1月20日 至 2017年1月29日,,晋中市迎宾西街开发区管委会办公大楼,030600,0354-3368707,2020-05-18,http://zrzyt.shanxi.gov.cn/zwgk/zwgkjbml/tdgl_836/crjg/201701/t20170120_79417.shtml,0eec2062d01e32ad57a8baffcd3d575b,
山西省国土资源厅晋中经济技术开发区土地分局国有土地使用权招拍挂出让成交公示,2017-01-20,山西省自然资源厅,,GK2016-35,,化章街以南、综合通道以东,,84.901,,商住,10090,,2017年1月20日 至 2017年1月29日,,晋中市迎宾西街开发区管委会办公大楼,030600,0354-3368707,2020-05-18,http://zrzyt.shanxi.gov.cn/zwgk/zwgkjbml/tdgl_836/crjg/201701/t20170120_79417.shtml,0eec2062d01e32ad57a8baffcd3d575b,
山西省国土资源厅晋中经济技术开发区土地分局国有土地使用权招拍挂出让成交公示,2017-01-20,山西省自然资源厅,,GK2016-36,,化章街以南、学院路以西,,128.5028,,商住,15270,,2017年1月20日 至 2017年1月29日,,晋中市迎宾西街开发区管委会办公大楼,030600,0354-3368707,2020-05-18,http://zrzyt.shanxi.gov.cn/zwgk/zwgkjbml/tdgl_836/crjg/201701/t20170120_79417.shtml,0eec2062d01e32ad57a8baffcd3d575b,
山西省国土资源厅晋中经济技术开发区土地分局国有土地使用权招拍挂出让成交公示,2017-01-20,山西省自然资源厅,,GK2016-37,,龙湖大街北侧、魏榆路东侧,,5.4739,,商服,880,,2017年1月20日 至 2017年1月29日,,晋中市迎宾西街开发区管委会办公大楼,030600,0354-3368707,2020-05-18,http://zrzyt.shanxi.gov.cn/zwgk/zwgkjbml/tdgl_836/crjg/201701/t20170120_79417.shtml,0eec2062d01e32ad57a8baffcd3d575b,
太原市国土局关于SP-1654、SP-1655、SP-1656、SP-1657、SP-1658地块出让结果公示,2017-01-25,山西省自然资源厅,,SP-1654,,位于晋阳街以南，长治路以东，规划路以西，规划路以北,位于晋阳街以南，长治路以东，规划路以西，规划路以北,124039.22,186.06,居住兼容商业，托幼,139610,太原苏宁置业有限公司,,,,,,2020-05-18,http://zrzyt.shanxi.gov.cn/zwgk/zwgkjbml/tdgl_836/crjg/201701/t20170125_79418.shtml,75d3e9ceb6adc6acf60a903d4a5b93e1,
太原市国土局关于SP-1654、SP-1655、SP-1656、SP-1657、SP-1658地块出让结果公示,2017-01-25,山西省自然资源厅,,SP-1655,,尖草坪区三给片区内，四至为：北至规划路、西至和平北路、南至太原锦绣家园用地、东至西干渠,尖草坪区三给片区内，四至为：北至规划路、西至和平北路、南至太原锦绣家园用地、东至西干渠,124403.83,186.61,居住兼容商业、小学、托幼,80060,太原富润房地产开发有限公司,,,,,,2020-05-18,http://zrzyt.shanxi.gov.cn/zwgk/zwgkjbml/tdgl_836/crjg/201701/t20170125_79418.shtml,75d3e9ceb6adc6acf60a903d4a5b93e1,
太原市国土局关于SP-1654、SP-1655、SP-1656、SP-1657、SP-1658地块出让结果公示,2017-01-25,山西省自然资源厅,,SP-1656,,尖草坪区三给片区内，四至为：西至西干渠、南至三给街、东至滨河西路绿化带,尖草坪区三给片区内，四至为：西至西干渠、南至三给街、东至滨河西路绿化带,137174.17,205.76,住宅兼容商业、托幼、小学,71280,太原富润房地产开发有限公司,,,,,,2020-05-18,http://zrzyt.shanxi.gov.cn/zwgk/zwgkjbml/tdgl_836/crjg/201701/t20170125_79418.shtml,75d3e9ceb6adc6acf60a903d4a5b93e1,
太原市国土局关于SP-1654、SP-1655、SP-1656、SP-1657、SP-1658地块出让结果公示,2017-01-25,山西省自然资源厅,,SP-1657,,尖草坪区三给片区内，四至为：北至三给街、东至滨河西路绿化带,尖草坪区三给片区内，四至为：北至三给街、东至滨河西路绿化带,66408.89,99.61,住宅兼容商业、托幼,36350,太原富润房地产开发有限公司,,,,,,2020-05-18,http://zrzyt.shanxi.gov.cn/zwgk/zwgkjbml/tdgl_836/crjg/201701/t20170125_79418.shtml,75d3e9ceb6adc6acf60a903d4a5b93e1,
太原市国土局关于SP-1654、SP-1655、SP-1656、SP-1657、SP-1658地块出让结果公示,2017-01-25,山西省自然资源厅,,SP-1658,,位于晋源区木厂头村、古寨村，四至：东至规划贾家庄东路、西至汾河一坝用地、南至古寨村用地、北至健康南街,位于晋源区木厂头村、古寨村，四至：东至规划贾家庄东路、西至汾河一坝用地、南至古寨村用地、北至健康南街,123471.04,185.21,商业、社会停车场、住宅、托幼,103440,山西省投资集团建设开发有限公司,,,,,,2020-05-18,http://zrzyt.shanxi.gov.cn/zwgk/zwgkjbml/tdgl_836/crjg/201701/t20170125_79418.shtml,75d3e9ceb6adc6acf60a903d4a5b93e1,
太原市国土局关于SG-1652地块出让的结果公示,2017-01-25,山西省自然资源厅,,,,位于龙城大街以南范家堡村，四至：北至范家堡村城中村改造133工程用地地块9、东至体育南路、西至范家堡村城中村改造133工程用地地块11、南至规划路。,位于龙城大街以南范家堡村，四至：北至范家堡村城中村改造133工程用地地块9、东至体育南路、西至范家堡村城中村改造133工程用地地块11、南至规划路。,,19.14,居住兼容商业,,太原君碧房地产开发有限公司,,,,,,2020-05-18,http://zrzyt.shanxi.gov.cn/zwgk/zwgkjbml/tdgl_836/crjg/201701/t20170125_79419.shtml,57af961f499f4e394d3578fb3e3b63e4,
太原市国土局关于SG-1606地块出让的结果公示,2017-02-13,山西省自然资源厅,,,,平阳路136号，太原锦荣房地产开发有限公司以西、以北，规划路以东、以南。,平阳路136号，太原锦荣房地产开发有限公司以西、以北，规划路以东、以南。,,18.46,居住兼容商业,,山西锦荣房地产开发有限公司,,,,,,2020-05-18,http://zrzyt.shanxi.gov.cn/zwgk/zwgkjbml/tdgl_836/crjg/201702/t20170213_79420.shtml,36ee3a2cac6ba49c9cd4fbe15a31ea3b,
山西省国土资源厅晋中经济技术开发区土地分局国有土地使用权招拍挂出让成交公示,2017-02-21,山西省自然资源厅,,GK2016-18,,晋中开发区纬九路北侧,,11.8186,,科研,480,,2017年2月21日 至 2017年3月2日,,晋中市迎宾西街开发区管委会办公大楼,030600,0354-3368707,2020-05-18,http://zrzyt.shanxi.gov.cn/zwgk/zwgkjbml/tdgl_836/crjg/201702/t20170221_79421.shtml,a3dd97adddcf7ab50a0264a5afd77d03,
山西省国土资源厅晋中经济技术开发区土地分局国有土地使用权招拍挂出让成交公示,2017-02-21,山西省自然资源厅,,GK2017-1,,杨盘街北侧、规划路西侧,,24.5793,,仓储,,,2017年2月21日 至 2017年3月2日,,晋中市迎宾西街开发区管委会办公大楼,030600,0354-3368707,2020-05-18,http://zrzyt.shanxi.gov.cn/zwgk/zwgkjbml/tdgl_836/crjg/201702/t20170221_79421.shtml,a3dd97adddcf7ab50a0264a5afd77d03,
太原市国土关于SP-1701、SP-1702地块出让结果公示,2017-02-23,山西省自然资源厅,,SP-1701,,位于东至水峪村界、北至松庄村，西至松庄村，南至居民小区,位于东至水峪村界、北至松庄村，西至松庄村，南至居民小区,22077.2,33.12,住宅,7790,山西华正房地产开发有限公司,,,,,,2020-05-18,http://zrzyt.shanxi.gov.cn/zwgk/zwgkjbml/tdgl_836/crjg/201702/t20170223_79422.shtml,6bf44490d5d16036bfd944c2868d34ca,
太原市国土关于SP-1701、SP-1702地块出让结果公示,2017-02-23,山西省自然资源厅,,SP-1702,,位于大井峪村以东，市政南街北侧20米城市道路以南，西中环路以西，南中环街以北,位于大井峪村以东，市政南街北侧20米城市道路以南，西中环路以西，南中环街以北,2393.4,3.59,居住兼容商业,2020,山西晋泰瑞房地产开发有限公司,,,,,,2020-05-18,http://zrzyt.shanxi.gov.cn/zwgk/zwgkjbml/tdgl_836/crjg/201702/t20170223_79422.shtml,6bf44490d5d16036bfd944c2868d34ca,
太原市国土关于SP-1701、SP-1702地块出让结果公示,2017-02-23,山西省自然资源厅,,SP-1702,,位于大井峪村以东，市政南街北侧20米城市道路以南，西中环路以西，南中环街以北,位于大井峪村以东，市政南街北侧20米城市道路以南，西中环路以西，南中环街以北,2393.4,3.59,居住兼容商业,2020,山西晋泰瑞房地产开发有限公司,,,,,,2020-05-18,http://zrzyt.shanxi.gov.cn/zwgk/zwgkjbml/tdgl_836/crjg/201702/t20170223_79422.shtml,6bf44490d5d16036bfd944c2868d34ca,
太原市国土局出让国有建设用地使用权转让公示(2017)第1期,2017-03-07,山西省自然资源厅,,,【晋2016太原市不动产权第0000406】号,小店区军民南路以东、荣军北街以北、坞城中路以西,,,31893.87平方米；,商业住宅用地；,,太原恒睿房地产开发有限公司,,,,,,2020-05-18,http://zrzyt.shanxi.gov.cn/zwgk/zwgkjbml/tdgl_836/crjg/201703/t20170307_79423.shtml,94f5f65aa78f01d22190cd9731a0494b,
太原市国土局关于SP-1706地块出让结果公示,2017-03-07,山西省自然资源厅,,SP-1706,,位于滨河西路以西，东至滨河西路、南至健康南街、西至健康西街、北至健康北街,位于滨河西路以西，东至滨河西路、南至健康南街、西至健康西街、北至健康北街,23889.64,35.84,体育用地,14340,山西万兴当代置业有限公司,,,,,,2020-05-18,http://zrzyt.shanxi.gov.cn/zwgk/zwgkjbml/tdgl_836/crjg/201703/t20170307_79424.shtml,bc441b71b26b03440ba8e038f679cadf,
太原市国土局关于SG-1703、SG-1704、SG-1705地块出让的结果公示,2017-03-07,山西省自然资源厅,,,,位于晋阳街28号，东至日神集团，西至山西日神用地，南至大吴村，北至日神集团,位于晋阳街28号，东至日神集团，西至山西日神用地，南至大吴村，北至日神集团,,97.47,居住兼容商业、托幼,,太原保利房地产开发有限公司,,,,,,2020-05-18,http://zrzyt.shanxi.gov.cn/zwgk/zwgkjbml/tdgl_836/crjg/201703/t20170307_79425.shtml,ef69e197307f6a2ca09eed3907718bd5,
太原市国土局关于SG-1703、SG-1704、SG-1705地块出让的结果公示,2017-03-07,山西省自然资源厅,,,,位于晋阳街28号，东至北营街办，西至日神公司，南至大吴村，北至市资产经营公司,位于晋阳街28号，东至北营街办，西至日神公司，南至大吴村，北至市资产经营公司,,60.13,居住兼容商业,,太原保利房地产开发有限公司,,,,,,2020-05-18,http://zrzyt.shanxi.gov.cn/zwgk/zwgkjbml/tdgl_836/crjg/201703/t20170307_79425.shtml,ef69e197307f6a2ca09eed3907718bd5,
太原市国土局关于SG-1703、SG-1704、SG-1705地块出让的结果公示,2017-03-07,山西省自然资源厅,,,,位于晋阳街80号，东至深圳日神实业公司，西至山针路，南至荣军北街，北至规划路,位于晋阳街80号，东至深圳日神实业公司，西至山针路，南至荣军北街，北至规划路,,63.03,居住兼容商业,,太原保利房地产开发有限公司,,,,,,2020-05-18,http://zrzyt.shanxi.gov.cn/zwgk/zwgkjbml/tdgl_836/crjg/201703/t20170307_79425.shtml,ef69e197307f6a2ca09eed3907718bd5,
太原市局关于SP-1706地块出让结果公示,2017-03-15,山西省自然资源厅,,SP-1706,,位于滨河西路以西，东至滨河西路、南至健康南街、西至健康西街、北至健康北街,位于滨河西路以西，东至滨河西路、南至健康南街、西至健康西街、北至健康北街,23889.64,35.84,体育用地,14340,山西万兴当代置业有限公司,,,,,,2020-05-18,http://zrzyt.shanxi.gov.cn/zwgk/zwgkjbml/tdgl_836/crjg/201703/t20170315_79426.shtml,a2427741f2976c0db22f0ab2e7a03242,
太原市局关于SG-1703、SG-1704、SG-1705地块出让的结果公示,2017-03-15,山西省自然资源厅,,,,位于晋阳街28号，东至日神集团，西至山西日神用地，南至大吴村，北至日神集团,位于晋阳街28号，东至日神集团，西至山西日神用地，南至大吴村，北至日神集团,,97.47,居住兼容商业、托幼,,太原保利房地产开发有限公司,,,,,,2020-05-18,http://zrzyt.shanxi.gov.cn/zwgk/zwgkjbml/tdgl_836/crjg/201703/t20170315_79427.shtml,8cdafbe7209b074d2e26d5b45ddb9308,
太原市局关于SG-1703、SG-1704、SG-1705地块出让的结果公示,2017-03-15,山西省自然资源厅,,,,位于晋阳街28号，东至北营街办，西至日神公司，南至大吴村，北至市资产经营公司,位于晋阳街28号，东至北营街办，西至日神公司，南至大吴村，北至市资产经营公司,,60.13,居住兼容商业,,太原保利房地产开发有限公司,,,,,,2020-05-18,http://zrzyt.shanxi.gov.cn/zwgk/zwgkjbml/tdgl_836/crjg/201703/t20170315_79427.shtml,8cdafbe7209b074d2e26d5b45ddb9308,
太原市局关于SG-1703、SG-1704、SG-1705地块出让的结果公示,2017-03-15,山西省自然资源厅,,,,位于晋阳街80号，东至深圳日神实业公司，西至山针路，南至荣军北街，北至规划路,位于晋阳街80号，东至深圳日神实业公司，西至山针路，南至荣军北街，北至规划路,,63.03,居住兼容商业,,太原保利房地产开发有限公司,,,,,,2020-05-18,http://zrzyt.shanxi.gov.cn/zwgk/zwgkjbml/tdgl_836/crjg/201703/t20170315_79427.shtml,8cdafbe7209b074d2e26d5b45ddb9308,
太原市国土局关于SP-1707地块出让的结果公示,2017-03-17,山西省自然资源厅,,,,东至小吴村，西至山西物产民丰化工有限公司，南至小吴村，北至龙城大街。,东至小吴村，西至山西物产民丰化工有限公司，南至小吴村，北至龙城大街。,,29.98,商业,,山西路桥房地产开发有限公司,,,,,,2020-05-18,http://zrzyt.shanxi.gov.cn/zwgk/zwgkjbml/tdgl_836/crjg/201703/t20170317_79428.shtml,7514717cf22ca805fcfab5a1d969e72f,
太原市国土局关于SG-1710地块出让的结果公示,2017-04-21,山西省自然资源厅,,,,位于迎泽区马庄村，西至东峰路、北至东至南至规划路。,位于迎泽区马庄村，西至东峰路、北至东至南至规划路。,,73.35,居住兼容商业,,太原恒泽房地产开发有限公司,,,,,,2020-05-18,http://zrzyt.shanxi.gov.cn/zwgk/zwgkjbml/tdgl_836/crjg/201704/t20170421_79429.shtml,ff5242f6f3df91fd1ad13c42bdb70a79,
太原市局关于SG-1708、SG-1709地块出让的结果公示,2017-05-04,山西省自然资源厅,,,,位于义井街办吴家堡村，东至山西省汾河水利管理局一坝分局，南、西至冶峪河，北至山西吴家堡坤源投资有限公司,位于义井街办吴家堡村，东至山西省汾河水利管理局一坝分局，南、西至冶峪河，北至山西吴家堡坤源投资有限公司,,3.57,住宅,,太原万科湖滨房地产开发有限公司,,,,,,2020-05-18,http://zrzyt.shanxi.gov.cn/zwgk/zwgkjbml/tdgl_836/crjg/201705/t20170504_79430.shtml,1486d580f86326e1cac8886be02723a4,
太原市局关于SG-1708、SG-1709地块出让的结果公示,2017-05-04,山西省自然资源厅,,,,位于义井街办吴家堡村，东至冶峪河，南、西至山西省汾河水利管路局一坝分局，北至山西吴家堡坤源投资有限公司,位于义井街办吴家堡村，东至冶峪河，南、西至山西省汾河水利管路局一坝分局，北至山西吴家堡坤源投资有限公司,,0.58,住宅,,太原万科湖滨房地产开发有限公司,,,,,,2020-05-18,http://zrzyt.shanxi.gov.cn/zwgk/zwgkjbml/tdgl_836/crjg/201705/t20170504_79430.shtml,1486d580f86326e1cac8886be02723a4,
晋中市国土资源局开发区土地分局国有建设用地使用权挂牌出让成交公示,2018-08-03,山西省自然资源厅,,GK2018-17,,魏榆路西侧、汇丰街北侧,,72.4487,,商住,18840,山西金科产业发展有限公司,2018年8月3日 至 2018年8月8日,晋中市国土资源局开发区土地分局,晋中市迎宾西街开发区管委会办公大楼,030600,0354-3368707,2020-05-18,http://zrzyt.shanxi.gov.cn/zwgk/zwgkjbml/tdgl_836/crjg/201808/t20180803_79447.shtml,80268dcde19d32fe38c6db4ec1f48774,
晋中市国土资源局开发区土地分局国有建设用地使用权挂牌出让成交公示,2018-08-03,山西省自然资源厅,,GK2018-18,,思敬路西侧、汇丰街北侧,,170.266,,商住,44270,山西金科产业发展有限公司,2018年8月3日 至 2018年8月8日,晋中市国土资源局开发区土地分局,晋中市迎宾西街开发区管委会办公大楼,030600,0354-3368707,2020-05-18,http://zrzyt.shanxi.gov.cn/zwgk/zwgkjbml/tdgl_836/crjg/201808/t20180803_79447.shtml,80268dcde19d32fe38c6db4ec1f48774,
晋中市国土资源局开发区土地分局国有建设用地使用权挂牌出让成交公示,2018-08-03,山西省自然资源厅,,GK2018-20,,龙田路西侧、广安街南侧,,49.9973,,商住,13000,山西金科产业发展有限公司,2018年8月3日 至 2018年8月8日,晋中市国土资源局开发区土地分局,晋中市迎宾西街开发区管委会办公大楼,030600,0354-3368707,2020-05-18,http://zrzyt.shanxi.gov.cn/zwgk/zwgkjbml/tdgl_836/crjg/201808/t20180803_79447.shtml,80268dcde19d32fe38c6db4ec1f48774,
晋中市国土资源局开发区土地分局国有建设用地使用权挂牌出让成交公示,2018-08-03,山西省自然资源厅,,GK2018-21,,龙田路西侧、凤翔街北侧,,53.9936,,商住,14040,山西金科产业发展有限公司,2018年8月3日 至 2018年8月8日,晋中市国土资源局开发区土地分局,晋中市迎宾西街开发区管委会办公大楼,030600,0354-3368707,2020-05-18,http://zrzyt.shanxi.gov.cn/zwgk/zwgkjbml/tdgl_836/crjg/201808/t20180803_79447.shtml,80268dcde19d32fe38c6db4ec1f48774,
晋中市国土资源局开发区土地分局国有建设用地使用权挂牌出让成交公示,2018-08-03,山西省自然资源厅,,GK2018-22,,龙田路西侧、汇丰街南侧,,93.7825,,工业,4880,山西金科产业发展有限公司,2018年8月3日 至 2018年8月8日,晋中市国土资源局开发区土地分局,晋中市迎宾西街开发区管委会办公大楼,030600,0354-3368707,2020-05-18,http://zrzyt.shanxi.gov.cn/zwgk/zwgkjbml/tdgl_836/crjg/201808/t20180803_79447.shtml,80268dcde19d32fe38c6db4ec1f48774,
晋中市国土资源局开发区土地分局国有建设用地使用权挂牌出让成交公示,2018-08-03,山西省自然资源厅,,GK2018-23,,龙田路西侧、汇阜街北侧,,150.7631,,工业,7840,山西金科产业发展有限公司,2018年8月3日 至 2018年8月8日,晋中市国土资源局开发区土地分局,晋中市迎宾西街开发区管委会办公大楼,030600,0354-3368707,2020-05-18,http://zrzyt.shanxi.gov.cn/zwgk/zwgkjbml/tdgl_836/crjg/201808/t20180803_79447.shtml,80268dcde19d32fe38c6db4ec1f48774,
晋中市国土资源局开发区土地分局国有建设用地使用权挂牌出让成交公示,2018-08-03,山西省自然资源厅,,GK2018-24,,龙田路西侧、广安街北侧,,254.6784,,工业,13245,山西金科产业发展有限公司,2018年8月3日 至 2018年8月8日,晋中市国土资源局开发区土地分局,晋中市迎宾西街开发区管委会办公大楼,030600,0354-3368707,2020-05-18,http://zrzyt.shanxi.gov.cn/zwgk/zwgkjbml/tdgl_836/crjg/201808/t20180803_79447.shtml,80268dcde19d32fe38c6db4ec1f48774,
晋中市国土资源局开发区土地分局国有建设用地使用权挂牌出让成交公示,2018-08-03,山西省自然资源厅,,GK2018-25,,龙田路西侧、汇阜街南侧,,68.4802,,工业,3565,山西金科产业发展有限公司,2018年8月3日 至 2018年8月8日,晋中市国土资源局开发区土地分局,晋中市迎宾西街开发区管委会办公大楼,030600,0354-3368707,2020-05-18,http://zrzyt.shanxi.gov.cn/zwgk/zwgkjbml/tdgl_836/crjg/201808/t20180803_79447.shtml,80268dcde19d32fe38c6db4ec1f48774,
晋中市国土资源局开发区土地分局国有土地使用权挂牌出让成交公示,2018-10-19,山西省自然资源厅,,GK2016-17,,灵石路东侧,,10.9801,,科研,580,晋中开发区鑫联物资有限公司,2018年10月19日 至 2018年10月24日,晋中市国土资源局开发区土地分局,晋中市迎宾西街开发区管委会办公大楼,030600,0354-3368707,2020-05-18,http://zrzyt.shanxi.gov.cn/zwgk/zwgkjbml/tdgl_836/crjg/201810/t20181019_79448.shtml,cc91e9915a944d49a8327fa9727e6fb2,
晋中市国土资源局开发区土地分局国有土地使用权挂牌出让成交公示,2018-10-19,山西省自然资源厅,,GK2018-19,,广安街北侧、魏榆路西侧,,68.0427,,教育,4242,山西昕道教育咨询有限公司,2018年10月19日 至 2018年10月24日,晋中市国土资源局开发区土地分局,晋中市迎宾西街开发区管委会办公大楼,030600,0354-3368707,2020-05-18,http://zrzyt.shanxi.gov.cn/zwgk/zwgkjbml/tdgl_836/crjg/201810/t20181019_79448.shtml,cc91e9915a944d49a8327fa9727e6fb2,
晋中市国土资源局开发区土地分局国有土地使用权挂牌出让成交公示,2018-12-12,山西省自然资源厅,,GK2018-28,,东寇路东侧、九号路南侧,,45.8947,,工业,1776,海纳通讯技术有限公司,2018年12月12日 至 2018年12月17日,晋中市国土资源局开发区土地分局,晋中市迎宾西街开发区管委会办公大楼,030600,,2020-05-18,http://zrzyt.shanxi.gov.cn/zwgk/zwgkjbml/tdgl_836/crjg/201812/t20181212_79449.shtml,a4d51e86ea4e328c4edc10c49f176b0c,
晋中市国土资源局开发区土地分局国有土地使用权挂牌出让成交公示,2018-12-12,山西省自然资源厅,,GK2018-29,,广安街北侧、兴源路西侧,,300.0501,,工业,10936,山西奥帕斯智控车桥科技有限责任公司,2018年12月12日 至 2018年12月17日,晋中市国土资源局开发区土地分局,晋中市迎宾西街开发区管委会办公大楼,030600,,2020-05-18,http://zrzyt.shanxi.gov.cn/zwgk/zwgkjbml/tdgl_836/crjg/201812/t20181212_79449.shtml,a4d51e86ea4e328c4edc10c49f176b0c,
晋中市国土资源局开发区土地分局国有土地使用权挂牌出让成交公示,2018-12-12,山西省自然资源厅,,GK2018-31,,晋中开发区修文镇内白村,,33.775,,工业,,流拍,2018年12月12日 至 2018年12月17日,晋中市国土资源局开发区土地分局,晋中市迎宾西街开发区管委会办公大楼,030600,,2020-05-18,http://zrzyt.shanxi.gov.cn/zwgk/zwgkjbml/tdgl_836/crjg/201812/t20181212_79449.shtml,a4d51e86ea4e328c4edc10c49f176b0c,
晋中市国土资源局开发区土地分局国有土地使用权挂牌出让成交公示,2018-12-28,山西省自然资源厅,,GK2018-30,,汇通路东侧使张村段,,2.7553,,商业,610,晋中开发区金加利酒店管理有限公司,2018年12月28日 至 2019年1月2日,晋中市国土资源局开发区土地分局,晋中市迎宾西街开发区管委会办公大楼,030600,,2020-05-18,http://zrzyt.shanxi.gov.cn/zwgk/zwgkjbml/tdgl_836/crjg/201812/t20181228_79450.shtml,70201d119d6cbadb7e448354d5c16647,
晋中市国土资源局开发区土地分局国有土地使用权挂牌出让成交公示,2018-12-28,山西省自然资源厅,,GK2018-32,,纬十二街以北、综合通道以西,,1.5624,,工业,70,山西索想辉和能环科技有限公司,2018年12月28日 至 2019年1月2日,晋中市国土资源局开发区土地分局,晋中市迎宾西街开发区管委会办公大楼,030600,,2020-05-18,http://zrzyt.shanxi.gov.cn/zwgk/zwgkjbml/tdgl_836/crjg/201812/t20181228_79450.shtml,70201d119d6cbadb7e448354d5c16647,
晋中市国土资源局开发区土地分局国有土地使用权挂牌出让成交公示3号,2019-04-03,晋中市规划和自然资源局,晋开示字（2019）3号,GK2015-8,,晋中开发区纬四街北侧鸣李段,,15.9983,,商服,2590,晋中市绿洲居房地产开发有限公司,2019年4月3日 至 2019年4月8日,晋中市国土资源局开发区土地分局,晋中市迎宾西街开发区管委会办公大楼,030600,0354-3368707,2020-05-18,http://zrzyt.shanxi.gov.cn/zwgk/zwgkjbml/tdgl_836/crjg/201904/t20190404_88879.shtml,450eafbed4f7c8ee232dec51cc0b01ee,
晋中市规划和自然资源局国有建设用地使用权挂牌出让结果公告2号,2019-04-04,晋中市规划和自然资源局,晋中自然结字[2019]2号,,JZGT2019T13,,大学街以北、中都北路以东,,2064.25,城镇单一住宅用地,953,晋中宝信房地产开发有限公司,,,,,,2020-05-18,http://zrzyt.shanxi.gov.cn/zwgk/zwgkjbml/tdgl_836/crjg/201904/t20190404_88897.shtml,2953f0235b4c96b551ce8d94982d384a,
晋中市规划和自然资源局国有建设用地使用权挂牌出让结果公告2号,2019-04-04,晋中市规划和自然资源局,晋中自然结字[2019]2号,,JZGT2019T12,,中都路东侧、纬五街北侧,,77.92,商业用地,46,晋中宝信房地产开发有限公司,,,,,,2020-05-18,http://zrzyt.shanxi.gov.cn/zwgk/zwgkjbml/tdgl_836/crjg/201904/t20190404_88897.shtml,2953f0235b4c96b551ce8d94982d384a,
晋中市规划和自然资源局国有建设用地使用权挂牌出让结果公告2号,2019-04-04,晋中市规划和自然资源局,晋中自然结字[2019]2号,,JZGT2019T06,,蕴华街北侧、锦纶路以东,,3060.28,商业用地,1872,晋中市经济适用住房发展有限公司,,,,,,2020-05-18,http://zrzyt.shanxi.gov.cn/zwgk/zwgkjbml/tdgl_836/crjg/201904/t20190404_88897.shtml,2953f0235b4c96b551ce8d94982d384a,
晋中市国土资源局开发区土地分局国有建设用地使用权挂牌出让成交公示2019年8号,2019-08-02,晋中市规划和自然资源局,晋开示字（2019）8号,GK2018-36,,晋中开发区广安东街北侧、吉利路西侧,,264.9468,,工业,9785,晋中开发区投资建设有限公司,2019年8月2日 至 2019年8月7日,晋中市国土资源局开发区土地分局,晋中市迎宾西街开发区管委会办公大楼,030600,0354-3368707,2020-05-18,http://zrzyt.shanxi.gov.cn/zwgk/zwgkjbml/tdgl_836/crjg/201908/t20190802_122640.shtml,633575a5462a9e2d2808a341bd155645,
太原市国土局关于SP-1626地块出让结果公示,2016-09-19,山西省自然资源厅,,SP-1626,,位于迎泽区双塔寺街以南，四至：南至山西职工医学院用地，北至双塔寺街，东至东岗路，西至山西职工医学院用地。,位于迎泽区双塔寺街以南，四至：南至山西职工医学院用地，北至双塔寺街，东至东岗路，西至山西职工医学院用地。,24799.99,37.20,居住兼容商业,44060,山西省人民医院,,,,,,2020-05-18,http://zrzyt.shanxi.gov.cn/zwgk/zwgkjbml/tdgl_836/crjg/201609/t20160919_79401.shtml,a65d87499c8f407e96b0f9b4407cfd60,
太原市国土局关于SP-1612地块出让结果公示,2016-05-24,山西省自然资源厅,,SP-1612,,万柏林区新晋祠路以西，四至：南至规划路；北至南上庄村用地；东至新晋祠路；西至规划旧晋祠路,万柏林区新晋祠路以西，四至：南至规划路；北至南上庄村用地；东至新晋祠路；西至规划旧晋祠路,98378.93,147.57,居住兼容商业、托幼,187060,北京融创恒基地产有限公司,,,,,,2020-05-18,http://zrzyt.shanxi.gov.cn/zwgk/zwgkjbml/tdgl_836/crjg/201605/t20160524_79386.shtml,412c0bb2319787d7aa73f789d2d90ce6,
山西省国土资源厅晋中经济技术开发区土地分局国有土地使用权招拍挂出让成交公示,2015-12-24,山西省自然资源厅,,GK2015-36,,龙湖街以南学院东路以东,,7.6968,,商服,920,,2015年12月24日至2016年1月7日,山西省国土资源厅晋中经济技术开发区土地分局,晋中市迎宾西街开发区管委会办公大楼,030600,0354-3368707,2020-05-18,http://zrzyt.shanxi.gov.cn/zwgk/zwgkjbml/tdgl_836/crjg/201512/t20151224_79371.shtml,66c80a0e3764ca5599976505d490f919,
山西省国土资源厅晋中经济技术开发区土地分局国有土地使用权招拍挂出让成交公示,2015-12-24,山西省自然资源厅,,GK2015-37,,龙湖街以南学院东路以东,,70.1439,,住宅,8340,,2015年12月24日至2016年1月7日,山西省国土资源厅晋中经济技术开发区土地分局,晋中市迎宾西街开发区管委会办公大楼,030600,0354-3368707,2020-05-18,http://zrzyt.shanxi.gov.cn/zwgk/zwgkjbml/tdgl_836/crjg/201512/t20151224_79371.shtml,66c80a0e3764ca5599976505d490f919,
山西省国土资源厅晋中经济技术开发区土地分局国有土地使用权招拍挂出让成交公示,2015-12-24,山西省自然资源厅,,GK2015-38,,龙湖街以南学院东路以东,,16.918,,商服,2020,,2015年12月24日至2016年1月7日,山西省国土资源厅晋中经济技术开发区土地分局,晋中市迎宾西街开发区管委会办公大楼,030600,0354-3368707,2020-05-18,http://zrzyt.shanxi.gov.cn/zwgk/zwgkjbml/tdgl_836/crjg/201512/t20151224_79371.shtml,66c80a0e3764ca5599976505d490f919,
山西省国土资源厅晋中经济技术开发区土地分局国有土地使用权招拍挂出让成交公示,2015-12-31,山西省自然资源厅,,GK2015-29,,晋中开发区太旧高速以南,,70.0052,,供热,2560,,2015年12月31日至2016年1月14日,山西省国土资源厅晋中经济技术开发区土地分局 ,晋中市迎宾西街开发区管委会办公大楼 ,030600 ,0354-3368707 ,2020-05-18,http://zrzyt.shanxi.gov.cn/zwgk/zwgkjbml/tdgl_836/crjg/201512/t20151231_79372.shtml,35b866a8ab1479942f41039b2c40c9f5,
山西省国土资源厅晋中经济技术开发区土地分局国有土地使用权招拍挂出让成交公示,2015-12-31,山西省自然资源厅,,GK2015-31,,迎宾西街南侧大昌西侧,,10.6006,,商业,1280,,2015年12月31日至2016年1月14日,山西省国土资源厅晋中经济技术开发区土地分局 ,晋中市迎宾西街开发区管委会办公大楼 ,030600 ,0354-3368707 ,2020-05-18,http://zrzyt.shanxi.gov.cn/zwgk/zwgkjbml/tdgl_836/crjg/201512/t20151231_79372.shtml,35b866a8ab1479942f41039b2c40c9f5,
山西省国土资源厅晋中经济技术开发区土地分局国有土地使用权招拍挂出让成交公示,2015-12-31,山西省自然资源厅,,GK2015-39,,华章南街以北规划东二路以西,,29.4826,,教育,1120,,2015年12月31日至2016年1月14日,山西省国土资源厅晋中经济技术开发区土地分局 ,晋中市迎宾西街开发区管委会办公大楼 ,030600 ,0354-3368707 ,2020-05-18,http://zrzyt.shanxi.gov.cn/zwgk/zwgkjbml/tdgl_836/crjg/201512/t20151231_79372.shtml,35b866a8ab1479942f41039b2c40c9f5,
太原市国土局关于SG-1552地块出让的结果公示,2016-01-06,山西省自然资源厅,,,,位于小店区东桥村、温家堡、西攒村，四至：东至大运西路，南至八号线用地，北至八号线北街,位于小店区东桥村、温家堡、西攒村，四至：东至大运西路，南至八号线用地，北至八号线北街,,83.3,工业,,太原风华信息装备股份有限公司,,,,,,2020-05-18,http://zrzyt.shanxi.gov.cn/zwgk/zwgkjbml/tdgl_836/crjg/201601/t20160106_79373.shtml,176d8a440a262ea9d10e213530d7e2c8,
太原市国土局关于SG-1551地块出让的结果公示,2016-01-06,山西省自然资源厅,,,,杏花岭区解放北路，四至均为太原矿山机器集团有限公司,杏花岭区解放北路，四至均为太原矿山机器集团有限公司,,11.85,住宅兼容商业,,太原矿山机器集团有限公司,,,,,,2020-05-18,http://zrzyt.shanxi.gov.cn/zwgk/zwgkjbml/tdgl_836/crjg/201601/t20160106_79374.shtml,0de0d8f6c282fd8438e2ab58f96d1d0d,
太原市国土局关于SG-1553、SG-1554地块出让的结果公示,2016-01-06,山西省自然资源厅,,,,解放北路以东、享堂东路以西、太钢耐火厂以南,解放北路以东、享堂东路以西、太钢耐火厂以南,,257.74,居住兼容商业、科教（小学）、科教（托幼）,,中车置业有限公司,,,,,,2020-05-18,http://zrzyt.shanxi.gov.cn/zwgk/zwgkjbml/tdgl_836/crjg/201601/t20160106_79375.shtml,e01f91f161dd7edfe7a8568bc01d225d,
太原市国土局关于SG-1553、SG-1554地块出让的结果公示,2016-01-06,山西省自然资源厅,,,,解放北路以东、享堂东路以西、太钢耐火厂以南,解放北路以东、享堂东路以西、太钢耐火厂以南,,81.79,居住兼容商业、科教（托幼）,,中车置业有限公司,,,,,,2020-05-18,http://zrzyt.shanxi.gov.cn/zwgk/zwgkjbml/tdgl_836/crjg/201601/t20160106_79375.shtml,e01f91f161dd7edfe7a8568bc01d225d,
太原市国土局关于SG-1555地块出让的结果公示,2016-01-14,山西省自然资源厅,,,,位于晋源区吴家堡北街以南，四至：北至吴家堡北街，西至规划路，南至吴家堡南街，东至规划路,位于晋源区吴家堡北街以南，四至：北至吴家堡北街，西至规划路，南至吴家堡南街，东至规划路,,108.18,商业 住宅,,太原市晋源房地产开发有限公司,,,,,,2020-05-18,http://zrzyt.shanxi.gov.cn/zwgk/zwgkjbml/tdgl_836/crjg/201601/t20160114_79376.shtml,c595191620629bc1a76d1e962415ed9f,
太原市国土局关于SG-1556地块出让的结果公示,2016-01-29,山西省自然资源厅,,,,位于小店区平阳路东巷22号，四至：西至山西晋建房地产开发公司用地、北至平阳路东巷、东至太原新华印刷厂和省第二建筑工程公司及太原高压电器厂用地、南至规划路。,位于小店区平阳路东巷22号，四至：西至山西晋建房地产开发公司用地、北至平阳路东巷、东至太原新华印刷厂和省第二建筑工程公司及太原高压电器厂用地、南至规划路。,,21.97,居住兼容商业,,山西二建集团有限公司,,,,,,2020-05-18,http://zrzyt.shanxi.gov.cn/zwgk/zwgkjbml/tdgl_836/crjg/201601/t20160129_79377.shtml,7be45ccb3a1f9c6f12699ee41fea92c7,
太原市国土局关于SG-1557地块出让的结果公示,2016-01-29,山西省自然资源厅,,,,位于杏花岭区，四至：金刚里中巷以北、金刚里北一巷以西、金刚里北二巷以东,位于杏花岭区，四至：金刚里中巷以北、金刚里北一巷以西、金刚里北二巷以东,,7.76,住宅,,太原市龙城北部置业有限公司,,,,,,2020-05-18,http://zrzyt.shanxi.gov.cn/zwgk/zwgkjbml/tdgl_836/crjg/201601/t20160129_79378.shtml,2e99ca747684b1aec1ba584a1d4772e9,
太原市国土局关于SP-1604、SP-1605两宗地块出让结果公示,2016-02-04,山西省自然资源厅,,SP-1604,,位于小店区龙城南街以南小吴社区，四至：东至大运东路，南至小吴社区用地，西至太原振浩公司用地，北至龙城南街。,位于小店区龙城南街以南小吴社区，四至：东至大运东路，南至小吴社区用地，西至太原振浩公司用地，北至龙城南街。,37715.79,56.57,居住兼容商业,29000,太原极富房地产开发有限公司,,,,,,2020-05-18,http://zrzyt.shanxi.gov.cn/zwgk/zwgkjbml/tdgl_836/crjg/201602/t20160204_79379.shtml,2d6c3a8a97379923ea946e372918790f,
太原市国土局关于SP-1604、SP-1605两宗地块出让结果公示,2016-02-04,山西省自然资源厅,,SP-1605,,位于山西省科技创新城核心区I-10单元10-07地块,位于山西省科技创新城核心区I-10单元10-07地块,2934.02,4.40,加油加气,1160,中国石化销售有限公司山西太原石油分公司,,,,,,2020-05-18,http://zrzyt.shanxi.gov.cn/zwgk/zwgkjbml/tdgl_836/crjg/201602/t20160204_79379.shtml,2d6c3a8a97379923ea946e372918790f,
太原市国土资源局关于SG-1601地块出让的结果公示,2016-02-24,山西省自然资源厅,,,,位于迎泽区山佑巷，四至：西至肖墙路、北至府东街、东至建设路,位于迎泽区山佑巷，四至：西至肖墙路、北至府东街、东至建设路,,18.5,居住兼容商业,,太原市龙城北部置业有限公司,,,,,,2020-05-18,http://zrzyt.shanxi.gov.cn/zwgk/zwgkjbml/tdgl_836/crjg/201602/t20160224_79380.shtml,c1e775f2810dbbee3687d908d2d55548,
太原市国土资源局关于SG-1602、SG-1603地块出让的结果公示,2016-02-24,山西省自然资源厅,,SG-1602,,位于晋源区规划广播街以南、山西广播电视中心项目以北、环湖东路以东,位于晋源区规划广播街以南、山西广播电视中心项目以北、环湖东路以东,46504.32,69.76,居住兼容商业点控托幼,37090,山西广电房地产开发有限公司,,,,,,2020-05-18,http://zrzyt.shanxi.gov.cn/zwgk/zwgkjbml/tdgl_836/crjg/201602/t20160224_79381.shtml,70411389bcb2910a4995bce46c4a32f2,
太原市国土资源局关于SG-1602、SG-1603地块出让的结果公示,2016-02-24,山西省自然资源厅,,SG-1603,,并州路以西，二营盘街以北,并州路以西，二营盘街以北,23603.2,35.40,居住兼容商业,26790,太原市龙城南部置业有限公司,,,,,,2020-05-18,http://zrzyt.shanxi.gov.cn/zwgk/zwgkjbml/tdgl_836/crjg/201602/t20160224_79381.shtml,70411389bcb2910a4995bce46c4a32f2,
太原市国土局关于SG-1607、SG-1608地块出让的结果公示,2016-03-09,山西省自然资源厅,,,,位于北营片区北营村用地以东、太原万科房地产公司用地以西,位于北营片区北营村用地以东、太原万科房地产公司用地以西,,4.97,小学,,太原万科城房地产开发有限公司,,,,,,2020-05-18,http://zrzyt.shanxi.gov.cn/zwgk/zwgkjbml/tdgl_836/crjg/201603/t20160309_79382.shtml,0d572c9486a1e0f2abc78d5ff0537ac2,
太原市国土局关于SG-1607、SG-1608地块出让的结果公示,2016-03-09,山西省自然资源厅,,,,位于北营片区太榆路以东,位于北营片区太榆路以东,,17.17,商业,,太原万科新都心房地产开发有限公司,,,,,,2020-05-18,http://zrzyt.shanxi.gov.cn/zwgk/zwgkjbml/tdgl_836/crjg/201603/t20160309_79382.shtml,0d572c9486a1e0f2abc78d5ff0537ac2,
太原市国土局关于SP-1610地块出让结果公示,2016-04-01,山西省自然资源厅,,SP-1610,,位于南中环以北、西中环路以西，四至：规划路以北、规划路以西、绿化带以东、规划路以南,位于南中环以北、西中环路以西，四至：规划路以北、规划路以西、绿化带以东、规划路以南,54490.47,81.74,商业、住宅,42300,太原阳美太行房地产开发有限公司,,,,,,2020-05-18,http://zrzyt.shanxi.gov.cn/zwgk/zwgkjbml/tdgl_836/crjg/201604/t20160401_79384.shtml,2646929d6d933da14dcf7601de44550d,
太原市国土局关于SP-1611地块出让结果公示,2016-04-20,山西省自然资源厅,,SP-1611,,位于尖草坪区摄乐村，和平北路以西、摄乐南街以南、太白路以东,位于尖草坪区摄乐村，和平北路以西、摄乐南街以南、太白路以东,66179.06,99.27,居住兼容商业,27720,太原万科兴坪房地产开发有限公司,,,,,,2020-05-18,http://zrzyt.shanxi.gov.cn/zwgk/zwgkjbml/tdgl_836/crjg/201604/t20160420_79385.shtml,0b1babbe9cd2351908a795b4cf51931c,
晋中经济技术开发区土地分局国有土地使用权招拍挂出让成交公示,2016-05-30,山西省自然资源厅,,GK2015-8,,纬四街北侧鸣李段,,15.9983,, 商服,,,2016年5月30日 至 2016年6月8日,,晋中市迎宾西街开发区管委会办公大楼,030600,0354-3368707,2020-05-18,http://zrzyt.shanxi.gov.cn/zwgk/zwgkjbml/tdgl_836/crjg/201605/t20160530_79387.shtml,46935dab24f46c85a76da82312caf0e6,
晋中经济技术开发区土地分局国有土地使用权招拍挂出让成交公示,2016-05-30,山西省自然资源厅,,GK2015-33,,龙湖街南侧经三路西侧龙田段,,3.8262,, 住宅,,,2016年5月30日 至 2016年6月8日,,晋中市迎宾西街开发区管委会办公大楼,030600,0354-3368707,2020-05-18,http://zrzyt.shanxi.gov.cn/zwgk/zwgkjbml/tdgl_836/crjg/201605/t20160530_79387.shtml,46935dab24f46c85a76da82312caf0e6,
晋中经济技术开发区土地分局国有土地使用权招拍挂出让成交公示,2016-05-30,山西省自然资源厅,,GK2016-2,,规划使赵街以南,,11.211,, 科研,450,,2016年5月30日 至 2016年6月8日,,晋中市迎宾西街开发区管委会办公大楼,030600,0354-3368707,2020-05-18,http://zrzyt.shanxi.gov.cn/zwgk/zwgkjbml/tdgl_836/crjg/201605/t20160530_79387.shtml,46935dab24f46c85a76da82312caf0e6,
晋中经济技术开发区土地分局国有土地使用权招拍挂出让成交公示,2016-05-30,山西省自然资源厅,,GK2016-3,,规划河东街以南、东环西路以东,,81.3636,, 科研,3330,,2016年5月30日 至 2016年6月8日,,晋中市迎宾西街开发区管委会办公大楼,030600,0354-3368707,2020-05-18,http://zrzyt.shanxi.gov.cn/zwgk/zwgkjbml/tdgl_836/crjg/201605/t20160530_79387.shtml,46935dab24f46c85a76da82312caf0e6,
晋中经济技术开发区土地分局国有土地使用权招拍挂出让成交公示,2016-05-30,山西省自然资源厅,,GK2016-4,,规划河东街以南、环四路以东,,85.6863,, 科研,3510,,2016年5月30日 至 2016年6月8日,,晋中市迎宾西街开发区管委会办公大楼,030600,0354-3368707,2020-05-18,http://zrzyt.shanxi.gov.cn/zwgk/zwgkjbml/tdgl_836/crjg/201605/t20160530_79387.shtml,46935dab24f46c85a76da82312caf0e6,
太原市国土局关于SG-1615地块出让结果公示,2016-06-16,山西省自然资源厅,,SG-1615,,位于海边街以西、山西三晋建设开发有限责任公司用地以北、海边街小学以东、以南,位于海边街以西、山西三晋建设开发有限责任公司用地以北、海边街小学以东、以南,1748.15,2.62,居住兼容商业,2650,山西省三晋建设开发有限责任公司,,,,,,2020-05-18,http://zrzyt.shanxi.gov.cn/zwgk/zwgkjbml/tdgl_836/crjg/201606/t20160616_79389.shtml,80e0988c7ea1036406cecc9709fae928,
太原市国土资源局关于SG-1613地块出让的结果公示,2016-06-16,山西省自然资源厅,,,,位于晋源区西寨村，四至：东至省汾河一坝分局用地；南至西至南阜村改37地块用地；北至北阜村改用,位于晋源区西寨村，四至：东至省汾河一坝分局用地；南至西至南阜村改37地块用地；北至北阜村改用,,68.34,住宅、托幼,,太原丰沃房地产开发有限责任公司,,,,,,2020-05-18,http://zrzyt.shanxi.gov.cn/zwgk/zwgkjbml/tdgl_836/crjg/201606/t20160616_79390.shtml,cce29ee51259befb6c7127c7bb682dcd,
山西省国土资源厅晋中经济技术开发区土地分局国有土地使用权招拍挂出让成交公示,2016-06-17,山西省自然资源厅,,GK2016-7,,汇通路东侧使张村段,,2.4168,, 商服,315,,2016年6月17日 至 2016年6月26日,,晋中市迎宾西街开发区管委会办公大楼 ,030600 ,0354-3368707 ,2020-05-18,http://zrzyt.shanxi.gov.cn/zwgk/zwgkjbml/tdgl_836/crjg/201606/t20160617_79392.shtml,e083655fbbe1afc706e5d50ea8c16f3a,
山西省国土资源厅晋中经济技术开发区土地分局国有土地使用权招拍挂出让成交公示,2016-06-17,山西省自然资源厅,,GK2016-8,,汇通路东侧使张村段,,3.4317,, 商服,445,,2016年6月17日 至 2016年6月26日,,晋中市迎宾西街开发区管委会办公大楼 ,030600 ,0354-3368707 ,2020-05-18,http://zrzyt.shanxi.gov.cn/zwgk/zwgkjbml/tdgl_836/crjg/201606/t20160617_79392.shtml,e083655fbbe1afc706e5d50ea8c16f3a,
太原市局关于SG-1616地块出让的结果公示,2016-07-06,山西省自然资源厅,,,,小店区科技谷路以东、武洛街以南，正阳街以北。,小店区科技谷路以东、武洛街以南，正阳街以北。,,18.3,科研,,山西晋煤集团煤层气与煤基技术开发有限责任公司,,,,,,2020-05-18,http://zrzyt.shanxi.gov.cn/zwgk/zwgkjbml/tdgl_836/crjg/201607/t20160706_79393.shtml,1fe8cc6679dca388312be2596b5c3d37,
太原市局关于SG-1617地块出让的结果公示,2016-07-06,山西省自然资源厅,,,,小店区马练营东路以西，武洛街以南,小店区马练营东路以西，武洛街以南,,6.71,科研,,中国煤炭科工集团太原研究院有限公司,,,,,,2020-05-18,http://zrzyt.shanxi.gov.cn/zwgk/zwgkjbml/tdgl_836/crjg/201607/t20160706_79394.shtml,d167012a3b181e5abeff9d512764bffa,
山西省国土资源厅晋中经济技术开发区土地分局国有土地使用权招拍挂出让成交公示,2016-07-08,山西省自然资源厅,,GK2016-12,,规划纬九路以南、东环西路以东,,81.1998,,科研,3310,,2016年7月8日 至 2016年7月17日,,晋中市迎宾西街开发区管委会办公大楼,030600,0354-3368707,2020-05-18,http://zrzyt.shanxi.gov.cn/zwgk/zwgkjbml/tdgl_836/crjg/201607/t20160708_79395.shtml,08ddeeb80d60df300df4f4e9d8e4025c,
太原市国土局关于SG-1619地块出让的结果公示,2016-07-21,山西省自然资源厅,,,,府东街以南、红沟路以东、红沟东路以西、红沟南街以北,府东街以南、红沟路以东、红沟东路以西、红沟南街以北,,24.94,居住兼容商业,,太原市龙城北部置业有限公司,,,,,,2020-05-18,http://zrzyt.shanxi.gov.cn/zwgk/zwgkjbml/tdgl_836/crjg/201607/t20160721_79396.shtml,67666a73b1d8ff1f50efd1dc933c97ec,
太原市国土局关于SG-1621地块出让结果公示,2016-07-21,山西省自然资源厅,,SG-1621,,尖草坪区迎新街百姓综合市场以西、迎新街南二巷以北、西南环铁路拆迁安置用地以南,尖草坪区迎新街百姓综合市场以西、迎新街南二巷以北、西南环铁路拆迁安置用地以南,4055.11,6.08,商业服务业,1620,太原市亿鑫诚企业管理咨询有限公司,,,,,,2020-05-18,http://zrzyt.shanxi.gov.cn/zwgk/zwgkjbml/tdgl_836/crjg/201607/t20160721_79397.shtml,57e33d934ae2a4d72670b0e3974fd987,
太原市国土局关于SG-1620地块出让的结果公示,2016-07-29,山西省自然资源厅,,,,位于学府街以南、太行路以西、规划路以东、以北,位于学府街以南、太行路以西、规划路以东、以北,,38.68,居住兼容商业,,太原市龙城南部置业有限公司,,,,,,2020-05-18,http://zrzyt.shanxi.gov.cn/zwgk/zwgkjbml/tdgl_836/crjg/201607/t20160729_79398.shtml,d39662a6434aca43db749312ff9026a6,
太原市国土局关于SG-1622、SG-1625地块出让的结果公示,2016-08-12,山西省自然资源厅,,,,万柏林区和平北路，四至：东至和平北路、南至彭西一巷、西至汾机用地,万柏林区和平北路，四至：东至和平北路、南至彭西一巷、西至汾机用地,,10.66,居住兼容商业,,晋西工业集团有限责任公司,,,,,,2020-05-18,http://zrzyt.shanxi.gov.cn/zwgk/zwgkjbml/tdgl_836/crjg/201608/t20160812_79399.shtml,aee859ffa90c15d46ccc43c9b2224aa1,
太原市国土局关于SG-1622、SG-1625地块出让的结果公示,2016-08-12,山西省自然资源厅,,,,万柏林区和平北路，四至：西至和平北路、南至彭西一巷、北至西宫东巷、东至规划路,万柏林区和平北路，四至：西至和平北路、南至彭西一巷、北至西宫东巷、东至规划路,,37.96,居住兼容商业,,晋西工业集团有限责任公司,,,,,,2020-05-18,http://zrzyt.shanxi.gov.cn/zwgk/zwgkjbml/tdgl_836/crjg/201608/t20160812_79399.shtml,aee859ffa90c15d46ccc43c9b2224aa1,
太原市国土局关于SWG-1623地块出让的结果公示,2016-08-12,山西省自然资源厅,,SWG-1623,,小店区嘉节社区，规划路以北、长治路以东、首开项目用地以西,小店区嘉节社区，规划路以北、长治路以东、首开项目用地以西,20966.76,31.45,居住配建公建、小学,12930,太原首开龙泰置业有限责任公司,,,,,,2020-05-18,http://zrzyt.shanxi.gov.cn/zwgk/zwgkjbml/tdgl_836/crjg/201608/t20160812_79400.shtml,1c16d1c134c0cb25f40670dde70252b4,
山西省国土资源厅晋中经济技术开发区土地分局国有土地使用权招拍挂出让成交公示,2016-09-20,山西省自然资源厅,,GK2016-13,,迎宾西街南侧、大西铁路西侧,,1289.4008,,物流仓储,36100,,2016年9月20日 至 2016年9月29日,,晋中市迎宾西街开发区管委会办公大楼,030600,0354-3368707,2020-05-18,http://zrzyt.shanxi.gov.cn/zwgk/zwgkjbml/tdgl_836/crjg/201609/t20160920_79404.shtml,6a5074eaefef1c2b21b7e8f23d409aaa,
太原市国土局关于SP-1627地块出让结果公示,2016-10-09,山西省自然资源厅,,SP-1627,,位于迎泽区并州路以西，四至：南至南内环街，北至太原师范学院用地，东至并州路,位于迎泽区并州路以西，四至：南至南内环街，北至太原师范学院用地，东至并州路,135380.98,203.07,居住兼容商业、托幼、小学、商业,342280,北京华润曙光房地产开发有限公司,,,,,,2020-05-18,http://zrzyt.shanxi.gov.cn/zwgk/zwgkjbml/tdgl_836/crjg/201610/t20161009_79405.shtml,86673564c3565c43a502d891523eb48c,
山西省国土资源厅晋中经济技术开发区土地分局国有土地使用权招拍挂出让成交公示,2016-10-25,山西省自然资源厅,,GK2016-14,,环四路以东、河东街以北,,19.4707,,科研,790,,2016年10月25日 至 2016年11月3日,,晋中市迎宾西街开发区管委会办公大楼,030600,0354-3368707,2020-05-18,http://zrzyt.shanxi.gov.cn/zwgk/zwgkjbml/tdgl_836/crjg/201610/t20161025_79406.shtml,4c842243e593aee0e66d26ec7b42aed6,
山西省国土资源厅晋中经济技术开发区土地分局国有土地使用权招拍挂出让成交公示,2016-10-25,山西省自然资源厅,,GK2016-15,,综合通道以西、河东街以北,,20.0017,,科研,810,,2016年10月25日 至 2016年11月3日,,晋中市迎宾西街开发区管委会办公大楼,030600,0354-3368707,2020-05-18,http://zrzyt.shanxi.gov.cn/zwgk/zwgkjbml/tdgl_836/crjg/201610/t20161025_79406.shtml,4c842243e593aee0e66d26ec7b42aed6,
山西省国土资源厅晋中经济技术开发区土地分局国有土地使用权招拍挂出让成交公示,2016-10-25,山西省自然资源厅,,GK2016-16,,龙湖大街南、和顺路西侧,,42.4443,,商服,6370,,2016年10月25日 至 2016年11月3日,,晋中市迎宾西街开发区管委会办公大楼,030600,0354-3368707,2020-05-18,http://zrzyt.shanxi.gov.cn/zwgk/zwgkjbml/tdgl_836/crjg/201610/t20161025_79406.shtml,4c842243e593aee0e66d26ec7b42aed6,
太原市国土局关于SP-1632、SP-1634、SP-1635地块出让结果公示,2016-10-27,山西省自然资源厅,,SP-1632,,位于大井峪村以东，市府南街北侧20米城市道路以南，西中环路以西，南中环街以北。,位于大井峪村以东，市府南街北侧20米城市道路以南，西中环路以西，南中环街以北。,115949.44,173.92,居住兼容商业,93620,太原绿地太化房地产开发有限公司,,,,,,2020-05-18,http://zrzyt.shanxi.gov.cn/zwgk/zwgkjbml/tdgl_836/crjg/201610/t20161027_79407.shtml,f3418baa705cc348c8d19f77c9c3f50b,
太原市国土局关于SP-1632、SP-1634、SP-1635地块出让结果公示,2016-10-27,山西省自然资源厅,,SP-1634,,杏花岭区敦化坊周边，敦化坊村以西、以北,杏花岭区敦化坊周边，敦化坊村以西、以北,82333.03,123.499545,居住兼容商业、小学、托幼,35520,太原富力城房地产开发有限公司,,,,,,2020-05-18,http://zrzyt.shanxi.gov.cn/zwgk/zwgkjbml/tdgl_836/crjg/201610/t20161027_79407.shtml,f3418baa705cc348c8d19f77c9c3f50b,
太原市国土局关于SP-1632、SP-1634、SP-1635地块出让结果公示,2016-10-27,山西省自然资源厅,,SP-1635,,杏花岭区敦化坊周边，敦化坊村以西、以北,杏花岭区敦化坊周边，敦化坊村以西、以北,106410.77,159.62,居住兼容商业、托幼,47470,太原富力城房地产开发有限公司,,,,,,2020-05-18,http://zrzyt.shanxi.gov.cn/zwgk/zwgkjbml/tdgl_836/crjg/201610/t20161027_79407.shtml,f3418baa705cc348c8d19f77c9c3f50b,
太原市局关于SG-1636地块出让的结果公示,2016-11-08,山西省自然资源厅,,,,位于晋源区，五府营村、南街村、小站营村，四至：南至规划路；北至规划路；西至规划路。,位于晋源区，五府营村、南街村、小站营村，四至：南至规划路；北至规划路；西至规划路。,,91.83,居住兼容商业、托幼,,太原市龙城南部置业有限公司,,,,,,2020-05-18,http://zrzyt.shanxi.gov.cn/zwgk/zwgkjbml/tdgl_836/crjg/201611/t20161108_79409.shtml,2bda92379e25312c041e401ab4320338,
太原市国土局关于SG-1628、SG-1629、SG-1630、SG-1631地块出让的结果公示,2016-10-27,山西省自然资源厅,,,,位于迎泽区王家峰村，东中环路以东，规划路以南、以西，王家峰村以北。,位于迎泽区王家峰村，东中环路以东，规划路以南、以西，王家峰村以北。,,47.95,商业,,太原市龙城南部置业有限公司,,,,,,2020-05-18,http://zrzyt.shanxi.gov.cn/zwgk/zwgkjbml/tdgl_836/crjg/201610/t20161027_79408.shtml,3dc334971571fb73ad6f33e60585e543,
太原市国土局关于SG-1628、SG-1629、SG-1630、SG-1631地块出让的结果公示,2016-10-27,山西省自然资源厅,,,,位于迎泽区王家峰村，东中环路以东，规划路以南、以西，王家峰村以北。,位于迎泽区王家峰村，东中环路以东，规划路以南、以西，王家峰村以北。,,24.24,住宅兼容商业,,太原市龙城南部置业有限公司,,,,,,2020-05-18,http://zrzyt.shanxi.gov.cn/zwgk/zwgkjbml/tdgl_836/crjg/201610/t20161027_79408.shtml,3dc334971571fb73ad6f33e60585e543,
太原市国土局关于SG-1628、SG-1629、SG-1630、SG-1631地块出让的结果公示,2016-10-27,山西省自然资源厅,,,,位于迎泽区王家峰村，东中环路以东，规划路以南、以西，王家峰村以北。,位于迎泽区王家峰村，东中环路以东，规划路以南、以西，王家峰村以北。,,88.26,住宅兼容商业、托幼,,太原市龙城南部置业有限公司,,,,,,2020-05-18,http://zrzyt.shanxi.gov.cn/zwgk/zwgkjbml/tdgl_836/crjg/201610/t20161027_79408.shtml,3dc334971571fb73ad6f33e60585e543,
太原市国土局关于SG-1628、SG-1629、SG-1630、SG-1631地块出让的结果公示,2016-10-27,山西省自然资源厅,,,,位于迎泽区王家峰村，东中环路以东，规划路以南、以西，王家峰村以北。,位于迎泽区王家峰村，东中环路以东，规划路以南、以西，王家峰村以北。,,81.79,住宅兼容商业、托幼,,太原市龙城南部置业有限公司,,,,,,2020-05-18,http://zrzyt.shanxi.gov.cn/zwgk/zwgkjbml/tdgl_836/crjg/201610/t20161027_79408.shtml,3dc334971571fb73ad6f33e60585e543,
太原市国土局关于SG-1637、SG-1638地块出让的结果公示,2016-12-09,山西省自然资源厅,,,,位于小店区武洛街以南、西温庄西路以西、正阳街以北,位于小店区武洛街以南、西温庄西路以西、正阳街以北,,0.67,B29（科研）,,山西晋煤集团煤层气与煤基技术开发有限责任公司,,,,,,2020-05-18,http://zrzyt.shanxi.gov.cn/zwgk/zwgkjbml/tdgl_836/crjg/201612/t20161209_79410.shtml,545f59828775f892d2250ee17ec593da,
太原市国土局关于SG-1637、SG-1638地块出让的结果公示,2016-12-09,山西省自然资源厅,,,,位于迎泽区王家峰村东中环路以东，规划路以南、以西，王家峰村以北,位于迎泽区王家峰村东中环路以东，规划路以南、以西，王家峰村以北,,57.14,住宅,,太原市龙城南部置业有限公司,,,,,,2020-05-18,http://zrzyt.shanxi.gov.cn/zwgk/zwgkjbml/tdgl_836/crjg/201612/t20161209_79410.shtml,545f59828775f892d2250ee17ec593da,
太原市局关于SG-1648地块出让的结果公示,2016-12-26,山西省自然资源厅,,,,太行路以西，红沟南街以北,太行路以西，红沟南街以北,,91.31,居住兼容商业,,太原市龙城北部置业有限公司,,,,,,2020-05-18,http://zrzyt.shanxi.gov.cn/zwgk/zwgkjbml/tdgl_836/crjg/201612/t20161226_79413.shtml,1974875df2c9d8e7a0a4fcb8319c3f69,
山西省国土资源厅晋中经济技术开发区土地分局国有土地使用权招拍挂出让成交公示,2016-12-28,山西省自然资源厅,,GK2016-30,,定阳路东侧、龙湖大街南侧,,43.9579,,商住,14710,,2016年12月28日 至 2017年1月06日,山西省国土资源厅晋中经济技术开发区土地分局 ,晋中市迎宾西街开发区管委会办公大楼 ,030600 ,0354-3368707 ,2020-05-18,http://zrzyt.shanxi.gov.cn/zwgk/zwgkjbml/tdgl_836/crjg/201612/t20161228_79414.shtml,94a7c0947de7ff9af9f26922d747a8d5,
太原市国土局关于SP-1649地块出让结果公示,2016-12-30,山西省自然资源厅,,SP-1649,,位于晋源区南张村，四至：东至南张村、王郭村集体土地，北至新晋祠路，南至西至南张村用地,位于晋源区南张村，四至：东至南张村、王郭村集体土地，北至新晋祠路，南至西至南张村用地,88522.67,132.78,物流仓储,5531,太原传化公路港物流有限公司,,,,,,2020-05-18,http://zrzyt.shanxi.gov.cn/zwgk/zwgkjbml/tdgl_836/crjg/201612/t20161230_79415.shtml,ce662f1179c99ff8cc3a4e0628eea085,
太原市关于SG-1539地块出让的结果公示,2015-09-22,山西省自然资源厅,,,,位于晋源区吴家堡南街以南 四至:北至吴家堡南街;西至规划路;东至规划路.,位于晋源区吴家堡南街以南 四至:北至吴家堡南街;西至规划路;东至规划路.,,68.47,居住兼容商业,,山西万国商业广场开发有限公司,,,,,,2020-05-18,http://zrzyt.shanxi.gov.cn/zwgk/zwgkjbml/tdgl_836/crjg/201509/t20150922_79356.shtml,b2eba5c0af5e45b287acc32acdaffd07,
关于SG-1510地块出让的结果公示,2015-04-23,山西省自然资源厅,,SG-1510,,晋源区西寨村，四至:西寨村用地 南至西寨村用地 西至新晋祠路 北至西寨村用地,晋源区西寨村，四至:西寨村用地 南至西寨村用地 西至新晋祠路 北至西寨村用地,23150.93,34.73,居住,17300,山西昌和房地产开发有限公司,,,,,,2020-05-18,http://zrzyt.shanxi.gov.cn/zwgk/zwgkjbml/tdgl_836/crjg/201504/t20150423_79341.shtml,b594a44ce45f96ffdad1b889fe6ed422,
太原市国土局关于SG-1431地块出让的结果公示,2014-11-07,山西省自然资源厅,,SG-1431,,晋源区40米规划路以西,晋源区40米规划路以西,45739.06,68.61,商业住宅,50290,太原市新大地房地产开发有限公司,,,,,,2020-05-18,http://zrzyt.shanxi.gov.cn/zwgk/zwgkjbml/tdgl_836/crjg/201411/t20141107_79326.shtml,867d14bfd2ec03d77c3fe2bc84930263,
太原市国土局关于SG-1403地块出让的结果公示,2014-12-01,山西省自然资源厅,,SG-1403,,太原田和食品集团有限公司以东、山西台基实业发展有限公司以南。,太原田和食品集团有限公司以东、山西台基实业发展有限公司以南。,2812.93,4.22,商业,2620,太原高铁置地有限公司,,,,,,2020-05-18,http://zrzyt.shanxi.gov.cn/zwgk/zwgkjbml/tdgl_836/crjg/201412/t20141201_79327.shtml,1c9b5632b7cee4da88948a5302703ceb,
太原市国土局关于SG-1436地块出让的结果公示,2014-12-10,山西省自然资源厅,,SG-1436,,万柏林区晋峰城郊森林公园,万柏林区晋峰城郊森林公园,12600.86,18.9,住宅,1580,太原远古玉泉置业有限公司,,,,,,2020-05-18,http://zrzyt.shanxi.gov.cn/zwgk/zwgkjbml/tdgl_836/crjg/201412/t20141210_79328.shtml,83edf5f261a54b1824cdb88ef7a720ef,
太原市国土局关于SG-1437地块出让的结果公示,2014-12-10,山西省自然资源厅,,SG-1437,,万柏林区晋峰城郊森林公园,万柏林区晋峰城郊森林公园,46225.46,69.34,住宅,5710,太原远古玉泉置业有限公司,,,,,,2020-05-18,http://zrzyt.shanxi.gov.cn/zwgk/zwgkjbml/tdgl_836/crjg/201412/t20141210_79329.shtml,282eb324fa972c3d881f6cb71554917f,
太原市国土局关于SG-1438地块出让的结果公示,2014-12-10,山西省自然资源厅,,SG-1438,,万柏林区晋峰城郊森林公园,万柏林区晋峰城郊森林公园,9640.9,14.46,商业,1260,山西坤景置业有限公司,,,,,,2020-05-18,http://zrzyt.shanxi.gov.cn/zwgk/zwgkjbml/tdgl_836/crjg/201412/t20141210_79330.shtml,017490ba5dfe1d627c55748e5cc12e1d,
太原市国土局关于SG-1441地块出让的结果公示,2015-01-06,山西省自然资源厅,,SG-1441,,晋源区五府营村，退水渠以西，规划路以东，纬三路以北，五府营村以南,晋源区五府营村，退水渠以西，规划路以东，纬三路以北，五府营村以南,102200.08,153.3,居住兼容商业,55760,太原市龙城南部置业有限公司,,,,,,2020-05-18,http://zrzyt.shanxi.gov.cn/zwgk/zwgkjbml/tdgl_836/crjg/201501/t20150106_79332.shtml,f02b0359f4291765f3f029a9820b41d4,
太原市国土局关于SG-1417地块出让的结果公示,2015-01-12,山西省自然资源厅,,SG-1417,,亲贤北街313号，四至：北、东、西至山西茂业置地、太原茂业百货公司用地，南至亲贤北街,亲贤北街313号，四至：北、东、西至山西茂业置地、太原茂业百货公司用地，南至亲贤北街,1498,2.25,商业,2000,山西茂业置地房地产开发有限公司和太原茂业百货有限公司联合,,,,,,2020-05-18,http://zrzyt.shanxi.gov.cn/zwgk/zwgkjbml/tdgl_836/crjg/201501/t20150112_79333.shtml,fc5bb97b89665c36b91908a23cfc9e72,
太原市国土局关于SG-1501地块出让的结果公示,2015-02-11,山西省自然资源厅,,,,杏花岭区晋德印务有限公司以东、航天耐火纤维厂以西以南、新源里小学以北,杏花岭区晋德印务有限公司以东、航天耐火纤维厂以西以南、新源里小学以北,,2.4,居住,,山西通宇煤炭销售有限公司、山西鑫晋德房地产开发有限公司,,,,,,2020-05-18,http://zrzyt.shanxi.gov.cn/zwgk/zwgkjbml/tdgl_836/crjg/201502/t20150211_79334.shtml,8ea0051e09f32bd6973963fe5445aea7,
太原市国土局关于SP-1502、SP-1503、SP-1504三宗地块出让结果公示,2015-02-11,山西省自然资源厅,,SP-1502,,流路以西，西线北街以南,流路以西，西线北街以南,33213.37,49.82,居住兼容商业,20000,太原万科长风房地产开发有限公司,,,,,,2020-05-18,http://zrzyt.shanxi.gov.cn/zwgk/zwgkjbml/tdgl_836/crjg/201502/t20150211_79335.shtml,e9f83b9a8467555ba1b0d5d4a87978d0,
太原市国土局关于SP-1502、SP-1503、SP-1504三宗地块出让结果公示,2015-02-11,山西省自然资源厅,,SP-1503,,流路以西，西线北街以南,流路以西，西线北街以南,42307.09,63.46,居住兼容商业,25600,山西保利房地产开发有限公司,,,,,,2020-05-18,http://zrzyt.shanxi.gov.cn/zwgk/zwgkjbml/tdgl_836/crjg/201502/t20150211_79335.shtml,e9f83b9a8467555ba1b0d5d4a87978d0,
太原市国土局关于SP-1502、SP-1503、SP-1504三宗地块出让结果公示,2015-02-11,山西省自然资源厅,,SP-1504,,流路以西，西线北街以南,流路以西，西线北街以南,21822.63,32.73,居住兼容商业,13140,太原万科长风房地产开发有限公司,,,,,,2020-05-18,http://zrzyt.shanxi.gov.cn/zwgk/zwgkjbml/tdgl_836/crjg/201502/t20150211_79335.shtml,e9f83b9a8467555ba1b0d5d4a87978d0,
太原市国土资源局关于SG-1505地块出让的结果公示,2015-03-05,山西省自然资源厅,,,,位于平阳路244号 四至:北至省气象局用地 西至平阳路 南至长风北街 东至省水利建筑工程局宿舍,位于平阳路244号 四至:北至省气象局用地 西至平阳路 南至长风北街 东至省水利建筑工程局宿舍,,12.14,居住兼容商业,,太原宜居房地产开发有限公司,,,,,,2020-05-18,http://zrzyt.shanxi.gov.cn/zwgk/zwgkjbml/tdgl_836/crjg/201503/t20150305_79337.shtml,6cec0d9f8039f371f3e6b8b8f63b21fc,
山西省国土资源厅晋中经济技术开发区土地分局国有土地使用权招拍挂出让成交公示,2015-03-06,山西省自然资源厅,,GK2014-24,,和顺路西侧,,42.1097,,商住,8630,,2015年03月06日至2015年03月17日,山西省国土资源厅晋中经济技术开发区土地分局,晋中市迎宾西街开发区管委会办公大楼,030600,0354-3368707,2020-05-18,http://zrzyt.shanxi.gov.cn/zwgk/zwgkjbml/tdgl_836/crjg/201503/t20150306_79338.shtml,b0a2ea4da878596b82e30101aa324190,
山西省国土资源厅晋中经济技术开发区土地分局国有土地使用权招拍挂出让成交公示,2015-03-06,山西省自然资源厅,,GK2014-26,,迎宾西街延段以南,,34.4796,,工业,1220,,2015年03月06日至2015年03月17日,山西省国土资源厅晋中经济技术开发区土地分局,晋中市迎宾西街开发区管委会办公大楼,030600,0354-3368707,2020-05-18,http://zrzyt.shanxi.gov.cn/zwgk/zwgkjbml/tdgl_836/crjg/201503/t20150306_79338.shtml,b0a2ea4da878596b82e30101aa324190,
太原市国土资源局关于SWG-1506地块出让的结果公示,2015-03-16,山西省自然资源厅,,SWG-1506,,位于敦化南路68号、北至山西省晋元茶叶饮料公司用地、西至规划路、南至山西省总工会干部学校用地、东至规划路,位于敦化南路68号、北至山西省晋元茶叶饮料公司用地、西至规划路、南至山西省总工会干部学校用地、东至规划路,10085.9,15.13,居住兼容商业,6910,山西晋陵房地产开发集团有限公司,,,,,,2020-05-18,http://zrzyt.shanxi.gov.cn/zwgk/zwgkjbml/tdgl_836/crjg/201503/t20150316_79339.shtml,adfa1c014b0d6dd1d3a8a8b127b6f7c1,
太原市国土局关于SG-1509地块出让的结果公示,2015-04-17,山西省自然资源厅,,SG-1509,,东至规划路，南至西华苑街，西至山西爱心护理院，北至小井峪村用地,东至规划路，南至西华苑街，西至山西爱心护理院，北至小井峪村用地,4398.38,6.60,商业（社会福利院用地）,2760,山西爱心护理工程置业有限公司,,,,,,2020-05-18,http://zrzyt.shanxi.gov.cn/zwgk/zwgkjbml/tdgl_836/crjg/201504/t20150417_79340.shtml,790a59c4664bd0dffb7c45506a1e6e00,
关于SG-1507、SG-1508地块出让的结果公示,2015-04-29,山西省自然资源厅,,,,位于南客站片区，四至：太榆路以东、许坦东街以南、铁路线以西,位于南客站片区，四至：太榆路以东、许坦东街以南、铁路线以西,,132.94,居住兼容商业,,太原万科城房地产开发有限公司,,,,,,2020-05-18,http://zrzyt.shanxi.gov.cn/zwgk/zwgkjbml/tdgl_836/crjg/201504/t20150429_79342.shtml,45bf52205cd529be10b8b467e4e8b44f,
关于SG-1507、SG-1508地块出让的结果公示,2015-04-29,山西省自然资源厅,,,,位于南客站片区，四至：太榆路以东、铁路线以西、规划路以北,位于南客站片区，四至：太榆路以东、铁路线以西、规划路以北,,281.26,居住兼容商业、小学,,太原万科城房地产开发有限公司,,,,,,2020-05-18,http://zrzyt.shanxi.gov.cn/zwgk/zwgkjbml/tdgl_836/crjg/201504/t20150429_79342.shtml,45bf52205cd529be10b8b467e4e8b44f,
太原市国土局关于SG-1513、SG-1514地块出让的结果公示,2015-04-30,山西省自然资源厅,,,,位于和平北路以东、省化学纤维研究所宿舍以西、西矿街以南、迎泽西大街以北,位于和平北路以东、省化学纤维研究所宿舍以西、西矿街以南、迎泽西大街以北,,5.31,商业,,山西南丰房地产开发有限公司,,,,,,2020-05-18,http://zrzyt.shanxi.gov.cn/zwgk/zwgkjbml/tdgl_836/crjg/201504/t20150430_79343.shtml,2161417003f28d028ec14eea93c0e14f,
太原市国土局关于SG-1513、SG-1514地块出让的结果公示,2015-04-30,山西省自然资源厅,,,,位于和平北路以西、规划路以东、西矿街以南、迎泽西大街以北,位于和平北路以西、规划路以东、西矿街以南、迎泽西大街以北,,2.32,商业,,山西南丰房地产开发有限公司,,,,,,2020-05-18,http://zrzyt.shanxi.gov.cn/zwgk/zwgkjbml/tdgl_836/crjg/201504/t20150430_79343.shtml,2161417003f28d028ec14eea93c0e14f,
山西省国土资源厅晋中经济技术开发区土地分局国有土地使用权招拍挂出让成交公示,2015-05-15,山西省自然资源厅,,GK2015-3,,使西路南侧北六堡段,,18.1987,,科研,690,,2015年05月15日至2015年05月29日,山西省国土资源厅晋中经济技术开发区土地分局,晋中市迎宾西街开发区管委会办公大楼,030600,0354-3368707,2020-05-18,http://zrzyt.shanxi.gov.cn/zwgk/zwgkjbml/tdgl_836/crjg/201505/t20150515_79344.shtml,07752fc5ba13fcce0c20d525fee4461f,
山西省国土资源厅晋中经济技术开发区土地分局国有土地使用权招拍挂出让成交公示,2015-05-15,山西省自然资源厅,,GK2015-5,,使西路南侧北六堡段,,13.5808,,科研,515,,2015年05月15日至2015年05月29日,山西省国土资源厅晋中经济技术开发区土地分局,晋中市迎宾西街开发区管委会办公大楼,030600,0354-3368707,2020-05-18,http://zrzyt.shanxi.gov.cn/zwgk/zwgkjbml/tdgl_836/crjg/201505/t20150515_79344.shtml,07752fc5ba13fcce0c20d525fee4461f,
山西省国土资源厅晋中经济技术开发区土地分局国有土地使用权招拍挂出让成交公示,2015-05-22,山西省自然资源厅,,GK2015-6,,使西路两侧北六堡段,,25.4140,,科研,965,,2015年05月22日至2015年06月05日,山西省国土资源厅晋中经济技术开发区土地分局,晋中市迎宾西街开发区管委会办公大楼,030600,0354-3368707,2020-05-18,http://zrzyt.shanxi.gov.cn/zwgk/zwgkjbml/tdgl_836/crjg/201505/t20150522_79345.shtml,6e27a61f08990e3576f043a9811aa7ef,
山西省国土资源厅晋中经济技术开发区土地分局国有土地使用权招拍挂出让成交公示,2015-05-22,山西省自然资源厅,,GK2015-7,,使西路南侧北六堡段,,29.6990,,科研,1130,,2015年05月22日至2015年06月05日,山西省国土资源厅晋中经济技术开发区土地分局,晋中市迎宾西街开发区管委会办公大楼,030600,0354-3368707,2020-05-18,http://zrzyt.shanxi.gov.cn/zwgk/zwgkjbml/tdgl_836/crjg/201505/t20150522_79345.shtml,6e27a61f08990e3576f043a9811aa7ef,
太原市国土局关于SG-1520、SG-1521、SG-1522、SG-1524、SG-1525地块出让的结果公示,2015-05-26,山西省自然资源厅,,,,位于小店区科技谷路以西、武洛街以南、正阳街以北,位于小店区科技谷路以西、武洛街以南、正阳街以北,,49.62,B29（科研）,,太原重型机械集团工程技术研发有限公司,,,,,,2020-05-18,http://zrzyt.shanxi.gov.cn/zwgk/zwgkjbml/tdgl_836/crjg/201505/t20150526_79346.shtml,ff6062a48046cc2972306d33c17ce5e8,
太原市国土局关于SG-1520、SG-1521、SG-1522、SG-1524、SG-1525地块出让的结果公示,2015-05-26,山西省自然资源厅,,,,位于正阳街以南、化章北街以北,位于正阳街以南、化章北街以北,,107.01,B30（科研）,,山西格盟中美清洁能源研发中心有限公司,,,,,,2020-05-18,http://zrzyt.shanxi.gov.cn/zwgk/zwgkjbml/tdgl_836/crjg/201505/t20150526_79346.shtml,ff6062a48046cc2972306d33c17ce5e8,
太原市国土局关于SG-1520、SG-1521、SG-1522、SG-1524、SG-1525地块出让的结果公示,2015-05-26,山西省自然资源厅,,,,位于正阳街以南、化章北街以北,位于正阳街以南、化章北街以北,,57.23,B31（科研）,,山西煤炭进出口集团科学技术研究院有限公司,,,,,,2020-05-18,http://zrzyt.shanxi.gov.cn/zwgk/zwgkjbml/tdgl_836/crjg/201505/t20150526_79346.shtml,ff6062a48046cc2972306d33c17ce5e8,
太原市国土局关于SG-1520、SG-1521、SG-1522、SG-1524、SG-1525地块出让的结果公示,2015-05-26,山西省自然资源厅,,,,位于小店区正阳街以南、科技谷路以东、化章街以北,位于小店区正阳街以南、科技谷路以东、化章街以北,,47.72,B29（科研）,,山西华仕低碳技术研究院有限公司,,,,,,2020-05-18,http://zrzyt.shanxi.gov.cn/zwgk/zwgkjbml/tdgl_836/crjg/201505/t20150526_79346.shtml,ff6062a48046cc2972306d33c17ce5e8,
太原市国土局关于SG-1520、SG-1521、SG-1522、SG-1524、SG-1525地块出让的结果公示,2015-05-26,山西省自然资源厅,,,,位于小店区正阳街以南、科技谷路以东、化章街以北,位于小店区正阳街以南、科技谷路以东、化章街以北,,64.7,B29（科研）,,华能山西科技城项目管理有限责任公司,,,,,,2020-05-18,http://zrzyt.shanxi.gov.cn/zwgk/zwgkjbml/tdgl_836/crjg/201505/t20150526_79346.shtml,ff6062a48046cc2972306d33c17ce5e8,
太原市国土局关于SG-1515、SG-1516、SG-1517、SG-1518地块出让的结果公示,2015-05-26,山西省自然资源厅,,,,位于小店区科技谷路以东、武洛街以南、正阳街以北,位于小店区科技谷路以东、武洛街以南、正阳街以北,,28.09,B29科研,,山西晋煤集团煤层气与煤基技术开发有限责任公司,,,,,,2020-05-18,http://zrzyt.shanxi.gov.cn/zwgk/zwgkjbml/tdgl_836/crjg/201505/t20150526_79347.shtml,ee041413bee06a0d3ba77c6e4292318e,
太原市国土局关于SG-1515、SG-1516、SG-1517、SG-1518地块出让的结果公示,2015-05-26,山西省自然资源厅,,,,位于小店区武洛街以南、西温庄西路以西、正阳街以北,位于小店区武洛街以南、西温庄西路以西、正阳街以北,,44.13,B29科研,,山西晋煤集团煤层气与煤基技术开发有限责任公司,,,,,,2020-05-18,http://zrzyt.shanxi.gov.cn/zwgk/zwgkjbml/tdgl_836/crjg/201505/t20150526_79347.shtml,ee041413bee06a0d3ba77c6e4292318e,
太原市国土局关于SG-1515、SG-1516、SG-1517、SG-1518地块出让的结果公示,2015-05-26,山西省自然资源厅,,,,位于小店区科技谷路以东、西温庄西路以西、正阳街以北,位于小店区科技谷路以东、西温庄西路以西、正阳街以北,,50.09,B29科研,,阳泉煤业集团设计研发中心有限公司,,,,,,2020-05-18,http://zrzyt.shanxi.gov.cn/zwgk/zwgkjbml/tdgl_836/crjg/201505/t20150526_79347.shtml,ee041413bee06a0d3ba77c6e4292318e,
太原市国土局关于SG-1515、SG-1516、SG-1517、SG-1518地块出让的结果公示,2015-05-26,山西省自然资源厅,,,,小店区武洛街以南、西温庄西路以西、正阳街以北,小店区武洛街以南、西温庄西路以西、正阳街以北,,49.66,B29科研,,阳泉煤业集团设计研发中心有限公司,,,,,,2020-05-18,http://zrzyt.shanxi.gov.cn/zwgk/zwgkjbml/tdgl_836/crjg/201505/t20150526_79347.shtml,ee041413bee06a0d3ba77c6e4292318e,
太原市国土局关于SG-1526地块出让的结果公示,2015-06-17,山西省自然资源厅,,SG-1526,,尖草坪区金桥街以南，四至:东至绿化用地 南至规划路,尖草坪区金桥街以南，四至:东至绿化用地 南至规划路,50963.71,76.45,居住兼容商业,15910,山西钢兴房地产开发有限公司,,,,,,2020-05-18,http://zrzyt.shanxi.gov.cn/zwgk/zwgkjbml/tdgl_836/crjg/201506/t20150617_79348.shtml,f8b816ba84ae46320433d326ca6e04ac,
山西省国土资源厅晋中经济技术开发区土地分局国有土地使用权招拍挂出让成交公示,2015-07-09,山西省自然资源厅,,GK2015-8,,纬四街北侧鸣李段,,15.9983,,商服,,,2015年07月09日至2015年07月22日,山西省国土资源厅晋中经济技术开发区土地分局,晋中市迎宾西街开发区管委会办公大楼,030600,0354-3368707,2020-05-18,http://zrzyt.shanxi.gov.cn/zwgk/zwgkjbml/tdgl_836/crjg/201507/t20150709_79349.shtml,c540b919e7fdd3feea067b36f44b28d6,
山西省国土资源厅晋中经济技术开发区土地分局国有土地使用权招拍挂出让成交公示,2015-07-09,山西省自然资源厅,,GK2015-9,,纬四街北侧鸣李段,,36.9180,,商服,4770,,2015年07月09日至2015年07月22日,山西省国土资源厅晋中经济技术开发区土地分局,晋中市迎宾西街开发区管委会办公大楼,030600,0354-3368707,2020-05-18,http://zrzyt.shanxi.gov.cn/zwgk/zwgkjbml/tdgl_836/crjg/201507/t20150709_79349.shtml,c540b919e7fdd3feea067b36f44b28d6,
山西省国土资源厅晋中经济技术开发区土地分局国有土地使用权招拍挂出让成交公示,2015-07-09,山西省自然资源厅,,GK2015-10,,纬四街北侧鸣李段,,8.4980,,商服,1100,,2015年07月09日至2015年07月22日,山西省国土资源厅晋中经济技术开发区土地分局,晋中市迎宾西街开发区管委会办公大楼,030600,0354-3368707,2020-05-18,http://zrzyt.shanxi.gov.cn/zwgk/zwgkjbml/tdgl_836/crjg/201507/t20150709_79349.shtml,c540b919e7fdd3feea067b36f44b28d6,
山西省国土资源厅晋中经济技术开发区土地分局国有土地使用权招拍挂出让成交公示,2015-07-09,山西省自然资源厅,,GK2015-13,,汇通路东侧使张段,,4.1922,,加油站,470,,2015年07月09日至2015年07月22日,山西省国土资源厅晋中经济技术开发区土地分局,晋中市迎宾西街开发区管委会办公大楼,030600,0354-3368707,2020-05-18,http://zrzyt.shanxi.gov.cn/zwgk/zwgkjbml/tdgl_836/crjg/201507/t20150709_79349.shtml,c540b919e7fdd3feea067b36f44b28d6,
山西省国土资源厅晋中经济技术开发区土地分局国有土地使用权招拍挂出让成交公示,2015-07-09,山西省自然资源厅,,GK2015-15,,纬四街北侧鸣李段,,2.3306,,商服,300,,2015年07月09日至2015年07月22日,山西省国土资源厅晋中经济技术开发区土地分局,晋中市迎宾西街开发区管委会办公大楼,030600,0354-3368707,2020-05-18,http://zrzyt.shanxi.gov.cn/zwgk/zwgkjbml/tdgl_836/crjg/201507/t20150709_79349.shtml,c540b919e7fdd3feea067b36f44b28d6,
太原市国土局关于SP-1512、SP-1528、SP-1530地块出让的结果公示,2015-07-15,山西省自然资源厅,,,,位于高新区，四至：长治路以东，晋阳街以北，规划路以西,位于高新区，四至：长治路以东，晋阳街以北，规划路以西,,25.29,商业,,山西龙泰投资集团有限公司,,,,,,2020-05-18,http://zrzyt.shanxi.gov.cn/zwgk/zwgkjbml/tdgl_836/crjg/201507/t20150715_79350.shtml,610802df847524840b12666289154361,
太原市国土局关于SP-1512、SP-1528、SP-1530地块出让的结果公示,2015-07-15,山西省自然资源厅,,,,位于晋祠路以西，四至：北至省中医学院用地，南至山西经济管理干部学院、西至大王路,位于晋祠路以西，四至：北至省中医学院用地，南至山西经济管理干部学院、西至大王路,,108.74,商业、住宅托幼、小学,,中国铁建房地产集团有限公司和中铁十二局集团房地产开发有限公司联合,,,,,,2020-05-18,http://zrzyt.shanxi.gov.cn/zwgk/zwgkjbml/tdgl_836/crjg/201507/t20150715_79350.shtml,610802df847524840b12666289154361,
太原市国土局关于SP-1512、SP-1528、SP-1530地块出让的结果公示,2015-07-15,山西省自然资源厅,,,,位于学府街以南，四至：北至学府街、南至师范街、西至坞城中路,位于学府街以南，四至：北至学府街、南至师范街、西至坞城中路,,41.55,商业、住宅托幼,,山西光信地产有限公司,,,,,,2020-05-18,http://zrzyt.shanxi.gov.cn/zwgk/zwgkjbml/tdgl_836/crjg/201507/t20150715_79350.shtml,610802df847524840b12666289154361,
太原市国土局关于SG-1532地块出让的结果公示,2015-07-29,山西省自然资源厅,,,,位于尖草坪区金桥街以南，四至：西至和平北路，东至规划路。,位于尖草坪区金桥街以南，四至：西至和平北路，东至规划路。,,44.47,居住，托幼,,山西钢兴房地产开发有限公司,,,,,,2020-05-18,http://zrzyt.shanxi.gov.cn/zwgk/zwgkjbml/tdgl_836/crjg/201507/t20150729_79351.shtml,6d6c222d0b133c90b0681767558ed026,
太原市国土局关于SG-1533地块出让的结果公示,2015-07-29,山西省自然资源厅,,SG-1533,,万柏林区北中环以南、太原果树场以北以西、山西省国防汽车运输公司以东,万柏林区北中环以南、太原果树场以北以西、山西省国防汽车运输公司以东,6058.54,9.09,居住兼容商业,3100,山西天泓建房地产开发有限公司,,,,,,2020-05-18,http://zrzyt.shanxi.gov.cn/zwgk/zwgkjbml/tdgl_836/crjg/201507/t20150729_79352.shtml,f0225e74730e1e95bd471b450c134fa9,
山西省国土资源厅晋中经济技术开发区土地分局国有土地使用权招拍挂出让成交公示,2015-08-28,山西省自然资源厅,,GK2015-17,,开发区太旧高速以南、南砖井段,,252.4421,,仓储,7080,,2015年08月28日至2015年09月11日,山西省国土资源厅晋中经济技术开发区土地分局,晋中市迎宾西街开发区管委会办公大楼,030600,0354-3368707,2020-05-18,http://zrzyt.shanxi.gov.cn/zwgk/zwgkjbml/tdgl_836/crjg/201508/t20150828_79353.shtml,1fccfe927608df67d46712355ec618be,
山西省国土资源厅晋中经济技术开发区土地分局国有土地使用权招拍挂出让成交公示,2015-08-28,山西省自然资源厅,,GK2015-19,,使赵街以南、科创城规划的东环西路以东使赵段,,47.2879,,科研,1780,,2015年08月28日至2015年09月11日,山西省国土资源厅晋中经济技术开发区土地分局,晋中市迎宾西街开发区管委会办公大楼,030600,0354-3368707,2020-05-18,http://zrzyt.shanxi.gov.cn/zwgk/zwgkjbml/tdgl_836/crjg/201508/t20150828_79353.shtml,1fccfe927608df67d46712355ec618be,
太原市国土局关于SG-1534地块出让的结果公示,2015-08-28,山西省自然资源厅,,,,位于正阳街以南、化章北街以北,位于正阳街以南、化章北街以北,,33.46,B29（科研）,,中联煤层气有限责任公司,,,,,,2020-05-18,http://zrzyt.shanxi.gov.cn/zwgk/zwgkjbml/tdgl_836/crjg/201508/t20150828_79354.shtml,a8a61bab973d6d3f9d497eac31627d03,
太原市局关于SWG-1535地块出让的结果公示,2015-09-02,山西省自然资源厅,,SWG-1535,,位于大井峪街以南，东至西中环绿化带，南至太化集团，西至大井峪村用地，北至太化集团用地,位于大井峪街以南，东至西中环绿化带，南至太化集团，西至大井峪村用地，北至太化集团用地,117331.13,176,住宅兼容商业,76670,太原化学工业集团房地产开发有限公司,,,,,,2020-05-18,http://zrzyt.shanxi.gov.cn/zwgk/zwgkjbml/tdgl_836/crjg/201509/t20150902_79355.shtml,458a544ce30fb0e9a6494eedeffec12e,
山西省国土资源厅晋中经济技术开发区土地分局国有土地使用权招拍挂出让成交公示,2015-09-23,山西省自然资源厅,,GK2015-4,,晋中开发区使西路南侧北六堡段,,18.4086,,科研,700,,2015年09月23日至2015年10月12日,山西省国土资源厅晋中经济技术开发区土地分局,晋中市迎宾西街开发区管委会办公大楼,030600,0354-3368707,2020-05-18,http://zrzyt.shanxi.gov.cn/zwgk/zwgkjbml/tdgl_836/crjg/201509/t20150923_79357.shtml,2b74eec403a26b237435e52f233c8c58,
太原市国土局关于SG-1523地块出让的结果公示,2015-09-25,山西省自然资源厅,,,,位于正阳街以南、化章北街以北,位于正阳街以南、化章北街以北,,18.72,B29（科研）,,晋能集团有限公司,,,,,,2020-05-18,http://zrzyt.shanxi.gov.cn/zwgk/zwgkjbml/tdgl_836/crjg/201509/t20150925_79359.shtml,d4394d69847075d74694143d53756436,
太原高新区土地分局协议出让公示,2015-09-28,山西省自然资源厅,,								2015-2							,,								东至山西省警卫局、南至振兴街、西至产业路、北至规划路							,,,,								其他普通商品住房用地							,,,,山西省国土资源厅太原高新技术开发区土地分局,太原高新区高新街32号,030006,0351-7036399,2020-05-18,http://zrzyt.shanxi.gov.cn/zwgk/zwgkjbml/tdgl_836/crjg/201509/t20150928_79358.shtml,de6994ec878716ce66a3b3a2305f61db,
太原高新区土地分局协议出让公示,2015-09-28,山西省自然资源厅,,								0.57047							,,								70年							,,,,								2349.14							,,,,山西省国土资源厅太原高新技术开发区土地分局,太原高新区高新街32号,030006,0351-7036399,2020-05-18,http://zrzyt.shanxi.gov.cn/zwgk/zwgkjbml/tdgl_836/crjg/201509/t20150928_79358.shtml,de6994ec878716ce66a3b3a2305f61db,
太原市国土局关于SG-1540地块出让的结果公示,2015-09-30,山西省自然资源厅,,,,位于杏花岭区杨家峪村太原东山煤矿有限公司周边,位于杏花岭区杨家峪村太原东山煤矿有限公司周边,,59.45,工业,,华能太原东山燃机热电有限责任公司,,,,,,2020-05-18,http://zrzyt.shanxi.gov.cn/zwgk/zwgkjbml/tdgl_836/crjg/201509/t20150930_79360.shtml,8852f069f9783ec8a7134bdebcb4d41a,
太原市局关于SP-1541、SP-1529两宗地块出让结果公示,2015-11-25,山西省自然资源厅,,SP-1541,,南中环以北 西中环路以西 四至:规划路以北 规划路以西 绿化带以东 规划路以南,南中环以北 西中环路以西 四至:规划路以北 规划路以西 绿化带以东 规划路以南,86180.66,129.27,小学商业住宅托幼,63070,山西晋泰瑞房地产开发有限公司,,,,,,2020-05-18,http://zrzyt.shanxi.gov.cn/zwgk/zwgkjbml/tdgl_836/crjg/201511/t20151125_79361.shtml,72de8482a83c1479a5c98ec84d8616fe,
太原市局关于SP-1541、SP-1529两宗地块出让结果公示,2015-11-25,山西省自然资源厅,,SP-1529,,许坦西街69号 四至:东至省公路局 西至坞城西路 南至许坦西街 北至师范南街,许坦西街69号 四至:东至省公路局 西至坞城西路 南至许坦西街 北至师范南街,15389.55,23.08,商业住宅,19860,山西晋路房地产开发有限公司,,,,,,2020-05-18,http://zrzyt.shanxi.gov.cn/zwgk/zwgkjbml/tdgl_836/crjg/201511/t20151125_79361.shtml,72de8482a83c1479a5c98ec84d8616fe,
太原市局关于SG-1542地块出让的结果公示,2015-11-25,山西省自然资源厅,,,,位于南至永祚西街、西至双塔北路、北至晨光上东小区、东至太原木器厂东N小区用地。,位于南至永祚西街、西至双塔北路、北至晨光上东小区、东至太原木器厂东N小区用地。,,11.52,居住兼容商业,,太原晨光房地产开发有限公司,,,,,,2020-05-18,http://zrzyt.shanxi.gov.cn/zwgk/zwgkjbml/tdgl_836/crjg/201511/t20151125_79364.shtml,65b4dbbe0e7515962f47848ba582d492,
太原市局关于SG-1543地块出让的结果公示,2015-11-25,山西省自然资源厅,,,,位于山西省百货纺织品公司用地以东、敦化南路以西。,位于山西省百货纺织品公司用地以东、敦化南路以西。,,0.95,商业,,山西省百货纺织品公司,,,,,,2020-05-18,http://zrzyt.shanxi.gov.cn/zwgk/zwgkjbml/tdgl_836/crjg/201511/t20151125_79365.shtml,430625d343c253319160a6f7e1556c0c,
太原市局关于SWG-1544地块出让的结果公示,2015-11-25,山西省自然资源厅,,SWG-1544,,万柏林区西矿街232号，四至：南至市政宿舍、西至流村、北至太原市通途市政工程公司、东至清光巷,万柏林区西矿街232号，四至：南至市政宿舍、西至流村、北至太原市通途市政工程公司、东至清光巷,5707.32,8.56,住宅兼容商业,3640,山西裕昌房地产开发有限公司,,,,,,2020-05-18,http://zrzyt.shanxi.gov.cn/zwgk/zwgkjbml/tdgl_836/crjg/201511/t20151125_79366.shtml,6018730b51dd513db7d28e8684313030,
太原市局关于SWG-1545地块出让的结果公示,2015-11-25,山西省自然资源厅,,SWG-1545,,迎泽西大街以北、山西医科大学第三医院以西、山西融恩房地产开发有限公司以东、以南,迎泽西大街以北、山西医科大学第三医院以西、山西融恩房地产开发有限公司以东、以南,2307.2,3.46,商业,2250,山西融恩房地产开发有限公司,,,,,,2020-05-18,http://zrzyt.shanxi.gov.cn/zwgk/zwgkjbml/tdgl_836/crjg/201511/t20151125_79367.shtml,20eaf733e55ee5f1f7eb080d8c0a6956,
太原市局关于SWG-1548地块出让的结果公示,2015-11-27,山西省自然资源厅,,SWG-1548,,小店区马练营东路以西、武洛路以南,小店区马练营东路以西、武洛路以南,23519.42,35.28,B29(科研),1870,中国煤炭科工集团太原研究院有限公司,,,,,,2020-05-18,http://zrzyt.shanxi.gov.cn/zwgk/zwgkjbml/tdgl_836/crjg/201511/t20151127_79369.shtml,e932efe9be77e545481ba1f0d5f14f4f,
太原市局关于SG-1546地块出让的结果公示,2015-11-25,山西省自然资源厅,,,,位于尖草坪区，九丰路以东，太原市经济适用房发展中心以南，太原市北晨综合开发有限公司以西，太原市农业局以北,位于尖草坪区，九丰路以东，太原市经济适用房发展中心以南，太原市北晨综合开发有限公司以西，太原市农业局以北,,5.5,居住,,太原市龙城北部置业有限公司,,,,,,2020-05-18,http://zrzyt.shanxi.gov.cn/zwgk/zwgkjbml/tdgl_836/crjg/201511/t20151125_79368.shtml,0509a83d0a57e5bf76ff3520f9191460,
山西省国土资源厅晋中经济技术开发区土地分局国有土地使用权招拍挂出让成交公示,2015-12-17,山西省自然资源厅,,GK2015-32,,龙湖街南侧和顺路西侧龙田段,,41.5746,,商住,7910,,2015年12月17日至2015年12月26日,山西省国土资源厅晋中经济技术开发区土地分局,晋中市迎宾西街开发区管委会办公大楼,030600,0354-3368707,2020-05-18,http://zrzyt.shanxi.gov.cn/zwgk/zwgkjbml/tdgl_836/crjg/201512/t20151217_79370.shtml,8c29a51404e18078360c977e93a2b398,
山西省国土资源厅晋中经济技术开发区土地分局国有土地使用权招拍挂出让成交公示,2015-12-17,山西省自然资源厅,,GK2015-33,,龙湖街南侧经三路西侧龙田段,,3.8262,,住宅,,,2015年12月17日至2015年12月26日,山西省国土资源厅晋中经济技术开发区土地分局,晋中市迎宾西街开发区管委会办公大楼,030600,0354-3368707,2020-05-18,http://zrzyt.shanxi.gov.cn/zwgk/zwgkjbml/tdgl_836/crjg/201512/t20151217_79370.shtml,8c29a51404e18078360c977e93a2b398,
山西省国土资源厅晋中经济技术开发区土地分局国有土地使用权招拍挂出让成交公示,2015-12-17,山西省自然资源厅,,GK2015-34,,龙湖街北侧龙田路西侧龙田段,,55.0553,,商服,8820,,2015年12月17日至2015年12月26日,山西省国土资源厅晋中经济技术开发区土地分局,晋中市迎宾西街开发区管委会办公大楼,030600,0354-3368707,2020-05-18,http://zrzyt.shanxi.gov.cn/zwgk/zwgkjbml/tdgl_836/crjg/201512/t20151217_79370.shtml,8c29a51404e18078360c977e93a2b398,
山西省国土资源厅晋中经济技术开发区土地分局国有土地使用权招拍挂出让成交公示,2014-06-24,山西省自然资源厅,,土地面积(公顷),,出让年限,,,,成交价(万元),,,,山西省国土资源厅晋中经济技术开发区土地分局,晋中市迎宾西街开发区管委会办公大楼,030600,0354-3368707,2020-05-18,http://zrzyt.shanxi.gov.cn/zwgk/zwgkjbml/tdgl_836/crjg/201406/t20140624_79311.shtml,c78d5b2ac742dc9ca3e4cf987ac4e012,
关于CG-1372地块出让的结果公示,2014-01-29,山西省自然资源厅,,CG-1372,,尖草坪区西张村、呼延村,尖草坪区西张村、呼延村,274830.16,412.24,商业住宅社会福利,32920,山西国信文化旅游投资发展有限公司,,,,,,2020-05-18,http://zrzyt.shanxi.gov.cn/zwgk/zwgkjbml/tdgl_836/crjg/201401/t20140129_79297.shtml,355d273e1a45ff97f06a01a4c61131e1,
山西省国土资源厅晋中经济技术开发区土地分局国有土地使用权招拍挂出让成交公示,2013-05-15,山西省自然资源厅,,土地面积（公顷）,,出让年限,,,,成交价（万元）,,,,山西省国土资源厅晋中经济技术开发区土地分局 ,晋中市迎宾西街开发区管委会办公大楼,030600,0354-3368707、18603512422,2020-05-18,http://zrzyt.shanxi.gov.cn/zwgk/zwgkjbml/tdgl_836/crjg/201305/t20130515_79281.shtml,7b08bfed7f10059ef7ad557adaf763f6,
山西省国土资源厅晋中经济技术开发区土地分局国有土地使用权招拍挂出让成交公示,2013-07-12,山西省自然资源厅,,土地面积(公顷),,出让年限,,,,成交价(万元),,,,山西省国土资源厅晋中经济技术开发区土地分局,晋中市迎宾西街开发区管委会办公大楼,030600,0354-3368707、18603512422,2020-05-18,http://zrzyt.shanxi.gov.cn/zwgk/zwgkjbml/tdgl_836/crjg/201307/t20130712_79282.shtml,9c382fab1a95b67f0f47375afa5a9564,
山西省国土资源厅晋中经济技术开发区土地分局国有土地使用权招拍挂出让成交公示,2013-07-12,山西省自然资源厅,,备注：,,出让年限,,,,成交价(万元),,,,山西省国土资源厅晋中经济技术开发区土地分局,晋中市迎宾西街开发区管委会办公大楼,030600,0354-3368707、18603512422,2020-05-18,http://zrzyt.shanxi.gov.cn/zwgk/zwgkjbml/tdgl_836/crjg/201307/t20130712_79282.shtml,9c382fab1a95b67f0f47375afa5a9564,
山西省国土资源厅晋中经济技术开发区土地分局国有土地使用权招拍挂出让成交公示,2013-07-12,山西省自然资源厅,,土地面积(公顷),,出让年限,,,,成交价(万元),,,,山西省国土资源厅晋中经济技术开发区土地分局,晋中市迎宾西街开发区管委会办公大楼,030600,0354-3368707、18603512422,2020-05-18,http://zrzyt.shanxi.gov.cn/zwgk/zwgkjbml/tdgl_836/crjg/201307/t20130712_79282.shtml,9c382fab1a95b67f0f47375afa5a9564,
山西省国土资源厅晋中经济技术开发区土地分局国有土地使用权招拍挂出让成交公示,2013-07-12,山西省自然资源厅,,备注：,,出让年限,,,,成交价(万元),,,,山西省国土资源厅晋中经济技术开发区土地分局,晋中市迎宾西街开发区管委会办公大楼,030600,0354-3368707、18603512422,2020-05-18,http://zrzyt.shanxi.gov.cn/zwgk/zwgkjbml/tdgl_836/crjg/201307/t20130712_79282.shtml,9c382fab1a95b67f0f47375afa5a9564,
山西省国土资源厅晋中经济技术开发区土地分局国有土地使用权招拍挂出让成交公示,2013-07-12,山西省自然资源厅,,土地面积(公顷),,出让年限,,,,成交价(万元),,,,山西省国土资源厅晋中经济技术开发区土地分局,晋中市迎宾西街开发区管委会办公大楼,030600,0354-3368707、18603512422,2020-05-18,http://zrzyt.shanxi.gov.cn/zwgk/zwgkjbml/tdgl_836/crjg/201307/t20130712_79282.shtml,9c382fab1a95b67f0f47375afa5a9564,
山西省国土资源厅晋中经济技术开发区土地分局国有土地使用权招拍挂出让成交公示,2013-08-02,山西省自然资源厅,,土地面积(公顷),,出让年限,,,,成交价(万元),,,,山西省国土资源厅晋中经济技术开发区土地分局,晋中市迎宾西街开发区管委会办公大楼,030600,0354-3368707、18603512422,2020-05-18,http://zrzyt.shanxi.gov.cn/zwgk/zwgkjbml/tdgl_836/crjg/201308/t20130802_79283.shtml,9a129a120853dda8c2878532ca507284,
山西省国土资源厅晋中经济技术开发区土地分局国有土地使用权招拍挂出让成交公示,2013-08-23,山西省自然资源厅,,土地面积(公顷),,出让年限,,,,成交价(万元),,,,山西省国土资源厅晋中经济技术开发区土地分局,晋中市迎宾西街开发区管委会办公大楼,030600,0354-3368707、18603512422,2020-05-18,http://zrzyt.shanxi.gov.cn/zwgk/zwgkjbml/tdgl_836/crjg/201308/t20130823_79286.shtml,e7189ed4a9b02014ded5e4b17da8349d,
山西省国土资源厅晋中经济技术开发区土地分局国有土地使用权招拍挂出让成交公示,2013-08-23,山西省自然资源厅,,备注：,,出让年限,,,,成交价(万元),,,,山西省国土资源厅晋中经济技术开发区土地分局,晋中市迎宾西街开发区管委会办公大楼,030600,0354-3368707、18603512422,2020-05-18,http://zrzyt.shanxi.gov.cn/zwgk/zwgkjbml/tdgl_836/crjg/201308/t20130823_79286.shtml,e7189ed4a9b02014ded5e4b17da8349d,
山西省国土资源厅晋中经济技术开发区土地分局国有土地使用权招拍挂出让成交公示,2013-08-23,山西省自然资源厅,,土地面积(公顷),,出让年限,,,,成交价(万元),,,,山西省国土资源厅晋中经济技术开发区土地分局,晋中市迎宾西街开发区管委会办公大楼,030600,0354-3368707、18603512422,2020-05-18,http://zrzyt.shanxi.gov.cn/zwgk/zwgkjbml/tdgl_836/crjg/201308/t20130823_79286.shtml,e7189ed4a9b02014ded5e4b17da8349d,
山西省国土资源厅晋中经济技术开发区土地分局国有土地使用权招拍挂出让成交公示,2013-08-23,山西省自然资源厅,,备注：,,出让年限,,,,成交价(万元),,,,山西省国土资源厅晋中经济技术开发区土地分局,晋中市迎宾西街开发区管委会办公大楼,030600,0354-3368707、18603512422,2020-05-18,http://zrzyt.shanxi.gov.cn/zwgk/zwgkjbml/tdgl_836/crjg/201308/t20130823_79286.shtml,e7189ed4a9b02014ded5e4b17da8349d,
山西省国土资源厅晋中经济技术开发区土地分局国有土地使用权招拍挂出让成交公示,2013-08-23,山西省自然资源厅,,土地面积(公顷),,出让年限,,,,成交价(万元),,,,山西省国土资源厅晋中经济技术开发区土地分局,晋中市迎宾西街开发区管委会办公大楼,030600,0354-3368707、18603512422,2020-05-18,http://zrzyt.shanxi.gov.cn/zwgk/zwgkjbml/tdgl_836/crjg/201308/t20130823_79286.shtml,e7189ed4a9b02014ded5e4b17da8349d,
山西省国土资源厅晋中经济技术开发区土地分局国有土地使用权招拍挂出让成交公示,2013-08-23,山西省自然资源厅,,备注：,,出让年限,,,,成交价(万元),,,,山西省国土资源厅晋中经济技术开发区土地分局,晋中市迎宾西街开发区管委会办公大楼,030600,0354-3368707、18603512422,2020-05-18,http://zrzyt.shanxi.gov.cn/zwgk/zwgkjbml/tdgl_836/crjg/201308/t20130823_79286.shtml,e7189ed4a9b02014ded5e4b17da8349d,
山西省国土资源厅晋中经济技术开发区土地分局国有土地使用权招拍挂出让成交公示,2013-10-17,山西省自然资源厅,,土地面积(公顷),,出让年限,,,,成交价(万元),,,,山西省国土资源厅晋中经济技术开发区土地分局,晋中市迎宾西街开发区管委会办公大楼,030600,0354-3368707、18603512422,2020-05-18,http://zrzyt.shanxi.gov.cn/zwgk/zwgkjbml/tdgl_836/crjg/201310/t20131017_79287.shtml,8d8b324ffe41bc03019cb938441c5038,
关于CP-1369地块出让的结果公示,2014-01-07,山西省自然资源厅,,CP-1369,,滨河西路以西、纺织街以南、晋祠路以东、省高院用地以北。,滨河西路以西、纺织街以南、晋祠路以东、省高院用地以北。,33437.36,50.16,商业,90500,绿地集团太原置业有限公司,,,,,,2020-05-18,http://zrzyt.shanxi.gov.cn/zwgk/zwgkjbml/tdgl_836/crjg/201401/t20140107_79289.shtml,79a54312c674f76e4c4a3c57132f9bac,
关于CWG-1354地块出让的结果公示,2014-01-07,山西省自然资源厅,,CWG-1354,,位于晋阳街以北，体育南路以东、军民路以西、山西新弘祺开发公司以北，山西新弘祺开发公司以南,位于晋阳街以北，体育南路以东、军民路以西、山西新弘祺开发公司以北，山西新弘祺开发公司以南,10486.84,住宅商业,住宅商业,9480,山西新弘祺房地产开发有限公司,,,,,,2020-05-18,http://zrzyt.shanxi.gov.cn/zwgk/zwgkjbml/tdgl_836/crjg/201401/t20140107_79290.shtml,4df7e3a0215dedf618b878024014e9c0,
关于CG-1363地块出让的结果公示,2014-01-20,山西省自然资源厅,,CG-1363,,小店区西温庄乡以南，四至：西至五号线、北至正阳街,小店区西温庄乡以南，四至：西至五号线、北至正阳街,11094.95,16.64,工业,840,太原市奇美实业有限公司,,,,,,2020-05-18,http://zrzyt.shanxi.gov.cn/zwgk/zwgkjbml/tdgl_836/crjg/201401/t20140120_79291.shtml,f2cb091cd58f1f0760cf424bedf78fbc,
关于CG-1366、CG-1367、CG-1368地块出让的结果公示,2014-01-20,山西省自然资源厅,,CG-1366,,杏花岭区迎春街以北，四至：北至新街南二巷、南至迎春街、东至太行路、西至规划路；,杏花岭区迎春街以北，四至：北至新街南二巷、南至迎春街、东至太行路、西至规划路；,22076.01,住宅、商业,住宅、商业,14730,太原市龙城北部置业有限公司,,,,,,2020-05-18,http://zrzyt.shanxi.gov.cn/zwgk/zwgkjbml/tdgl_836/crjg/201401/t20140120_79292.shtml,8c73f01c7c68986d179722439e691477,
关于CG-1366、CG-1367、CG-1368地块出让的结果公示,2014-01-20,山西省自然资源厅,,CG-1367,,杏花岭区迎春街以北，四至：北至凯旋街、南至新街南二巷、东至规划路、西至太行路,杏花岭区迎春街以北，四至：北至凯旋街、南至新街南二巷、东至规划路、西至太行路,16515.25,住宅、商业,住宅、商业,10750,太原市龙城北部置业有限公司,,,,,,2020-05-18,http://zrzyt.shanxi.gov.cn/zwgk/zwgkjbml/tdgl_836/crjg/201401/t20140120_79292.shtml,8c73f01c7c68986d179722439e691477,
关于CG-1366、CG-1367、CG-1368地块出让的结果公示,2014-01-20,山西省自然资源厅,,CG-1368,,杏花岭区迎春街以北，四至：北至新街南二巷、南至迎春街、东至规划路、西至太行路,杏花岭区迎春街以北，四至：北至新街南二巷、南至迎春街、东至规划路、西至太行路,32123.06,商业、住宅、托幼,商业、住宅、托幼,20000,太原市龙城北部置业有限公司,,,,,,2020-05-18,http://zrzyt.shanxi.gov.cn/zwgk/zwgkjbml/tdgl_836/crjg/201401/t20140120_79292.shtml,8c73f01c7c68986d179722439e691477,
关于CWG-1361地块出让的结果公示,2014-01-20,山西省自然资源厅,,CWG-1361,,小店区龙城大街以南新庄社区，东至西至规划路，南至北至山西万景源房地产开发公司用地,小店区龙城大街以南新庄社区，东至西至规划路，南至北至山西万景源房地产开发公司用地,6255.36,住宅商业,住宅商业,4590,山西万景源房地产开发有限责任公司,,,,,,2020-05-18,http://zrzyt.shanxi.gov.cn/zwgk/zwgkjbml/tdgl_836/crjg/201401/t20140120_79293.shtml,09739fed70713c4bae5b9c32aaaf2b52,
关于CP-1364地块出让的结果公示,2014-01-22,山西省自然资源厅,,CP-1364,,长风商务区，东至太原市中心商务区管理中心用地，南至S17地块，西至太原市中心商务区管理中心用地，北至省招生考试管理中心,长风商务区，东至太原市中心商务区管理中心用地，南至S17地块，西至太原市中心商务区管理中心用地，北至省招生考试管理中心,20316.24,30.47,商业,33600,山西普润房地产开发有限公司,,,,,,2020-05-18,http://zrzyt.shanxi.gov.cn/zwgk/zwgkjbml/tdgl_836/crjg/201401/t20140122_79294.shtml,c9fc32052d9128fe0ee21a18a61d8570,
关于CG-1375地块出让的结果公示,2014-01-24,山西省自然资源厅,,CG-1375,,万柏林区晋峰城郊森林公园,万柏林区晋峰城郊森林公园,52248.25,78.372,住宅,6420,山西保源昌房地产开发有限公司,,,,,,2020-05-18,http://zrzyt.shanxi.gov.cn/zwgk/zwgkjbml/tdgl_836/crjg/201401/t20140124_79295.shtml,724de0e2abdd29360be9cb3a1d6d497d,
关于CG-1379地块出让的结果公示,2014-01-27,山西省自然资源厅,,CG-1379,,晋源区开化村、寺底村、石庄头村,晋源区开化村、寺底村、石庄头村,206979.72,310.47,商业住宅,22360,山西蒙山佛光旅游项目开发有限公司,,,,,,2020-05-18,http://zrzyt.shanxi.gov.cn/zwgk/zwgkjbml/tdgl_836/crjg/201401/t20140127_79296.shtml,c92bd49ec0bdc6940a7d5d33c7e436ab,
关于CG-1380地块出让的结果公示,2014-01-30,山西省自然资源厅,,CG-1380,,赵庄新村、滨河东路以东、龙康街以北,赵庄新村、滨河东路以东、龙康街以北,55798.43,住宅、商业,住宅、商业,26031,恒大地产集团有限公司,,,,,,2020-05-18,http://zrzyt.shanxi.gov.cn/zwgk/zwgkjbml/tdgl_836/crjg/201401/t20140130_79298.shtml,4266588de2ae4862673ad2b0fd0baf54,
关于CG-1381地块出让的结果公示,2014-01-30,山西省自然资源厅,,CG-1381,,赵庄新村、滨河东路以东、龙康街以北,赵庄新村、滨河东路以东、龙康街以北,81435.61,住宅、商业、小学、托幼,住宅、商业、小学、托幼,37961,恒大地产集团有限公司,,,,,,2020-05-18,http://zrzyt.shanxi.gov.cn/zwgk/zwgkjbml/tdgl_836/crjg/201401/t20140130_79299.shtml,cb6717c78d1404a1bcc4dac53c4318c1,
关于CG-1382地块出让的结果公示,2014-01-30,山西省自然资源厅,,CG-1382,,赵庄新村、滨河东路以东、龙康街以北,赵庄新村、滨河东路以东、龙康街以北,22803.74,住宅,住宅,10771,恒大地产集团有限公司,,,,,,2020-05-18,http://zrzyt.shanxi.gov.cn/zwgk/zwgkjbml/tdgl_836/crjg/201401/t20140130_79300.shtml,c010a007e942b889c8c544c3402b2e4c,
关于CG-1383地块出让的结果公示,2014-01-30,山西省自然资源厅,,CG-1383,,赵庄新村、滨河东路以东、龙康街以北,赵庄新村、滨河东路以东、龙康街以北,62576.15,住宅、商业,住宅、商业,29872,恒大地产集团有限公司,,,,,,2020-05-18,http://zrzyt.shanxi.gov.cn/zwgk/zwgkjbml/tdgl_836/crjg/201401/t20140130_79301.shtml,6381b517102cfa8aebdf50c8cc290263,
关于CG-1384地块出让的结果公示,2014-01-30,山西省自然资源厅,,CG-1384,,赵庄新村、滨河东路以东、龙康街以北,赵庄新村、滨河东路以东、龙康街以北,112036.59,住宅、商业,住宅、商业,52262,恒大地产集团有限公司,,,,,,2020-05-18,http://zrzyt.shanxi.gov.cn/zwgk/zwgkjbml/tdgl_836/crjg/201401/t20140130_79302.shtml,8dba79e3f0f0693ba748d93ac46b58af,
太原市国土资源局关于CG-1385地块出让的结果公示,2014-01-30,山西省自然资源厅,,CG-1385,,北河湾以东、太铁宿舍以南、省肿瘤医院以西、太原市物资回收利用总公司享堂分公司以北,北河湾以东、太铁宿舍以南、省肿瘤医院以西、太原市物资回收利用总公司享堂分公司以北,24432.24,住宅商业,住宅商业,17010,山西融智信房地产开发有限公司,,,,,,2020-05-18,http://zrzyt.shanxi.gov.cn/zwgk/zwgkjbml/tdgl_836/crjg/201401/t20140130_79303.shtml,0ecc1dcff29cc29d2c1d5073af8071a7,
太原市国土资源局关于SP-1401地块出让的结果公示,2014-02-13,山西省自然资源厅,,SP-1401,,小店区大吴社区，东至山针中路，南至中心街，西至唐槐路、省汾河一坝分局用地，北至荣军北街,小店区大吴社区，东至山针中路，南至中心街，西至唐槐路、省汾河一坝分局用地，北至荣军北街,44575.09,66.68,商业住宅,33850,山西亿成房地产开发有限公司,,,,,,2020-05-18,http://zrzyt.shanxi.gov.cn/zwgk/zwgkjbml/tdgl_836/crjg/201402/t20140213_79304.shtml,e5cb319dc39a7ad607c45f28cfec6edb,
国有土地使用权招拍挂出让成交公示,2014-03-12,山西省自然资源厅,,土地面积(公顷),,出让年限,,,,成交价(万元),,,,山西省国土资源厅晋中经济技术开发区土地分局,晋中市迎宾西街开发区管委会办公大楼,030600,0354-3368707,2020-05-18,http://zrzyt.shanxi.gov.cn/zwgk/zwgkjbml/tdgl_836/crjg/201403/t20140312_79288.shtml,b40c0ffb9e5bebb75f7f78be525a6ec7,
国有土地使用权招拍挂出让成交公示,2014-03-12,山西省自然资源厅,,备注：,,出让年限,,,,成交价(万元),,,,山西省国土资源厅晋中经济技术开发区土地分局,晋中市迎宾西街开发区管委会办公大楼,030600,0354-3368707,2020-05-18,http://zrzyt.shanxi.gov.cn/zwgk/zwgkjbml/tdgl_836/crjg/201403/t20140312_79288.shtml,b40c0ffb9e5bebb75f7f78be525a6ec7,
太原市国土资源局关于SG-1402地块出让的结果公示,2014-04-11,山西省自然资源厅,,SG-1402,,迎泽区东太堡街车管所周边,迎泽区东太堡街车管所周边,214027.58,321.04,商业、住宅、中学,91780,太原市龙城发展投资有限公司,,,,,,2020-05-18,http://zrzyt.shanxi.gov.cn/zwgk/zwgkjbml/tdgl_836/crjg/201404/t20140411_79305.shtml,0b7f7c134dd9473cb5e35912e1ddad3f,
太原市国土资源局关于SP-1410地块出让的结果公示,2014-04-24,山西省自然资源厅,,SP-1410,,北至南站西广场 南至农科路、中心街北街,北至南站西广场 南至农科路、中心街北街,37520.88,56.28,商业,19300,山西顺康房地产开发有限公司,,,,,,2020-05-18,http://zrzyt.shanxi.gov.cn/zwgk/zwgkjbml/tdgl_836/crjg/201404/t20140424_79306.shtml,c1634e593694208c8f690a9c770153bd,
太原市国土资源局关于SG-1411地块出让的结果公示,2014-05-16,山西省自然资源厅,,SG-1411,,位于山西省农业生产资料公司以东、光明路以西,位于山西省农业生产资料公司以东、光明路以西,14355.56,商业,商业,13040,太原高铁置地有限公司,,,,,,2020-05-18,http://zrzyt.shanxi.gov.cn/zwgk/zwgkjbml/tdgl_836/crjg/201405/t20140516_79307.shtml,18325f9de6b9eb1625fe93aec3778bdc,
太原市国土资源局关于SG-1414地块出让的结果公示,2014-05-27,山西省自然资源厅,,SG-1414,,位于五一东街，四至：北至山西金海港房地产开发有限公司用地，西至太原铁路局用地，南至省电力公司用地，东至山西金海港房地产开发有限公司用地,位于五一东街，四至：北至山西金海港房地产开发有限公司用地，西至太原铁路局用地，南至省电力公司用地，东至山西金海港房地产开发有限公司用地,3203.96,商业住宅,商业住宅,5180,山西金海港房地产开发有限公司,,,,,,2020-05-18,http://zrzyt.shanxi.gov.cn/zwgk/zwgkjbml/tdgl_836/crjg/201405/t20140527_79308.shtml,732505f4ebf18bd9745dcb378942e636,
太原市国土资源局关于SWG-1416地块出让的结果公示,2014-06-18,山西省自然资源厅,,SWG-1416,,位于坞城南路和师范街路口西南角，四至：北至师范街、东至坞城南路、西至山西省公路局用地,位于坞城南路和师范街路口西南角，四至：北至师范街、东至坞城南路、西至山西省公路局用地,1551.36,商业,商业,2530,山西龙珠大厦(有限公司),,,,,,2020-05-18,http://zrzyt.shanxi.gov.cn/zwgk/zwgkjbml/tdgl_836/crjg/201406/t20140618_79309.shtml,f0dd65e86456fdc3a163eb4c01616f8e,
太原市国土资源局关于SG-1418地块出让的结果公示,2014-07-08,山西省自然资源厅,,SG-1418,,位于杏花岭区，新村路以东、凯旋街以南、太行路以西、规划路以北,位于杏花岭区，新村路以东、凯旋街以南、太行路以西、规划路以北,35430.72,商业、住宅,商业、住宅,25740,太原市龙城北部置业有限公司,,,,,,2020-05-18,http://zrzyt.shanxi.gov.cn/zwgk/zwgkjbml/tdgl_836/crjg/201407/t20140708_79312.shtml,bf26ad59cc5eeb13cf57bab819419557,
太原市国土资源局关于SG-1419地块出让的结果公示,2014-07-28,山西省自然资源厅,,SG-1419,,太原市解放北路161号，北至太原名都房地产开发有限公司，南至北中环街，东至规划路，西至道路。,太原市解放北路161号，北至太原名都房地产开发有限公司，南至北中环街，东至规划路，西至道路。,14867.78,22.3,居住兼容商业,8830,山西华源电化有限责任公司,,,,,,2020-05-18,http://zrzyt.shanxi.gov.cn/zwgk/zwgkjbml/tdgl_836/crjg/201407/t20140728_79313.shtml,2f02a59245502b71a97076f946feb9a3,
太原市局关于SWG-1421地块出让的结果公示,2014-09-09,山西省自然资源厅,,SWG-1421,,位于市府街以南、新晋祠路以西,位于市府街以南、新晋祠路以西,41092.68,61.64,住宅商业小学,41270,太原化学工业集团房地产开发有限公司,,,,,,2020-05-18,http://zrzyt.shanxi.gov.cn/zwgk/zwgkjbml/tdgl_836/crjg/201409/t20140909_79316.shtml,8987d8a914dbb3ff6cff8b09e2ceab55,
太原市国土局关于SG-1422地块出让的结果公示,2014-09-05,山西省自然资源厅,,SG-1422,,小店区东桥村、温家堡、西攒村，四至：东至大运西路，南至八号线用地,小店区东桥村、温家堡、西攒村，四至：东至大运西路，南至八号线用地,48552.02,72.83,工业,3750,山西美特好连锁超市股份有限公司,,,,,,2020-05-18,http://zrzyt.shanxi.gov.cn/zwgk/zwgkjbml/tdgl_836/crjg/201409/t20140905_79315.shtml,00d385d89e35dc5596b2ca98ce03cf10,
太原市国土局关于SG-1425地块出让的结果公示,2014-10-17,山西省自然资源厅,,SG-1425,,位于尖草坪区南渣线,位于尖草坪区南渣线,1005.57,1.51,供热设施用地,550,太原市城北热力有限公司,,,,,,2020-05-18,http://zrzyt.shanxi.gov.cn/zwgk/zwgkjbml/tdgl_836/crjg/201410/t20141017_79317.shtml,d0f7f42372bb1adbf4613770aef40fee,
太原市国土局关于SG-1426地块出让的结果公示,2014-10-21,山西省自然资源厅,,SG-1426,,坞城路95号，许坦西街以南、汾河一坝用地以北,坞城路95号，许坦西街以南、汾河一坝用地以北,9244.4,13.87,住宅,8380,山西仁义房地产开发有限公司,,,,,,2020-05-18,http://zrzyt.shanxi.gov.cn/zwgk/zwgkjbml/tdgl_836/crjg/201410/t20141021_79318.shtml,33d7fde70063c94180770e7bcf66ce25,
太原市国土局关于SG-1420地块出让的结果公示,2014-10-23,山西省自然资源厅,,SG-1420,,位于长风商务区，山西顺德房地产开发有限公司用地以南、市河西农产品有限公司用地以西,位于长风商务区，山西顺德房地产开发有限公司用地以南、市河西农产品有限公司用地以西,1150.13,1.73,商业,1890,山西硕和顺德房地产开发有限公司,,,,,,2020-05-18,http://zrzyt.shanxi.gov.cn/zwgk/zwgkjbml/tdgl_836/crjg/201410/t20141023_79319.shtml,151fb482508fc601d9c040d900161916,
太原市国土局关于SG-1427地块出让的结果公示,2014-10-23,山西省自然资源厅,,SG-1427,,位于太原市迎泽区郝庄新正街1号。四至范围为：东至经园路；西至太行路地块一以东；南至王家峰街地块八以北；北至南沙河南辅路东段地块六以南,位于太原市迎泽区郝庄新正街1号。四至范围为：东至经园路；西至太行路地块一以东；南至王家峰街地块八以北；北至南沙河南辅路东段地块六以南,42108.69,63.16,居住兼容商业,17880,太原市龙城南部置业有限公司,,,,,,2020-05-18,http://zrzyt.shanxi.gov.cn/zwgk/zwgkjbml/tdgl_836/crjg/201410/t20141023_79320.shtml,4209f2dd81d94b7398da68f39dcd3de0,
太原市国土局关于SG-1430、SG-1412地块出让的结果公示,2014-10-24,山西省自然资源厅,,SG-1430,,敦化北路以西、规划路以北以南以东,敦化北路以西、规划路以北以南以东,59928.29,89.89,居住兼容商业,26660,太原市龙城北部置业有限公司,,,,,,2020-05-18,http://zrzyt.shanxi.gov.cn/zwgk/zwgkjbml/tdgl_836/crjg/201410/t20141024_79321.shtml,57713dcb40445181a964734f33c0ed62,
太原市国土局关于SG-1430、SG-1412地块出让的结果公示,2014-10-24,山西省自然资源厅,,SG-1412,,红沟北路26号，北至府东街、东至省汽车集团公司用地，西至规划路，南至市经济适用房发展中心用地、市地方建材总厂用地,红沟北路26号，北至府东街、东至省汽车集团公司用地，西至规划路，南至市经济适用房发展中心用地、市地方建材总厂用地,31229.51,46.84,商业住宅,28160,山西顺华置地房地产开发有限公司和山西顺康房地产开发有限公司联合,,,,,,2020-05-18,http://zrzyt.shanxi.gov.cn/zwgk/zwgkjbml/tdgl_836/crjg/201410/t20141024_79321.shtml,57713dcb40445181a964734f33c0ed62,
太原市国土局关于SG-1432地块出让的结果公示,2014-11-05,山西省自然资源厅,,SG-1432,,南内环东街以北、太行路以东,南内环东街以北、太行路以东,20299.4,30.45,住宅商业,11780,太原市龙城南部置业有限公司,,,,,,2020-05-18,http://zrzyt.shanxi.gov.cn/zwgk/zwgkjbml/tdgl_836/crjg/201411/t20141105_79322.shtml,a17a6037d1bb73c41d8909d1c459f72c,
太原市国土局关于SG-1433地块出让的结果公示,2014-11-05,山西省自然资源厅,,SG-1433,,南内环东街以北、太行路以东,南内环东街以北、太行路以东,18535.3,27.8,住宅商业,10690,太原市龙城南部置业有限公司,,,,,,2020-05-18,http://zrzyt.shanxi.gov.cn/zwgk/zwgkjbml/tdgl_836/crjg/201411/t20141105_79323.shtml,102ab3a72f296c407a2aa81a76ac032f,
太原市国土局关于SG-1434地块出让的结果公示,2014-11-05,山西省自然资源厅,,SG-1434,,南内环东街以北、太行路以东,南内环东街以北、太行路以东,45724.06,68.59,住宅商业,19660,太原市龙城南部置业有限公司,,,,,,2020-05-18,http://zrzyt.shanxi.gov.cn/zwgk/zwgkjbml/tdgl_836/crjg/201411/t20141105_79324.shtml,d0efb1ae323eb9ef9176c8a6143cb4fc,
太原市国土局关于SG-1435地块出让的结果公示,2014-11-05,山西省自然资源厅,,SG-1435,,南内环东街以北、太行路以东,南内环东街以北、太行路以东,57157.86,85.74,住宅商业,24420,太原市龙城南部置业有限公司,,,,,,2020-05-18,http://zrzyt.shanxi.gov.cn/zwgk/zwgkjbml/tdgl_836/crjg/201411/t20141105_79325.shtml,04c96822365dfe0e229c13f8f51925f6,
晋中市规划和自然资源局国有建设用地使用权挂牌出让结果公告（2020年3号）,2020-04-02,晋中市规划和自然资源局,晋中自然结字[2020]03号,,JZGT2020T09,,东、西、北至郭村，南至规划路,,44654.56,工业用地,1889,山西晋世缘畜牧开发有限公司,,,,,,2020-05-18,http://zrzyt.shanxi.gov.cn/zwgk/zwgkjbml/tdgl_836/crjg/202004/t20200402_169687.shtml,2718964206a6977c90eddad408657c6f,
晋中市规划和自然资源局国有建设用地使用权挂牌出让结果公告（2020年3号）,2020-04-02,晋中市规划和自然资源局,晋中自然结字[2020]03号,,JZGT2019T50,,晋中市龙城大街区域第五组团规划南二路南侧、规划纵十三路西侧,,38015.78,商业、住宅用地,,流拍,,,,,,2020-05-18,http://zrzyt.shanxi.gov.cn/zwgk/zwgkjbml/tdgl_836/crjg/202004/t20200402_169687.shtml,2718964206a6977c90eddad408657c6f,
晋中市规划和自然资源局国有建设用地使用权挂牌出让结果公告（2020年3号）,2020-04-02,晋中市规划和自然资源局,晋中自然结字[2020]03号,,JZGT2019T49,,晋中市龙城大街区域第五组团规划南二路南侧、规划纵十二路东侧,,30725.22,商业、住宅用地,,流拍,,,,,,2020-05-18,http://zrzyt.shanxi.gov.cn/zwgk/zwgkjbml/tdgl_836/crjg/202004/t20200402_169687.shtml,2718964206a6977c90eddad408657c6f,
晋中市规划和自然资源局国有建设用地使用权挂牌出让结果公告（2020年3号）,2020-04-02,晋中市规划和自然资源局,晋中自然结字[2020]03号,,JZGT2019T47,,晋中市龙城大街区域第五组团规划南二路北侧、规划纵十三路西侧,,20609.92,城镇混合住宅用地,,流拍,,,,,,2020-05-18,http://zrzyt.shanxi.gov.cn/zwgk/zwgkjbml/tdgl_836/crjg/202004/t20200402_169687.shtml,2718964206a6977c90eddad408657c6f,
晋中市规划和自然资源局国有建设用地使用权挂牌出让结果公告（2020年3号）,2020-04-02,晋中市规划和自然资源局,晋中自然结字[2020]03号,,JZGT2019T46,,晋中市龙城大街区域第五组团规划南二路北侧、规划纵十二路东侧,,48702.07,商业、住宅用地,,流拍,,,,,,2020-05-18,http://zrzyt.shanxi.gov.cn/zwgk/zwgkjbml/tdgl_836/crjg/202004/t20200402_169687.shtml,2718964206a6977c90eddad408657c6f,
晋中市规划和自然资源局国有建设用地使用权挂牌出让结果公告（2020年3号）,2020-04-02,晋中市规划和自然资源局,晋中自然结字[2020]03号,,JZGT2019T44,,晋中市龙城大街区域第四组团规划南二路南侧、规划纵十路东侧,,28515.08,城镇单一住宅用地,,流拍,,,,,,2020-05-18,http://zrzyt.shanxi.gov.cn/zwgk/zwgkjbml/tdgl_836/crjg/202004/t20200402_169687.shtml,2718964206a6977c90eddad408657c6f,
晋中市规划和自然资源局国有建设用地使用权挂牌出让结果公告（2020年3号）,2020-04-02,晋中市规划和自然资源局,晋中自然结字[2020]03号,,JZGT2019T43,,晋中市龙城大街区域第4组团规划南一路北侧、规划纵九路东侧,,40346.3,商业、住宅用地,,流拍,,,,,,2020-05-18,http://zrzyt.shanxi.gov.cn/zwgk/zwgkjbml/tdgl_836/crjg/202004/t20200402_169687.shtml,2718964206a6977c90eddad408657c6f,
晋中市规划和自然资源局国有建设用地使用权挂牌出让结果公告（2020年3号）,2020-04-02,晋中市规划和自然资源局,晋中自然结字[2020]03号,,JZGT2019T42,,晋中市龙城大街区域第四组团规划南二路北侧、规划纵九路东侧,,58831.79,商业、住宅用地,,流拍,,,,,,2020-05-18,http://zrzyt.shanxi.gov.cn/zwgk/zwgkjbml/tdgl_836/crjg/202004/t20200402_169687.shtml,2718964206a6977c90eddad408657c6f,
晋中市规划和自然资源局国有建设用地使用权挂牌出让结果公告（2020年3号）,2020-04-02,晋中市规划和自然资源局,晋中自然结字[2020]03号,,JZGT2019T19,,蕴华街北侧、九中便民市场东侧,,12070.85,商业、住宅用地,,延期,,,,,,2020-05-18,http://zrzyt.shanxi.gov.cn/zwgk/zwgkjbml/tdgl_836/crjg/202004/t20200402_169687.shtml,2718964206a6977c90eddad408657c6f,
晋中市国土资源局开发区土地分局国有建设用地使用权挂牌出让成交公示2019年9号,2019-08-11,晋中市规划和自然资源局,晋开示字（2019）9号,GK2018-33,,潇河产业园晋中起步区兴隆北街南侧、榆次修文粮食仓库西侧,,131.1319,,工业,3515,山西建投装饰产业有限公司,2019年8月9日 至 2019年8月14日,晋中市国土资源局开发区土地分局,晋中市迎宾西街开发区管委会办公大楼,030600,0354-3368707,2020-05-18,http://zrzyt.shanxi.gov.cn/zwgk/zwgkjbml/tdgl_836/crjg/201908/t20190811_124947.shtml,05405b6caa21881dc57c42bb13649ac2,
晋中市国土资源局开发区土地分局国有建设用地使用权挂牌出让成交公示2019年16号,2019-11-23,晋中市规划和自然资源局,晋开示字（2019）16号,GK2019-12,,华益巷北侧、社火公园东侧,,56.5101,,商住、社会停车场,20730,山西颐景房地产开发有限公司,2019年11月22日 至 2019年11月27日,晋中市国土资源局开发区土地分局,晋中市迎宾西街开发区管委会办公大楼,030600,0354-3368707,2020-05-18,http://zrzyt.shanxi.gov.cn/zwgk/zwgkjbml/tdgl_836/crjg/201911/t20191123_137696.shtml,c67fc9d327cbc7d581c70924a6434c0b,
晋中市国土资源局开发区土地分局国有建设用地使用权挂牌出让成交公示2019年17号,2019-12-04,晋中市规划和自然资源局,晋开示字（2019）17号,GK2019-29,,鸣谦大街北侧、原山西省能源国际物流有限公司用地,,139.1613,,商服,28440,山西保罗置业有限公司,2019年12月4日 至 2019年12月9日,晋中市国土资源局开发区土地分局,晋中市迎宾西街开发区管委会办公大楼,030600,0354-3368707,2020-05-18,http://zrzyt.shanxi.gov.cn/zwgk/zwgkjbml/tdgl_836/crjg/201912/t20191204_140068.shtml,faac47c7ff58175a4c1c79af53c624c3,
晋中市国土资源局开发区土地分局国有建设用地使用权挂牌出让成交公示2019年17号,2019-12-04,晋中市规划和自然资源局,晋开示字（2019）17号,GK2019-22,,安宁西街北侧、箕城路东侧,,86.3637,,住宅,,流拍,2019年12月4日 至 2019年12月9日,晋中市国土资源局开发区土地分局,晋中市迎宾西街开发区管委会办公大楼,030600,0354-3368707,2020-05-18,http://zrzyt.shanxi.gov.cn/zwgk/zwgkjbml/tdgl_836/crjg/201912/t20191204_140068.shtml,faac47c7ff58175a4c1c79af53c624c3,
晋中市国土资源局开发区土地分局国有建设用地使用权挂牌出让成交公示2019年17号,2019-12-04,晋中市规划和自然资源局,晋开示字（2019）17号,GK2019-23,,安宁西街北侧、园区路西侧,,97.542,,住宅,,流拍,2019年12月4日 至 2019年12月9日,晋中市国土资源局开发区土地分局,晋中市迎宾西街开发区管委会办公大楼,030600,0354-3368707,2020-05-18,http://zrzyt.shanxi.gov.cn/zwgk/zwgkjbml/tdgl_836/crjg/201912/t20191204_140068.shtml,faac47c7ff58175a4c1c79af53c624c3,
晋中市国土资源局开发区土地分局国有建设用地使用权挂牌出让成交公示2019年17号,2019-12-04,晋中市规划和自然资源局,晋开示字（2019）17号,GK2019-24,,使赵大街南侧、园区路西侧,,95.6584,,住宅、幼儿园,,流拍,2019年12月4日 至 2019年12月9日,晋中市国土资源局开发区土地分局,晋中市迎宾西街开发区管委会办公大楼,030600,0354-3368707,2020-05-18,http://zrzyt.shanxi.gov.cn/zwgk/zwgkjbml/tdgl_836/crjg/201912/t20191204_140068.shtml,faac47c7ff58175a4c1c79af53c624c3,
晋中市国土资源局开发区土地分局国有建设用地使用权挂牌出让成交公示2019年17号,2019-12-04,晋中市规划和自然资源局,晋开示字（2019）17号,GK2019-25,,使赵片区横九路北侧、纵七路西侧,,55.2913,,商住,,流拍,2019年12月4日 至 2019年12月9日,晋中市国土资源局开发区土地分局,晋中市迎宾西街开发区管委会办公大楼,030600,0354-3368707,2020-05-18,http://zrzyt.shanxi.gov.cn/zwgk/zwgkjbml/tdgl_836/crjg/201912/t20191204_140068.shtml,faac47c7ff58175a4c1c79af53c624c3,
晋中市国土资源局开发区土地分局国有建设用地使用权挂牌出让成交公示2019年19号,2019-12-10,晋中市规划和自然资源局,晋开示字（2019）19号,GK2019-13,,潇河产业园区晋中起步区小牛线南侧、综合通道东侧,,399.37,,工业,11182,山西美锦氢能科技有限公司,2019年12月9日 至 2019年12月14日,晋中市国土资源局开发区土地分局,晋中市迎宾西街开发区管委会办公大楼,030600,0354-3368707,2020-05-18,http://zrzyt.shanxi.gov.cn/zwgk/zwgkjbml/tdgl_836/crjg/201912/t20191210_141121.shtml,2a5650ea28a3776dc64d8e98ce2f3a1d,
晋中市国土资源局开发区土地分局国有建设用地使用权挂牌出让成交公示2019年19号,2019-12-10,晋中市规划和自然资源局,晋开示字（2019）19号,GK2019-19,,东贾村创业街北侧、华卫药业西侧,,19.2009,,商住,2304,山西龙辰房地产开发有限公司,2019年12月9日 至 2019年12月14日,晋中市国土资源局开发区土地分局,晋中市迎宾西街开发区管委会办公大楼,030600,0354-3368707,2020-05-18,http://zrzyt.shanxi.gov.cn/zwgk/zwgkjbml/tdgl_836/crjg/201912/t20191210_141121.shtml,2a5650ea28a3776dc64d8e98ce2f3a1d,
晋中市规划和自然资源局国有建设用地使用权挂牌出让结果公告2019年14号,2019-12-13,晋中市规划和自然资源局,晋中自然结字[2019]14号,,JZGT2019T62,,北部新城广安街北侧、新建北路东侧,,56078.56,商业、住宅用地,,流 拍,,,,,,2020-05-18,http://zrzyt.shanxi.gov.cn/zwgk/zwgkjbml/tdgl_836/crjg/201912/t20191213_142372.shtml,8ee00c3b305a105dc894d38bf31d0bc3,
晋中市规划和自然资源局国有建设用地使用权挂牌出让结果公告2019年14号,2019-12-13,晋中市规划和自然资源局,晋中自然结字[2019]14号,,JZGT2019T61,,新建北路西侧、文津街北侧,,117182.29,商业、住宅用地,68607,太原保利房地产开发有限公司,,,,,,2020-05-18,http://zrzyt.shanxi.gov.cn/zwgk/zwgkjbml/tdgl_836/crjg/201912/t20191213_142372.shtml,8ee00c3b305a105dc894d38bf31d0bc3,
晋中市规划和自然资源局国有建设用地使用权挂牌出让结果公告2019年14号,2019-12-13,晋中市规划和自然资源局,晋中自然结字[2019]14号,,JZGT2019T60,,道北西街南侧、新建路东侧,,8936.24,商业、住宅用地,6463,晋中市天元房地产开发有限公司,,,,,,2020-05-18,http://zrzyt.shanxi.gov.cn/zwgk/zwgkjbml/tdgl_836/crjg/201912/t20191213_142372.shtml,8ee00c3b305a105dc894d38bf31d0bc3,
晋中市规划和自然资源局国有建设用地使用权挂牌出让结果公告2019年14号,2019-12-13,晋中市规划和自然资源局,晋中自然结字[2019]14号,,JZGT2019T59,,广安街南侧、兴源路西侧,,41505.77,工业用地,3133,晋中市瑞阳热电联产供热有限责任公司,,,,,,2020-05-18,http://zrzyt.shanxi.gov.cn/zwgk/zwgkjbml/tdgl_836/crjg/201912/t20191213_142372.shtml,8ee00c3b305a105dc894d38bf31d0bc3,
晋中市规划和自然资源局国有建设用地使用权挂牌出让结果公告2019年14号,2019-12-13,晋中市规划和自然资源局,晋中自然结字[2019]14号,,JZGT2019T58,,晋中市龙城大街区域第二组团规划南三路南侧、规划纵四路西侧,,73217.45,城镇单一住宅用地,37448,山西通建房地产开发有限公司,,,,,,2020-05-18,http://zrzyt.shanxi.gov.cn/zwgk/zwgkjbml/tdgl_836/crjg/201912/t20191213_142372.shtml,8ee00c3b305a105dc894d38bf31d0bc3,
晋中市规划和自然资源局国有建设用地使用权挂牌出让结果公告2019年14号,2019-12-13,晋中市规划和自然资源局,晋中自然结字[2019]14号,,JZGT2019T50,,晋中市龙城大街区域第五组团规划南二路南侧、规划纵十三路西侧,,38015.78,商业、住宅用地,,流 拍,,,,,,2020-05-18,http://zrzyt.shanxi.gov.cn/zwgk/zwgkjbml/tdgl_836/crjg/201912/t20191213_142372.shtml,8ee00c3b305a105dc894d38bf31d0bc3,
晋中市规划和自然资源局国有建设用地使用权挂牌出让结果公告2019年14号,2019-12-13,晋中市规划和自然资源局,晋中自然结字[2019]14号,,JZGT2019T49,,晋中市龙城大街区域第五组团规划南二路南侧、规划纵十二路东侧,,30725.22,商业、住宅用地,,流 拍,,,,,,2020-05-18,http://zrzyt.shanxi.gov.cn/zwgk/zwgkjbml/tdgl_836/crjg/201912/t20191213_142372.shtml,8ee00c3b305a105dc894d38bf31d0bc3,
晋中市规划和自然资源局国有建设用地使用权挂牌出让结果公告2019年14号,2019-12-13,晋中市规划和自然资源局,晋中自然结字[2019]14号,,JZGT2019T48,,晋中市龙城大街区域第五组团规划南二路北侧、规划纵十三路西侧,,9722.85,--科教用地,,流 拍,,,,,,2020-05-18,http://zrzyt.shanxi.gov.cn/zwgk/zwgkjbml/tdgl_836/crjg/201912/t20191213_142372.shtml,8ee00c3b305a105dc894d38bf31d0bc3,
晋中市规划和自然资源局国有建设用地使用权挂牌出让结果公告2019年14号,2019-12-13,晋中市规划和自然资源局,晋中自然结字[2019]14号,,JZGT2019T47,,晋中市龙城大街区域第五组团规划南二路北侧、规划纵十三路西侧,,20609.92,城镇混合住宅用地,,流 拍,,,,,,2020-05-18,http://zrzyt.shanxi.gov.cn/zwgk/zwgkjbml/tdgl_836/crjg/201912/t20191213_142372.shtml,8ee00c3b305a105dc894d38bf31d0bc3,
晋中市规划和自然资源局国有建设用地使用权挂牌出让结果公告2019年14号,2019-12-13,晋中市规划和自然资源局,晋中自然结字[2019]14号,,JZGT2019T46,,晋中市龙城大街区域第五组团规划南二路北侧、规划纵十二路东侧,,48702.07,商业、住宅用地,,流 拍,,,,,,2020-05-18,http://zrzyt.shanxi.gov.cn/zwgk/zwgkjbml/tdgl_836/crjg/201912/t20191213_142372.shtml,8ee00c3b305a105dc894d38bf31d0bc3,
晋中市规划和自然资源局国有建设用地使用权挂牌出让结果公告2019年14号,2019-12-13,晋中市规划和自然资源局,晋中自然结字[2019]14号,,JZGT2019T44,,晋中市龙城大街区域第四组团规划南二路南侧、规划纵十路东侧,,28515.08,城镇单一住宅用地,,流 拍,,,,,,2020-05-18,http://zrzyt.shanxi.gov.cn/zwgk/zwgkjbml/tdgl_836/crjg/201912/t20191213_142372.shtml,8ee00c3b305a105dc894d38bf31d0bc3,
晋中市规划和自然资源局国有建设用地使用权挂牌出让结果公告2019年14号,2019-12-13,晋中市规划和自然资源局,晋中自然结字[2019]14号,,JZGT2019T43,,晋中市龙城大街区域第4组团规划南一路北侧、规划纵九路东侧,,40346.3,商业、住宅用地,,流 拍,,,,,,2020-05-18,http://zrzyt.shanxi.gov.cn/zwgk/zwgkjbml/tdgl_836/crjg/201912/t20191213_142372.shtml,8ee00c3b305a105dc894d38bf31d0bc3,
晋中市规划和自然资源局国有建设用地使用权挂牌出让结果公告2019年14号,2019-12-13,晋中市规划和自然资源局,晋中自然结字[2019]14号,,JZGT2019T42,,晋中市龙城大街区域第四组团规划南二路北侧、规划纵九路东侧,,58831.79,商业、住宅用地,,流 拍,,,,,,2020-05-18,http://zrzyt.shanxi.gov.cn/zwgk/zwgkjbml/tdgl_836/crjg/201912/t20191213_142372.shtml,8ee00c3b305a105dc894d38bf31d0bc3,
晋中市规划和自然资源局国有建设用地使用权挂牌出让结果公告2019年14号,2019-12-13,晋中市规划和自然资源局,晋中自然结字[2019]14号,,JZGT2019T39,,晋中市龙城大街区域第二组团龙城大街东延南侧、规划纵三路东侧,,38062.96,商业用地,20039,山西通建房地产开发有限公司,,,,,,2020-05-18,http://zrzyt.shanxi.gov.cn/zwgk/zwgkjbml/tdgl_836/crjg/201912/t20191213_142372.shtml,8ee00c3b305a105dc894d38bf31d0bc3,
晋中市规划和自然资源局国有建设用地使用权挂牌出让结果公告2019年14号,2019-12-13,晋中市规划和自然资源局,晋中自然结字[2019]14号,,JZGT2019T34,,晋中市龙城大街区域第二组团规划南三路南侧、规划纵三路东侧,,83507.16,城镇单一住宅用地,42615,山西通建房地产开发有限公司,,,,,,2020-05-18,http://zrzyt.shanxi.gov.cn/zwgk/zwgkjbml/tdgl_836/crjg/201912/t20191213_142372.shtml,8ee00c3b305a105dc894d38bf31d0bc3,
晋中市规划和自然资源局国有建设用地使用权挂牌出让结果公告2019年14号,2019-12-13,晋中市规划和自然资源局,晋中自然结字[2019]14号,,JZGT2019T33,,晋中市龙城大街区域第二组团龙城大街东延南侧、规划纵四路西侧,,32786.98,城镇单一住宅用地,16770,山西通建房地产开发有限公司,,,,,,2020-05-18,http://zrzyt.shanxi.gov.cn/zwgk/zwgkjbml/tdgl_836/crjg/201912/t20191213_142372.shtml,8ee00c3b305a105dc894d38bf31d0bc3,
晋中市规划和自然资源局国有建设用地使用权挂牌出让结果公告2019年13-1号,2019-12-13,晋中市规划和自然资源局,晋中自然结字[2019]13-1号,,JZGT2019T19,,蕴华街北侧、九中便民市场东侧,,12070.85,商业、住宅用地,,流拍,,,,,,2020-05-18,http://zrzyt.shanxi.gov.cn/zwgk/zwgkjbml/tdgl_836/crjg/201912/t20191213_142373.shtml,cf37cde606763232a8865106a542ff0b,
晋中市国土资源局开发区土地分局国有建设用地使用权挂牌出让成交公示2019年21号,2019-12-16,晋中市规划和自然资源局,晋开示字（2019）21号,GK2019-26,,示范区晋中开发区新能源汽车园区文华东街南侧、兴源路西侧,,114.0392,,工业,4167,山西斯纳德智为应急电源专用车制造有限公司,2019年12月16日 至 2019年12月21日,晋中市国土资源局开发区土地分局,晋中市迎宾西街开发区管委会办公大楼,030600,0354-3368707,2020-05-18,http://zrzyt.shanxi.gov.cn/zwgk/zwgkjbml/tdgl_836/crjg/201912/t20191216_143139.shtml,861479bbc404e927f885c0ed91491a16,
晋中市国土资源局开发区土地分局国有建设用地使用权挂牌出让成交公示2019年21号,2019-12-16,晋中市规划和自然资源局,晋开示字（2019）21号,GK2019-27,,示范区晋中开发区新能源汽车园区文华东街南侧、兴源路西侧,,50.0031,,工业,1827,山西斯纳德智奥环卫专用车制造有限公司,2019年12月16日 至 2019年12月21日,晋中市国土资源局开发区土地分局,晋中市迎宾西街开发区管委会办公大楼,030600,0354-3368707,2020-05-18,http://zrzyt.shanxi.gov.cn/zwgk/zwgkjbml/tdgl_836/crjg/201912/t20191216_143139.shtml,861479bbc404e927f885c0ed91491a16,
晋中市国土资源局开发区土地分局国有建设用地使用权挂牌出让成交公示2019年21号,2019-12-16,晋中市规划和自然资源局,晋开示字（2019）21号,GK2019-28,,示范区晋中开发区新能源汽车园区文华东街南侧、兴源路西侧,,50.0043,,工业,1827,山西斯纳德智翔防汛专用车制造有限公司,2019年12月16日 至 2019年12月21日,晋中市国土资源局开发区土地分局,晋中市迎宾西街开发区管委会办公大楼,030600,0354-3368707,2020-05-18,http://zrzyt.shanxi.gov.cn/zwgk/zwgkjbml/tdgl_836/crjg/201912/t20191216_143139.shtml,861479bbc404e927f885c0ed91491a16,
晋中市国土资源局开发区土地分局国有建设用地使用权挂牌出让结果公示（2019年22号）,2019-12-27,晋中市规划和自然资源局,晋开示字（2019）22号,GK2019-14,,潇河产业园区晋中起步区小牛线南侧、综合通道西侧,,281.6396,,工业,,流拍,2019年12月27日 至 2020年1月2日,晋中市国土资源局开发区土地分局,晋中市迎宾西街开发区管委会办公大楼,030600,0354-3368707,2020-05-18,http://zrzyt.shanxi.gov.cn/zwgk/zwgkjbml/tdgl_836/crjg/201912/t20191227_146493.shtml,f0a9f3f67e0b4c8523ebc04d669fba3a,
晋中市国土资源局开发区土地分局国有建设用地使用权挂牌出让结果公示（2019年22号）,2019-12-27,晋中市规划和自然资源局,晋开示字（2019）22号,GK2019-15,,潇河产业园区晋中起步区小牛线南侧、综合通道西侧,,337.3194,,工业,,流拍,2019年12月27日 至 2020年1月2日,晋中市国土资源局开发区土地分局,晋中市迎宾西街开发区管委会办公大楼,030600,0354-3368707,2020-05-18,http://zrzyt.shanxi.gov.cn/zwgk/zwgkjbml/tdgl_836/crjg/201912/t20191227_146493.shtml,f0a9f3f67e0b4c8523ebc04d669fba3a,
晋中市规划和自然资源局国有建设用地使用权挂牌出让结果公告（2020年1号）,2020-02-27,晋中市规划和自然资源局,晋中自然结字[2020]01号,,ZJGT2020T01,,环城西路西侧、榆次工业园区8号路南侧、寇村现村庄北侧,,3456.52,商业、住宅用地,,流 拍,,,,,,2020-05-18,http://zrzyt.shanxi.gov.cn/zwgk/zwgkjbml/tdgl_836/crjg/202002/t20200227_160162.shtml,f2e5106c85e7fcbda4ccc47ed3d78b41,
晋中市规划和自然资源局国有建设用地使用权挂牌出让结果公告（2020年1号）,2020-02-27,晋中市规划和自然资源局,晋中自然结字[2020]01号,,JZGT2020T07,,东至规划路；南、北、西至事和同房地产开发有限公司,,724.77,商业、住宅用地,368,山西事和同房地产开发有限公司,,,,,,2020-05-18,http://zrzyt.shanxi.gov.cn/zwgk/zwgkjbml/tdgl_836/crjg/202002/t20200227_160162.shtml,f2e5106c85e7fcbda4ccc47ed3d78b41,
晋中市规划和自然资源局国有建设用地使用权挂牌出让结果公告（2020年1号）,2020-02-27,晋中市规划和自然资源局,晋中自然结字[2020]01号,,JZGT2020T05,,修文镇郝村南,,2961.03,工业用地,228,晋中市万晟供热有限公司,,,,,,2020-05-18,http://zrzyt.shanxi.gov.cn/zwgk/zwgkjbml/tdgl_836/crjg/202002/t20200227_160162.shtml,f2e5106c85e7fcbda4ccc47ed3d78b41,
晋中市规划和自然资源局国有建设用地使用权挂牌出让结果公告（2020年1号）,2020-02-27,晋中市规划和自然资源局,晋中自然结字[2020]01号,,JZGT2020T04,,环城西路西侧、榆次工业园区8号路南侧、寇村现村庄北侧,,12600.61,商业、住宅用地,,流 拍,,,,,,2020-05-18,http://zrzyt.shanxi.gov.cn/zwgk/zwgkjbml/tdgl_836/crjg/202002/t20200227_160162.shtml,f2e5106c85e7fcbda4ccc47ed3d78b41,
晋中市规划和自然资源局国有建设用地使用权挂牌出让结果公告（2020年1号）,2020-02-27,晋中市规划和自然资源局,晋中自然结字[2020]01号,,JZGT2020T03,,环城西路西侧、榆次工业园区8号路南侧、寇村现村庄北侧,,19.91,商业、住宅用地,,流 拍,,,,,,2020-05-18,http://zrzyt.shanxi.gov.cn/zwgk/zwgkjbml/tdgl_836/crjg/202002/t20200227_160162.shtml,f2e5106c85e7fcbda4ccc47ed3d78b41,
晋中市规划和自然资源局国有建设用地使用权挂牌出让结果公告（2020年1号）,2020-02-27,晋中市规划和自然资源局,晋中自然结字[2020]01号,,JZGT2020T02,,环城西路西侧、榆次工业园区8号路南侧、寇村现村庄北侧,,3419.58,商业、住宅用地,,流 拍,,,,,,2020-05-18,http://zrzyt.shanxi.gov.cn/zwgk/zwgkjbml/tdgl_836/crjg/202002/t20200227_160162.shtml,f2e5106c85e7fcbda4ccc47ed3d78b41,
