文件标题,时间,来源,正文标题,地块编号,宗地编号,拍卖结果,公开转让方式,挂牌时间,转让人,转让方,受让人,受让方,受让单位,位置,地块位置,出让面积(平方米),用途,成交价(万元),不动产权登记证号,出让合同编号,出让合同,变更协议编号,土地用途,使用年限,面积,土地面积(公顷),转让价格(单价总价),出让年限,土地使用条件,备注,公示期,联系单位,单位地址,邮政编码,联系电话,联系人,电子邮件,爬取地址url,唯一标识,
山西省国土资源厅晋中经济技术开发区土地分局国有土地使用权招拍挂出让成交公示,2016-08-09,山西省自然资源厅,,,GK2015-24,,,,,,,,山西古城乳业集团有限公司,,蕴华西街以南、机械园一号路西侧,,,3180,,,,,工业,,,84.3565,,50年,,,2016年8月9日 至 2016年8月18日,,晋中市迎宾西街开发区管委会办公大楼,030600,0354-3368707,,,2020-05-18,http://zrzyt.shanxi.gov.cn/zwgk/zwgkjbml/tdgl_836/jggs/201608/t20160809_79547.shtml,39821102b987fdf9102f82bd6d7fb750,
太原市国土局二0一五年公开转让HGZ-1514国有划拨土地使用权结果公示（第9期）,2015-07-24,山西省自然资源厅,,HGZ-1514,,,挂牌,2015-06-25至2015-07-10,,,太原市国投房地产开发有限公司,,,万柏林区兴华西街以南、上庄街以北、面粉三厂以西、排洪沟以东,,84198.44,住宅兼容商业,48020,,,,,,,,,,,,,,,,,,,,2020-05-18,http://zrzyt.shanxi.gov.cn/zwgk/zwgkjbml/tdgl_836/jggs/201507/t20150724_79517.shtml,5c0d25c8155c608b621c2d613a852c00,
太原市国土局公开转让HGZ-1605国有划拨土地使用权结果公示,2016-04-20,山西省自然资源厅,,HGZ-1605,,,挂牌,2016-04-05至2016-04-19,,,山西九昌房地产开发有限公司,,,位于晋源区西寨路以东、滨河西路以西、西寨城改用地以南、西寨南街以北,,75832.29,住宅兼容商业,56640,,,,,,,,,,,,,,,,,,,,2020-05-18,http://zrzyt.shanxi.gov.cn/zwgk/zwgkjbml/tdgl_836/jggs/201604/t20160420_79535.shtml,3c6065260ef5d4b4d5f948ccd8141874,
太原市国土局二0一六年公开转让HGZ-1604国有划拨土地使用权结果公示,2016-04-20,山西省自然资源厅,,HGZ-1604,,,挂牌,2016-04-01至2016-04-18,,,山西瑞枫源房地产开发有限公司,,,杏花岭区耙儿沟村以东、以西、以南，府东街东延以北,,51983.97,居住兼容商业,39560,,,,,,,,,,,,,,,,,,,,2020-05-18,http://zrzyt.shanxi.gov.cn/zwgk/zwgkjbml/tdgl_836/jggs/201604/t20160420_79536.shtml,96243ac8656a786b00c3a388f3233b83,
太原市国土资源局国有土地使用权挂牌转让公告(并国土公转告字[2016]10号),2016-04-22,山西省自然资源厅,,,HGZ-1609,,,,山西盛世龙源商贸有限公司,,,,,万柏林区南社村龙腾南小区以西、南社城中村改造规划地块9以北,,,,,,,,,居住兼容商业,,8379.9平方米,,,住宅70年,,宗地按照现状公开转让。宗地面积8379.9平方米，其中：住宅分摊7039.12平方米，商业分摊1340.78平方米。出让用途及年限：居住兼容商业，兼容比例16%，住宅70年、商业40年。,,,,,0351-3586600,,,2020-05-18,http://zrzyt.shanxi.gov.cn/zwgk/zwgkjbml/tdgl_836/jggs/201604/t20160422_79537.shtml,017d09d98a9de284fc17b792857cf8ac,
太原市国土资源局国有建设用地使用权挂牌出让公告(并国土公出告字[2016]13号),2016-04-29,山西省自然资源厅,,,SG-1613,,,2016年5月20日08时00分,,,,,,位于晋源区西寨村，四至：东至省汾河一坝分局用地；南至西至南阜村改37地块用地；北至北阜村改用地,,,,,,,,,住宅,,45556.73平方米,,,住宅70年,,使用面积：45556.73平方米，其中：住宅用地42456.73平方米、托幼3100平方米。土地用途：住宅、托幼，住宅70年，托幼40年。容积率：住宅3.79，托幼1.0.建筑密度：住宅20%，托幼30%。保障性住房比例5%。本地块按照现状公开出让。,,,,,0351-3586600,,,2020-05-18,http://zrzyt.shanxi.gov.cn/zwgk/zwgkjbml/tdgl_836/jggs/201604/t20160429_79540.shtml,3096b16931bd7b9c732f259b6c7cbe36,
太原市国土资源局国有土地使用权挂牌转让公告(并国土公转告字[2016]11号),2016-05-07,山西省自然资源厅,,,HGZ-1610,,,,山西盛世龙源商贸有限公司,,,,,万柏林区西山煤运铁路专线以北,,,,,,,,,居住兼容商业,,19198平方米,,,住宅70年,,宗地按照现状公开转让。宗地面积19198平方米，其中：住宅分摊17662.16平方米，商业分摊1535.84平方米。出让用途及年限：居住兼容商业，兼容比例8%，住宅70年、商业40年。,,,,,0351-3586600,,,2020-05-18,http://zrzyt.shanxi.gov.cn/zwgk/zwgkjbml/tdgl_836/jggs/201605/t20160507_79538.shtml,9733ba02c030b01a31223929129d4896,
太原市公开转让HGZ-1602国有划拨土地使用权结果公示,2016-05-17,山西省自然资源厅,,HGZ-1602,,,挂牌,2016-04-19至2016-05-06,,,太原国投房地产开发有限公司,,,位于晋源区义井城改用地以东、西中环以西、义井西街以南、义井城改用地以北,,5000.91,商业,7200,,,,,,,,,,,,,,,,,,,,2020-05-18,http://zrzyt.shanxi.gov.cn/zwgk/zwgkjbml/tdgl_836/jggs/201605/t20160517_79532.shtml,dcf6fc265eb5be1476302ffe635950ef,
太原市二0一六年公开转让HGZ-1606、1607国有划拨土地使用权结果公示,2016-05-17,山西省自然资源厅,,HGZ-1606,,,挂牌,2016-04-27至2016-05-12,,,山西海智房地产开发有限公司,,,万柏林区滨河体育中心以西、漪汾街以北、文兴路以东,,34007.42,居住兼容商业,28340,,,,,,,,,,,,,,,,,,,,2020-05-18,http://zrzyt.shanxi.gov.cn/zwgk/zwgkjbml/tdgl_836/jggs/201605/t20160517_79533.shtml,fc3dfcd8aa5698c48954be7485409187,
太原市二0一六年公开转让HGZ-1606、1607国有划拨土地使用权结果公示,2016-05-17,山西省自然资源厅,,HGZ-1607,,,挂牌,2016-04-27至2016-05-12,,,山西海智房地产开发有限公司,,,万柏林区滨河体育中心以西、漪汾街以北、文兴路以东,,9982.22,商业,13340,,,,,,,,,,,,,,,,,,,,2020-05-18,http://zrzyt.shanxi.gov.cn/zwgk/zwgkjbml/tdgl_836/jggs/201605/t20160517_79533.shtml,fc3dfcd8aa5698c48954be7485409187,
太原市国土局二0一六年公开转让HGZ-1611、HGZ-1612、HGZ-1613国有划拨土地使用权结果公示,2016-07-06,山西省自然资源厅,,HGZ-1611,,,挂牌,2016-06-16至2016-06-30,,,山西中融银丰置业有限公司,,,万柏林区千峰南路以西、新庄北街以南、新庄北路以东,,57455.97,居住兼容商业,48620,,,,,,,,,,,,,,,,,,,,2020-05-18,http://zrzyt.shanxi.gov.cn/zwgk/zwgkjbml/tdgl_836/jggs/201607/t20160706_79545.shtml,232e58f2f07a3a5985d6a4ff2d1efb28,
太原市国土局二0一六年公开转让HGZ-1611、HGZ-1612、HGZ-1613国有划拨土地使用权结果公示,2016-07-06,山西省自然资源厅,,HGZ-1612,,,挂牌,2016-06-16至2016-06-30,,,山西中融银丰置业有限公司,,,万柏林区千峰南路以西、新庄北街以南、新庄北路以东,,10001.29,小学,4670,,,,,,,,,,,,,,,,,,,,2020-05-18,http://zrzyt.shanxi.gov.cn/zwgk/zwgkjbml/tdgl_836/jggs/201607/t20160706_79545.shtml,232e58f2f07a3a5985d6a4ff2d1efb28,
太原市国土局二0一六年公开转让HGZ-1611、HGZ-1612、HGZ-1613国有划拨土地使用权结果公示,2016-07-06,山西省自然资源厅,,HGZ-1613,,,挂牌,2016-06-16至2016-06-30,,,山西中融银丰置业有限公司,,,万柏林区千峰南路以西、新庄北街以南、新庄北路以东,,12945.73,商业,12270,,,,,,,,,,,,,,,,,,,,2020-05-18,http://zrzyt.shanxi.gov.cn/zwgk/zwgkjbml/tdgl_836/jggs/201607/t20160706_79545.shtml,232e58f2f07a3a5985d6a4ff2d1efb28,
太原市国土局二0一五年公开转让HGZ-1515、HGZ-1516国有划拨土地使用权结果公示（第10期）,2015-07-29,山西省自然资源厅,,HGZ-1515,,,挂牌,2015-07-10至2015-07-24,,,太原万恒房地产开发有限公司,,,万柏林区太原锅炉厂北侧规划路以北、大井峪街以南,,55275.75,居住兼容商业,31960,,,,,,,,,,,,,,,,,,,,2020-05-18,http://zrzyt.shanxi.gov.cn/zwgk/zwgkjbml/tdgl_836/jggs/201507/t20150729_79518.shtml,518707d9139f79449d38a7d21b65c759,
太原市国土局二0一五年公开转让HGZ-1515、HGZ-1516国有划拨土地使用权结果公示（第10期）,2015-07-29,山西省自然资源厅,,HGZ-1516,,,挂牌,2015-07-10至2015-07-24,,,太原万恒房地产开发有限公司,,,万柏林区太原锅炉厂北侧规划路以南、太原万科蓝山房地产开发有限公司用地以北,,7566.57,居住兼容商业,4650,,,,,,,,,,,,,,,,,,,,2020-05-18,http://zrzyt.shanxi.gov.cn/zwgk/zwgkjbml/tdgl_836/jggs/201507/t20150729_79518.shtml,518707d9139f79449d38a7d21b65c759,
太原高新区土地分局国有土地使用权挂牌出让成交公示,2015-08-26,山西省自然资源厅,,,2015-1,,,,,,,,启迪（太原）科技园投资发展有限公司,,东至干渠路、南至南中环街、西至启迪（太原）科技园投资发展有限公司、北至规划路,,,710,,,,,商务金融用地,,,0.06636,,40年,,,2015年08月27日 至 2015年09月10日 ,山西省国土资源厅太原高新技术开发区土地分局,太原高新区高新街32号,030006,0351-7036399,王娟,tygxtdfj860@163.com,2020-05-18,http://zrzyt.shanxi.gov.cn/zwgk/zwgkjbml/tdgl_836/jggs/201508/t20150826_79520.shtml,4b679a021ba6631317372b44e1583d57,
山西省国土资源厅晋中经济技术开发区土地分局国有土地使用权招拍挂出让成交公示,2015-10-21,山西省自然资源厅,,,GK2015-14,,,,,,,,晋中市北方电缆有限公司,,108国道以东、北方电缆厂东北,,,170,,,,,工业,,,4.732,,50年,,,2015年10月21日至2015年11月4日,山西省国土资源厅晋中经济技术开发区土地分局,晋中市迎宾西街开发区管委会办公大楼,030600,0354-3368707,王先生,,2020-05-18,http://zrzyt.shanxi.gov.cn/zwgk/zwgkjbml/tdgl_836/jggs/201510/t20151021_79521.shtml,4e87ecddfb5b9cb9995a8dd4b356a0be,
山西省国土资源厅晋中经济技术开发区土地分局国有土地使用权招拍挂出让成交公示,2015-10-21,山西省自然资源厅,,,GK2015-20,,,,,,,,山西德元堂药业有限公司,,机械园三号路南侧、机械园一号路西侧,,,1720,,,,,工业,,,45.681,,50年,,,2015年10月21日至2015年11月4日,山西省国土资源厅晋中经济技术开发区土地分局,晋中市迎宾西街开发区管委会办公大楼,030600,0354-3368707,王先生,,2020-05-18,http://zrzyt.shanxi.gov.cn/zwgk/zwgkjbml/tdgl_836/jggs/201510/t20151021_79521.shtml,4e87ecddfb5b9cb9995a8dd4b356a0be,
山西省国土资源厅晋中经济技术开发区土地分局国有土地使用权招拍挂出让成交公示,2015-10-21,山西省自然资源厅,,,GK2015-21,,,,,,,,山西恒大制药有限公司,,机械园三号路南侧、机械园一号路东侧,,,1050,,,,,工业,,,27.926,,50年,,,2015年10月21日至2015年11月4日,山西省国土资源厅晋中经济技术开发区土地分局,晋中市迎宾西街开发区管委会办公大楼,030600,0354-3368707,王先生,,2020-05-18,http://zrzyt.shanxi.gov.cn/zwgk/zwgkjbml/tdgl_836/jggs/201510/t20151021_79521.shtml,4e87ecddfb5b9cb9995a8dd4b356a0be,
山西省国土资源厅晋中经济技术开发区土地分局国有土地使用权招拍挂出让成交公示,2015-10-21,山西省自然资源厅,,,GK2015-22,,,,,,,,山西德元堂药业有限公司,,蕴华西街北侧、机械园一号路东侧,,,2430,,,,,工业,,,64.5593,,50年,,,2015年10月21日至2015年11月4日,山西省国土资源厅晋中经济技术开发区土地分局,晋中市迎宾西街开发区管委会办公大楼,030600,0354-3368707,王先生,,2020-05-18,http://zrzyt.shanxi.gov.cn/zwgk/zwgkjbml/tdgl_836/jggs/201510/t20151021_79521.shtml,4e87ecddfb5b9cb9995a8dd4b356a0be,
山西省国土资源厅晋中经济技术开发区土地分局国有土地使用权招拍挂出让成交公示,2015-10-21,山西省自然资源厅,,,GK2015-23,,,,,,,,晋中雷泰机械设备有限公司,,蕴华西街南侧、机械园一号路东侧,,,950,,,,,工业,,,25.0021,,50年,,,2015年10月21日至2015年11月4日,山西省国土资源厅晋中经济技术开发区土地分局,晋中市迎宾西街开发区管委会办公大楼,030600,0354-3368707,王先生,,2020-05-18,http://zrzyt.shanxi.gov.cn/zwgk/zwgkjbml/tdgl_836/jggs/201510/t20151021_79521.shtml,4e87ecddfb5b9cb9995a8dd4b356a0be,
山西省国土资源厅晋中经济技术开发区土地分局国有土地使用权招拍挂出让成交公示,2015-10-21,山西省自然资源厅,,,GK2015-24,,,,,,,,流拍,,蕴华西街南侧、机械园一号路西侧,,,,,,,,工业,,,84.3565,,50年,,,2015年10月21日至2015年11月4日,山西省国土资源厅晋中经济技术开发区土地分局,晋中市迎宾西街开发区管委会办公大楼,030600,0354-3368707,王先生,,2020-05-18,http://zrzyt.shanxi.gov.cn/zwgk/zwgkjbml/tdgl_836/jggs/201510/t20151021_79521.shtml,4e87ecddfb5b9cb9995a8dd4b356a0be,
山西省国土资源厅晋中经济技术开发区土地分局国有土地使用权招拍挂出让成交公示,2015-10-21,山西省自然资源厅,,,GK2015-25,,,,,,,,流拍,,蕴华西街南侧、园区规划路西侧,,,,,,,,工业,,,16.9891,,50年,,,2015年10月21日至2015年11月4日,山西省国土资源厅晋中经济技术开发区土地分局,晋中市迎宾西街开发区管委会办公大楼,030600,0354-3368707,王先生,,2020-05-18,http://zrzyt.shanxi.gov.cn/zwgk/zwgkjbml/tdgl_836/jggs/201510/t20151021_79521.shtml,4e87ecddfb5b9cb9995a8dd4b356a0be,
山西省国土资源厅晋中经济技术开发区土地分局国有土地使用权招拍挂出让成交公示,2015-10-21,山西省自然资源厅,,,GK2015-26,,,,,,,,山西国际能源集团照耀投资有限公司,,迎宾西街西延段南侧、综合通道东侧,,,2260,,,,,商业,,,22.1988,,40年,,,2015年10月21日至2015年11月4日,山西省国土资源厅晋中经济技术开发区土地分局,晋中市迎宾西街开发区管委会办公大楼,030600,0354-3368707,王先生,,2020-05-18,http://zrzyt.shanxi.gov.cn/zwgk/zwgkjbml/tdgl_836/jggs/201510/t20151021_79521.shtml,4e87ecddfb5b9cb9995a8dd4b356a0be,
山西省国土资源厅晋中经济技术开发区土地分局国有土地使用权招拍挂出让成交公示,2015-10-21,山西省自然资源厅,,,GK2015-27,,,,,,,,山西锦原大地房地产开发有限公司,,南砖井路西侧、规划六路北侧,,,2790,,,,,住宅,,,28.7891,,70年,,,2015年10月21日至2015年11月4日,山西省国土资源厅晋中经济技术开发区土地分局,晋中市迎宾西街开发区管委会办公大楼,030600,0354-3368707,王先生,,2020-05-18,http://zrzyt.shanxi.gov.cn/zwgk/zwgkjbml/tdgl_836/jggs/201510/t20151021_79521.shtml,4e87ecddfb5b9cb9995a8dd4b356a0be,
山西省国土资源厅晋中经济技术开发区土地分局国有土地使用权招拍挂出让成交公示,2015-10-21,山西省自然资源厅,,,GK2015-28,,,,,,,,山西锦原大地房地产开发有限公司,,民航街南侧、南砖井路东侧,,,3360,,,,,住宅,,,34.6657,,70年,,,2015年10月21日至2015年11月4日,山西省国土资源厅晋中经济技术开发区土地分局,晋中市迎宾西街开发区管委会办公大楼,030600,0354-3368707,王先生,,2020-05-18,http://zrzyt.shanxi.gov.cn/zwgk/zwgkjbml/tdgl_836/jggs/201510/t20151021_79521.shtml,4e87ecddfb5b9cb9995a8dd4b356a0be,
山西省国土资源厅晋中经济技术开发区土地分局国有土地使用权招拍挂出让成交公示,2015-10-21,山西省自然资源厅,,,GK2015-29,,,,,,,,流拍,,晋中开发区太旧高速以南,,,,,,,,工业,,,70.0052,,50年,,,2015年10月21日至2015年11月4日,山西省国土资源厅晋中经济技术开发区土地分局,晋中市迎宾西街开发区管委会办公大楼,030600,0354-3368707,王先生,,2020-05-18,http://zrzyt.shanxi.gov.cn/zwgk/zwgkjbml/tdgl_836/jggs/201510/t20151021_79521.shtml,4e87ecddfb5b9cb9995a8dd4b356a0be,
山西省国土资源厅晋中经济技术开发区土地分局国有土地使用权招拍挂出让成交公示,2015-10-21,山西省自然资源厅,,,GK2015-30,,,,,,,,晋中市双联自动化科技有限公司,,机械园二号路北侧、双联西侧,,,320,,,,,工业,,,8.4785,,50年,,,2015年10月21日至2015年11月4日,山西省国土资源厅晋中经济技术开发区土地分局,晋中市迎宾西街开发区管委会办公大楼,030600,0354-3368707,王先生,,2020-05-18,http://zrzyt.shanxi.gov.cn/zwgk/zwgkjbml/tdgl_836/jggs/201510/t20151021_79521.shtml,4e87ecddfb5b9cb9995a8dd4b356a0be,
山西省国土资源厅晋中经济技术开发区土地分局国有土地使用权招拍挂出让成交公示,2015-10-21,山西省自然资源厅,,,GK2015-31,,,,,,,,流拍,,迎宾西街南侧、大昌西侧,,,,,,,,商业,,,10.6006,,40年,,,2015年10月21日至2015年11月4日,山西省国土资源厅晋中经济技术开发区土地分局,晋中市迎宾西街开发区管委会办公大楼,030600,0354-3368707,王先生,,2020-05-18,http://zrzyt.shanxi.gov.cn/zwgk/zwgkjbml/tdgl_836/jggs/201510/t20151021_79521.shtml,4e87ecddfb5b9cb9995a8dd4b356a0be,
太原高新区土地分局国有土地使用权挂牌出让成交公示,2015-11-20,山西省自然资源厅,,,2015-5,,,,,,,,太原三佳房地产开发有限公司,,东至山西中特房地产开发有限公司、南至南中环街、西至文瀛房地产公司中环水岸项目、北至山西中特房地产开发有限公司,,,3200,,,,,其他普通商品住房用地,,,0.49693,,住宅70年，商业40年,,本地块按照现状整体出让,2015年11月23日 至 2015年12月04日 ,山西省国土资源厅太原高新技术开发区土地分局,太原高新区高新街32号,030006,0351-7036399,王娟,tygxtdfj860@163.com,2020-05-18,http://zrzyt.shanxi.gov.cn/zwgk/zwgkjbml/tdgl_836/jggs/201511/t20151120_79522.shtml,875f4d5406db2fa854861d108c9b8542,
太原市国土局公开转让HGZ-1526、HGZ-1527国有划拨土地使用权结果公示,2016-01-14,山西省自然资源厅,,HGZ-1526,,,挂牌,2015-12-24至2016-01-08,,,太原颖沅房地产开发有限公司,,,位于晋源区西中环以东，和平南路以西,,25997.2,住宅兼容商业,23900,,,,,,,,,,,,,,,,,,,,2020-05-18,http://zrzyt.shanxi.gov.cn/zwgk/zwgkjbml/tdgl_836/jggs/201601/t20160114_79525.shtml,f113458ec925dd94566278245529425e,
太原市国土局公开转让HGZ-1526、HGZ-1527国有划拨土地使用权结果公示,2016-01-14,山西省自然资源厅,,HGZ-1527,,,挂牌,2015-12-24至2016-01-08,,,太原颖沅房地产开发有限公司,,,位于晋源区西中环以东，和平南路以西,,73440.15,住宅兼容商业，托幼,59710,,,,,,,,,,,,,,,,,,,,2020-05-18,http://zrzyt.shanxi.gov.cn/zwgk/zwgkjbml/tdgl_836/jggs/201601/t20160114_79525.shtml,f113458ec925dd94566278245529425e,
山西省国土资源厅太原高新技术开发区土地分局国有土地使用权招拍挂出让成交公示,2016-02-03,山西省自然资源厅,,,2015-3,,,,,,,,山西鑫嘉泰太阳能科技有限公司,,东至规划路、南至空地、西至滨河东路绿化带、北至国电科莱天然气有限公司,,,10550,,,,,商务金融用地,,,1.14658,,40年,,,2016年02月04日 至 2016年02月22日 ,山西省国土资源厅太原高新技术开发区土地分局,太原高新区高新街32号,030006,0351-7036399,王娟,,2020-05-18,http://zrzyt.shanxi.gov.cn/zwgk/zwgkjbml/tdgl_836/jggs/201602/t20160203_79526.shtml,e3120f1dd2f877aa5e7f2fe4fa4572fd,
山西省国土资源厅太原高新技术开发区土地分局国有土地使用权招拍挂出让成交公示,2016-02-03,山西省自然资源厅,,,2015-4,,,,,,,,太原华海计算机信息技术有限公司,,东至空地、南至空地、西至规划路、北至山西三恒化工技术有限公司,,,3710,,,,,商务金融用地,,,0.37439,,40年,,,2016年02月04日 至 2016年02月22日 ,山西省国土资源厅太原高新技术开发区土地分局,太原高新区高新街32号,030006,0351-7036399,王娟,,2020-05-18,http://zrzyt.shanxi.gov.cn/zwgk/zwgkjbml/tdgl_836/jggs/201602/t20160203_79526.shtml,e3120f1dd2f877aa5e7f2fe4fa4572fd,
山西省国土资源厅太原高新技术开发区土地分局国有土地使用权招拍挂出让成交公示,2016-03-02,山西省自然资源厅,,,2015-6,,,,,,,,山西中特房地产开发有限公司,,东至平阳路、南至山西中特房地产开发有限公司、西至山西中特房地产开发有限公司、北至大马村,,,10020,,,,,商务金融用地,,,0.99615,,40年,,,2016年03月03日 至 2016年03月16日 ,山西省国土资源厅太原高新技术开发区土地分局,太原高新区高新街32号,030006,0351-7036399,王娟,,2020-05-18,http://zrzyt.shanxi.gov.cn/zwgk/zwgkjbml/tdgl_836/jggs/201603/t20160302_79527.shtml,ec89704f510f7187fafb97b1a5e70ace,
太原市局公开转让HGZ-1603国有划拨土地使用权结果公示,2016-04-08,山西省自然资源厅,,HGZ-1603,,,挂牌,2016-03-21至2016-04-05,,,太原新庄万和房地产开发有限公司,,,小店区新庄社区，七三公路以西，龙城大街以北。,,21246.71,住宅、商业,15740,,,,,,,,,,,,,,,,,,,,2020-05-18,http://zrzyt.shanxi.gov.cn/zwgk/zwgkjbml/tdgl_836/jggs/201604/t20160408_79530.shtml,f845c93dffe171f90ba1516ce6540b25,
太原市国土资源局国有土地使用权挂牌转让公告(并国土公转告字[2016]09号),2016-04-19,山西省自然资源厅,,,HGZ-1608,,,2016年5月11日08时00分至2016年5月25日10时00分,太原市南寒全民商贸有限公司,,,,,位于万柏林区南内环西街以南、西苑南街以西、九院沙河以北、西北环高速公路以东,,,,,,,,,居住兼容商业,,34964.66平方米,,,住宅70年商业40年,,宗地按现状公开（挂牌）转让。宗地面积34964.66平方米，其中：住宅分摊29719.96平方米，商业分摊5244.70平方米。出让用途及年限：居住兼容商业，住宅70年、商业40年。,,,,,0351-3586600,,,2020-05-18,http://zrzyt.shanxi.gov.cn/zwgk/zwgkjbml/tdgl_836/jggs/201604/t20160419_79541.shtml,2af56727e10d327e7128d219ebd3f6da,
二0一六年公开转让HGZ-1615国有划拨土地使用权结果公示,2016-08-19,山西省自然资源厅,,HGZ-1615,,,挂牌,2016-08-12至2016-08-16,,,太原市东兴泰房地产开发有限公司,,,尖草坪区汇丰街以南、东成路以西、千峰北路以东,,33297.86,居住兼容商业,21500,,,,,,,,,,,,,,,,,,,,2020-05-18,http://zrzyt.shanxi.gov.cn/zwgk/zwgkjbml/tdgl_836/jggs/201608/t20160819_79548.shtml,6221988c7714f14cfd0f305940fdd246,
太原市二0一六年公开转让HGZ-1623、HGZ-1624国有划拨土地使用权结果公示,2016-10-27,山西省自然资源厅,,HGZ-1623,,,挂牌,2016-09-26至2016-10-13,,,山西远大置业有限责任公司,,,万柏林区千峰南路以东、晋祠路以西、长风街以北,,19273.81,商业,19120,,,,,,,,,,,,,,,,,,,,2020-05-18,http://zrzyt.shanxi.gov.cn/zwgk/zwgkjbml/tdgl_836/jggs/201610/t20161027_79551.shtml,84084c87264c3445eae6586b662ddee5,
太原市二0一六年公开转让HGZ-1623、HGZ-1624国有划拨土地使用权结果公示,2016-10-27,山西省自然资源厅,,HGZ-1624,,,挂牌,2016-09-26至2016-10-13,,,山西远大置业有限责任公司,,,万柏林区千峰南路以东、晋祠路以西、长风街以北,,39330.96,居住兼容商业,35250,,,,,,,,,,,,,,,,,,,,2020-05-18,http://zrzyt.shanxi.gov.cn/zwgk/zwgkjbml/tdgl_836/jggs/201610/t20161027_79551.shtml,84084c87264c3445eae6586b662ddee5,
太原市二0一六年公开转让HGZ-1627国有划拨土地使用权结果公示,2016-11-08,山西省自然资源厅,,HGZ-1627,,,挂牌,2016-10-21至2016-11-4,,,山西国雅房地产开发有限公司,,,位于晋源区南中环西街以南、排洪渠以东、南屯路以西,,18756.15,居住兼容商业、配建托幼,15250,,,,,,,,,,,,,,,,,,,,2020-05-18,http://zrzyt.shanxi.gov.cn/zwgk/zwgkjbml/tdgl_836/jggs/201611/t20161108_79553.shtml,8d1aaa2dfe603c5a298c30cc5c6bf303,
山西省国土资源厅晋中经济技术开发区土地分局国有土地使用权招拍挂出让成交公示,2016-12-22,山西省自然资源厅,,,GK2016-1,,,,,,,,山西锦原大地房地产开发有限公司,,晋中开发区民航街南侧,,,680,,,,,住宅,,,7.137,,70年,,,2016年12月22日 至 2016年12月31日,,晋中市迎宾西街开发区管委会办公大楼,030600,0354-3368707,,,2020-05-18,http://zrzyt.shanxi.gov.cn/zwgk/zwgkjbml/tdgl_836/jggs/201612/t20161222_79557.shtml,a957365dbf25e4596b2367378d5d5f53,
山西省国土资源厅晋中经济技术开发区土地分局国有土地使用权招拍挂出让成交公示,2016-12-22,山西省自然资源厅,,,GK2016-17,,,,,,,,流拍,,晋中开发区灵石路东侧,,,,,,,,科研,,,10.9801,,50年,,,2016年12月22日 至 2016年12月31日,,晋中市迎宾西街开发区管委会办公大楼,030600,0354-3368707,,,2020-05-18,http://zrzyt.shanxi.gov.cn/zwgk/zwgkjbml/tdgl_836/jggs/201612/t20161222_79557.shtml,a957365dbf25e4596b2367378d5d5f53,
山西省国土资源厅晋中经济技术开发区土地分局国有土地使用权招拍挂出让成交公示,2016-12-22,山西省自然资源厅,,,GK2016-18,,,,,,,,流拍,,晋中开发区纬九路北侧,,,,,,,,科研,,,11.8186,,50年,,,2016年12月22日 至 2016年12月31日,,晋中市迎宾西街开发区管委会办公大楼,030600,0354-3368707,,,2020-05-18,http://zrzyt.shanxi.gov.cn/zwgk/zwgkjbml/tdgl_836/jggs/201612/t20161222_79557.shtml,a957365dbf25e4596b2367378d5d5f53,
山西省国土资源厅晋中经济技术开发区土地分局国有土地使用权招拍挂出让成交公示,2016-12-22,山西省自然资源厅,,,GK2016-19,,,,,,,,山西金新悦房地产开发有限公司,,晋中开发区定阳路东侧、文苑街北侧,,,36370,,,,,商住,,,118.7603,,商业40年住宅70年,,,2016年12月22日 至 2016年12月31日,,晋中市迎宾西街开发区管委会办公大楼,030600,0354-3368707,,,2020-05-18,http://zrzyt.shanxi.gov.cn/zwgk/zwgkjbml/tdgl_836/jggs/201612/t20161222_79557.shtml,a957365dbf25e4596b2367378d5d5f53,
山西省国土资源厅晋中经济技术开发区土地分局国有土地使用权招拍挂出让成交公示,2016-12-22,山西省自然资源厅,,,GK2016-24,,,,,,,,晋中市诚泰物流有限公司,,108国道东侧东营村,,,300,,,,,工业,,,7.8227,,50年,,,2016年12月22日 至 2016年12月31日,,晋中市迎宾西街开发区管委会办公大楼,030600,0354-3368707,,,2020-05-18,http://zrzyt.shanxi.gov.cn/zwgk/zwgkjbml/tdgl_836/jggs/201612/t20161222_79557.shtml,a957365dbf25e4596b2367378d5d5f53,
山西省国土资源厅晋中经济技术开发区土地分局国有土地使用权招拍挂出让成交公示,2016-12-22,山西省自然资源厅,,,GK2016-25,,,,,,,,晋中开发区豪鑫工贸有限公司,,晋中开发区灵石路西侧,,,845,,,,,工业,,,22.5533,,50年,,,2016年12月22日 至 2016年12月31日,,晋中市迎宾西街开发区管委会办公大楼,030600,0354-3368707,,,2020-05-18,http://zrzyt.shanxi.gov.cn/zwgk/zwgkjbml/tdgl_836/jggs/201612/t20161222_79557.shtml,a957365dbf25e4596b2367378d5d5f53,
山西省国土资源厅晋中经济技术开发区土地分局国有土地使用权招拍挂出让成交公示,2016-12-22,山西省自然资源厅,,,GK2016-29,,,,,,,,流拍,,化章街以南、规划东二路以东,,,,,,,,商住,,,62.5363,,商业40年住宅70年,,,2016年12月22日 至 2016年12月31日,,晋中市迎宾西街开发区管委会办公大楼,030600,0354-3368707,,,2020-05-18,http://zrzyt.shanxi.gov.cn/zwgk/zwgkjbml/tdgl_836/jggs/201612/t20161222_79557.shtml,a957365dbf25e4596b2367378d5d5f53,
山西省国土资源厅晋中经济技术开发区土地分局国有土地使用权招拍挂出让成交公示,2016-12-22,山西省自然资源厅,,,GK2015-35,,,,,,,,张东亮,,晋中开发区使西路北侧使赵段,,,115,,,,,工业,,,3.0196,,50年,,,2016年12月22日 至 2016年12月31日,,晋中市迎宾西街开发区管委会办公大楼,030600,0354-3368707,,,2020-05-18,http://zrzyt.shanxi.gov.cn/zwgk/zwgkjbml/tdgl_836/jggs/201612/t20161222_79557.shtml,a957365dbf25e4596b2367378d5d5f53,
太原市公开转让HGZ-1634国有划拨土地使用权结果公示,2017-01-13,山西省自然资源厅,,HGZ-1634,,,挂牌,2016-12-26至2016-12-30,,,太原国投房地产开发有限公司,,,位于晋源区西中环以西、规划路以东、义井西街以南、北堰村城改用地以北,,34502.16,居住兼容商业、配建托幼,29100,,,,,,,,,,,,,,,,,,,,2020-05-18,http://zrzyt.shanxi.gov.cn/zwgk/zwgkjbml/tdgl_836/jggs/201701/t20170113_79558.shtml,0e6dcd9ce748a4b4e3541c7abf45127f,
太原市二0一七年公开转让HGZ-1632国有划拨土地使用权结果公示,2017-01-13,山西省自然资源厅,,HGZ-1632,,,挂牌,2016-12-16至2016-12-30,,,太原万科湖滨房地产开发有限公司,,,位于晋源区西干渠以东、晋祠西路以西、冶峪北街以北、吴家堡路以南,,11988.87,居住兼容商业,9500,,,,,,,,,,,,,,,,,,,,2020-05-18,http://zrzyt.shanxi.gov.cn/zwgk/zwgkjbml/tdgl_836/jggs/201701/t20170113_79559.shtml,ab99e0e46f330c3685e2f6f5f3f1e4e4,
太原市二0一七年公开转让HGZ-1633国有划拨土地使用权结果公示,2017-01-13,山西省自然资源厅,,HGZ-1633,,,挂牌,2016-12-16至2016-12-30,,,太原万科湖滨房地产开发有限公司,,,位于晋源区南中环西街以南、西干渠以西、南屯路以东、冶峪北街以北,,14434.69,居住兼容商业,11580,,,,,,,,,,,,,,,,,,,,2020-05-18,http://zrzyt.shanxi.gov.cn/zwgk/zwgkjbml/tdgl_836/jggs/201701/t20170113_79560.shtml,b88b95f9a31639091356a3c2ba8484b0,
太原市二0一六年公开转让HGZ-1635国有划拨土地使用权结果公示,2017-01-25,山西省自然资源厅,,HGZ-1635,,,挂牌,2016-12-30至2017-01-16,,,山西千渡房地产开发有限公司,,,杏花岭区杨家峪街办长江村，太原市长江村工贸有限责任公司以东、以南、以西、以北,,115090.37,住宅兼容商业,73320,,,,,,,,,,,,,,,,,,,,2020-05-18,http://zrzyt.shanxi.gov.cn/zwgk/zwgkjbml/tdgl_836/jggs/201701/t20170125_79561.shtml,5e75090ebe04ff3ac4b5dda928bc8a4c,
山西省国土资源厅太原高新技术开发区土地分局国有土地划拨用地批前公示,2013-05-02,山西省自然资源厅,,,2013-13,,,,,,,,山西省民航机场集团公司,,东至空地、南至南中环街、西至空地、北至铝材厂,,,,,,,,机场用地,,,0.27993,,,,,2013年05月03日 至 2013年05月16日 ,山西省国土资源厅太原高新技术开发区土地分局,太原高新区高新街32号,030006,0351-7036399,邢宗龙,tygxtdfj860@163.com,2020-05-18,http://zrzyt.shanxi.gov.cn/zwgk/zwgkjbml/tdgl_836/jggs/201305/t20130502_79472.shtml,0e1ac8bc6844f9cd29c8a70a618d1278,
太原高新区土地分局国有土地使用权挂牌出让成交公示,2013-10-25,山西省自然资源厅,,,2013-11,,,,,,,,山西军威科技有限公司,,东至山西天然气股份有限公司西侧规划路、南至荣军南街、西至空地、北至中心街,,,11633,,,,,商务金融用地,,,2.81873,,40年,,,2013年10月28日 至 2013年11月08日 ,山西省国土资源厅太原高新技术开发区土地分局,太原高新区高新街32号,030006,0351-7036399,邢宗龙,tygxtdfj860@163.com,2020-05-18,http://zrzyt.shanxi.gov.cn/zwgk/zwgkjbml/tdgl_836/jggs/201310/t20131025_79478.shtml,53682acd028c9abd0282724fbb5b4b45,
太原高新区土地分局国有土地使用权挂牌出让成交公示,2013-10-25,山西省自然资源厅,,,2013-17,,,,,,,,山西金辉粉煤灰制砖技术设备有限公司,,东至山西中特房地产开发有限公司、南至山西金辉粉煤灰制砖技术设备有限公司、西至干渠路、北至山西省汾河灌溉管理局一坝分局,,,446,,,,,其他普通商品住房用地,,,0.141,,70年,,,2013年10月28日 至 2013年11月08日 ,山西省国土资源厅太原高新技术开发区土地分局,太原高新区高新街32号,030006,0351-7036399,邢宗龙,tygxtdfj860@163.com,2020-05-18,http://zrzyt.shanxi.gov.cn/zwgk/zwgkjbml/tdgl_836/jggs/201310/t20131025_79478.shtml,53682acd028c9abd0282724fbb5b4b45,
太原高新区土地分局国有土地使用权挂牌出让成交公示,2013-10-25,山西省自然资源厅,,,2013-9,,,,,,,,山西军威科技有限公司,,东至规划路、南至龙城大街、西至滨河东路绿化带、北至空地,,,31135,,,,,商务金融用地,,,7.30785,,40年,,,2013年10月28日 至 2013年11月08日 ,山西省国土资源厅太原高新技术开发区土地分局,太原高新区高新街32号,030006,0351-7036399,邢宗龙,tygxtdfj860@163.com,2020-05-18,http://zrzyt.shanxi.gov.cn/zwgk/zwgkjbml/tdgl_836/jggs/201310/t20131025_79478.shtml,53682acd028c9abd0282724fbb5b4b45,
山西省国土资源厅晋中经济技术开发区土地分局国有土地使用权招拍挂出让成交公示,2013-11-15,山西省自然资源厅,,,GK2013-22,,,,,,,,中海油太原贵金属有限公司,,晋中开发区综合通道东侧,,,1415,,,,,工业用地,,,3.091712,,50年,,,2013年11月15日至2013年11月25日,山西省国土资源厅晋中经济技术开发区土地分局,晋中市迎宾西街开发区管委会办公大楼,030600,0354-3368707、18603512422,时先生、王女士,,2020-05-18,http://zrzyt.shanxi.gov.cn/zwgk/zwgkjbml/tdgl_836/jggs/201311/t20131115_79479.shtml,eebeda8714d9fe3ff7bae20c665c02e3,
山西省国土资源厅晋中经济技术开发区土地分局国有土地使用权招拍挂出让成交公示,2013-11-15,山西省自然资源厅,,,GK2013-23,,,,,,,,山西恒晟塑业有限公司,,开发区综合通道东侧,,,1370,,,,,工业用地,,,2.972999,,50年,,,2013年11月15日至2013年11月25日,山西省国土资源厅晋中经济技术开发区土地分局,晋中市迎宾西街开发区管委会办公大楼,030600,0354-3368707、18603512422,时先生、王女士,,2020-05-18,http://zrzyt.shanxi.gov.cn/zwgk/zwgkjbml/tdgl_836/jggs/201311/t20131115_79479.shtml,eebeda8714d9fe3ff7bae20c665c02e3,
山西省国土资源厅晋中经济技术开发区土地分局国有土地使用权招拍挂出让成交公示,2013-11-15,山西省自然资源厅,,,GK2013-26,,,,,,,,山西大昌华源汽车销售服务有限公司,,开发区迎宾西街西延段南侧,,,3320,,,,,其他商服用地,,,1.834172,,40年,,,2013年11月15日至2013年11月25日,山西省国土资源厅晋中经济技术开发区土地分局,晋中市迎宾西街开发区管委会办公大楼,030600,0354-3368707、18603512422,时先生、王女士,,2020-05-18,http://zrzyt.shanxi.gov.cn/zwgk/zwgkjbml/tdgl_836/jggs/201311/t20131115_79479.shtml,eebeda8714d9fe3ff7bae20c665c02e3,
山西省国土资源厅晋中经济技术开发区土地分局国有土地使用权招拍挂出让成交公示,2013-12-09,山西省自然资源厅,,,GK2013-27,,,,,,,,山西永固混凝土有限公司,,秋峪公路永固混凝土搅拌站南侧,,,680,,,,,工业用地,,,1.498045,,50年,,,2013年12月09日至2013年12月19日,山西省国土资源厅晋中经济技术开发区土地分局,晋中市迎宾西街开发区管委会办公大楼,030600,0354-3368707,时先生、王女士,,2020-05-18,http://zrzyt.shanxi.gov.cn/zwgk/zwgkjbml/tdgl_836/jggs/201312/t20131209_79481.shtml,d339d1b61b2b2bfde4685645e5679d8a,
山西省国土资源厅晋中经济技术开发区土地分局国有土地使用权招拍挂出让成交公示,2013-12-09,山西省自然资源厅,,,GK2013-28,,,,,,,,晋中开发区安欣绿色种植专业合作社,,秋峪公路亚乐士环保技术有限公司南侧,,,480,,,,,工业用地,,,1.046456,,50年,,,2013年12月09日至2013年12月19日,山西省国土资源厅晋中经济技术开发区土地分局,晋中市迎宾西街开发区管委会办公大楼,030600,0354-3368707,时先生、王女士,,2020-05-18,http://zrzyt.shanxi.gov.cn/zwgk/zwgkjbml/tdgl_836/jggs/201312/t20131209_79481.shtml,d339d1b61b2b2bfde4685645e5679d8a,
山西省国土资源厅太原高新技术开发区土地分局国有土地使用权招拍挂出让成交公示,2014-02-12,山西省自然资源厅,,,2013-12,,,,,,,,山西四建集团有限公司,,东至山西汇镪磁性材料制作有限公司、南至山西省观象台、西至汽贸路、北至太原市纳达科技发展有限公司,,,13201,,,,,其他普通商品住房用地,,,3.22057,,70年,,,2014年02月13日 至 2014年02月26日 ,山西省国土资源厅太原高新技术开发区土地分局,太原高新区高新街32号,030006,0351-7036399,邢宗龙,tygxtdfj860@163.com,2020-05-18,http://zrzyt.shanxi.gov.cn/zwgk/zwgkjbml/tdgl_836/jggs/201402/t20140212_79484.shtml,95172ae0b2763a41c5db073458ea53c4,
山西省国土资源厅晋中经济技术开发区土地分局国有土地使用权招拍挂出让成交公示,2014-07-24,山西省自然资源厅,,,GK2014-8,,,,,,,,山西晋之源文化艺术有限公司,,龙湖大街以北,,,1130,,,,,文体娱乐用地（壁画博物馆用地）,,,,,50年,,,2014年07月24日至2014年08月02日,山西省国土资源厅晋中经济技术开发区土地分局,晋中市迎宾西街开发区管委会办公大楼,030600,0354-3368707,时先生、王女士,,2020-05-18,http://zrzyt.shanxi.gov.cn/zwgk/zwgkjbml/tdgl_836/jggs/201407/t20140724_79493.shtml,d34e87ee984b9251ead3dd3a7e3c9fe9,
山西省国土资源厅晋中经济技术开发区土地分局国有土地使用权招拍挂出让成交公示,2014-09-01,山西省自然资源厅,,,GK2013-25,,,,,,,,山西潞安重工有限责任公司,,机械园规划3号路北,,,2660,,,,,工业,,,75.8048,,50年,,,2014年09月01日至2014年09月10日,山西省国土资源厅晋中经济技术开发区土地分局,晋中市迎宾西街开发区管委会办公大楼,030600,0354-3368707,时先生、王先生,,2020-05-18,http://zrzyt.shanxi.gov.cn/zwgk/zwgkjbml/tdgl_836/jggs/201409/t20140901_79494.shtml,f88e847c47f5f7f08be392ad1923ab56,
山西省国土资源厅晋中经济技术开发区土地分局国有土地使用权招拍挂出让成交公示,2014-09-01,山西省自然资源厅,,,GK2014-9,,,,,,,,晋中开发区宏大装饰工程有限公司,,使西路北侧,,,405,,,,,工业,,,11.4272,,50年,,,2014年09月01日至2014年09月10日,山西省国土资源厅晋中经济技术开发区土地分局,晋中市迎宾西街开发区管委会办公大楼,030600,0354-3368707,时先生、王先生,,2020-05-18,http://zrzyt.shanxi.gov.cn/zwgk/zwgkjbml/tdgl_836/jggs/201409/t20140901_79494.shtml,f88e847c47f5f7f08be392ad1923ab56,
山西省国土资源厅晋中经济技术开发区土地分局国有土地使用权招拍挂出让成交公示,2014-09-01,山西省自然资源厅,,,GK2014-10,,,,,,,,晋中开发区乔家德润木业有限公司,,使西路北侧,,,480,,,,,工业,,,13.4835,,50年,,,2014年09月01日至2014年09月10日,山西省国土资源厅晋中经济技术开发区土地分局,晋中市迎宾西街开发区管委会办公大楼,030600,0354-3368707,时先生、王先生,,2020-05-18,http://zrzyt.shanxi.gov.cn/zwgk/zwgkjbml/tdgl_836/jggs/201409/t20140901_79494.shtml,f88e847c47f5f7f08be392ad1923ab56,
山西省国土资源厅晋中经济技术开发区土地分局国有土地使用权招拍挂出让成交公示,2014-09-01,山西省自然资源厅,,,GK2014-11,,,,,,,,晋中中正众邦科技开发有限公司,,使西路北侧,,,415,,,,,工业,,,11.6108,,50年,,,2014年09月01日至2014年09月10日,山西省国土资源厅晋中经济技术开发区土地分局,晋中市迎宾西街开发区管委会办公大楼,030600,0354-3368707,时先生、王先生,,2020-05-18,http://zrzyt.shanxi.gov.cn/zwgk/zwgkjbml/tdgl_836/jggs/201409/t20140901_79494.shtml,f88e847c47f5f7f08be392ad1923ab56,
山西省国土资源厅晋中经济技术开发区土地分局国有土地使用权招拍挂出让成交公示,2014-09-01,山西省自然资源厅,,,GK2014-12,,,,,,,,晋中汇盛日产汽车销售服务有限公司,,汇通路东侧,,,1395,,,,,商业,,,11.5061,,40年,,,2014年09月01日至2014年09月10日,山西省国土资源厅晋中经济技术开发区土地分局,晋中市迎宾西街开发区管委会办公大楼,030600,0354-3368707,时先生、王先生,,2020-05-18,http://zrzyt.shanxi.gov.cn/zwgk/zwgkjbml/tdgl_836/jggs/201409/t20140901_79494.shtml,f88e847c47f5f7f08be392ad1923ab56,
山西省国土资源厅晋中经济技术开发区土地分局国有土地使用权招拍挂出让成交公示,2014-09-01,山西省自然资源厅,,,GK2014-13,,,,,,,,山西清华金元房地产开发有限公司,,文苑街南侧,,,6040,,,,,商住,,,20.0186,,商业40年住宅70年,,,2014年09月01日至2014年09月10日,山西省国土资源厅晋中经济技术开发区土地分局,晋中市迎宾西街开发区管委会办公大楼,030600,0354-3368707,时先生、王先生,,2020-05-18,http://zrzyt.shanxi.gov.cn/zwgk/zwgkjbml/tdgl_836/jggs/201409/t20140901_79494.shtml,f88e847c47f5f7f08be392ad1923ab56,
山西省国土资源厅晋中经济技术开发区土地分局国有土地使用权招拍挂出让成交公示,2014-09-01,山西省自然资源厅,,,GK2014-14,,,,,,,,山西国际能源集团科技有限公司,,龙湖大街南侧,,,7730,,,,,商业服务业,,,59.6905,,40年,,,2014年09月01日至2014年09月10日,山西省国土资源厅晋中经济技术开发区土地分局,晋中市迎宾西街开发区管委会办公大楼,030600,0354-3368707,时先生、王先生,,2020-05-18,http://zrzyt.shanxi.gov.cn/zwgk/zwgkjbml/tdgl_836/jggs/201409/t20140901_79494.shtml,f88e847c47f5f7f08be392ad1923ab56,
太原市二0一四年公开转让HGZ-1405、1406国有划拨土地使用权结果公示（第3期）,2014-10-15,山西省自然资源厅,,HGZ-1405,,,挂牌,2014-9-26至2014-10-15,,,太原君泰盛世房地产开发有限公司,,,范家堡社区用地以东、以南、以西、以北,,6736.63,商业,7680,,,,,,,,,,,,,,,,,,,,2020-05-18,http://zrzyt.shanxi.gov.cn/zwgk/zwgkjbml/tdgl_836/jggs/201410/t20141015_79495.shtml,8af4b36d11f70e94e503d71c79a27e78,
太原市二0一四年公开转让HGZ-1405、1406国有划拨土地使用权结果公示（第3期）,2014-10-15,山西省自然资源厅,,HGZ-1406,,,挂牌,2014-9-26至2014-10-15,,,太原君泰盛世房地产开发有限公司,,,范家堡社区用地以东、以西、以南、以北,,10859.53,住宅、商业,8160,,,,,,,,,,,,,,,,,,,,2020-05-18,http://zrzyt.shanxi.gov.cn/zwgk/zwgkjbml/tdgl_836/jggs/201410/t20141015_79495.shtml,8af4b36d11f70e94e503d71c79a27e78,
太原市二0一四年公开转让HGZ-1408国有划拨土地使用权结果公示(第4期）,2014-10-28,山西省自然资源厅,,HGZ-1408,,,挂牌,2014-10-13至2014-10-27,,,山西南丰房地产开发有限公司,,,迎泽西大街以南、虎峪河以北、规划路以东、和平南路以西,,30630.15,商业住宅,27800,,,,,,,,,,,,,,,,,,,,2020-05-18,http://zrzyt.shanxi.gov.cn/zwgk/zwgkjbml/tdgl_836/jggs/201410/t20141028_79497.shtml,edd61709119738d45970f79bafdd7dbb,
太原市二0一四年公开转让HGZ-1409国有划拨土地使用权结果公示(第5期）,2014-11-21,山西省自然资源厅,,HGZ-1409,,,挂牌,2014-11-7至2014-11-20,,,山西宸晨房地产开发有限公司,,,和平南路以东、大井峪街以北,,44354.59,商业、住宅,35400,,,,,,,,,,,,,,,,,,,,2020-05-18,http://zrzyt.shanxi.gov.cn/zwgk/zwgkjbml/tdgl_836/jggs/201411/t20141121_79498.shtml,93a4775963227a840bb360c8b786b816,
太原市国土局二0一四年公开转让HGZ-1410 、HGZ-1411国有划拨土地使用权结果公示(第6期）,2014-12-09,山西省自然资源厅,,HGZ-1410,,,挂牌,2014-11-24至2014-12-8,,,太原君泰盛世房地产开发有限公司,,,范家堡社区用地以东、以西、以北，山西和泰房地产开发有限公司以南,,29135.37,住宅兼容商业,21521,,,,,,,,,,,,,,,,,,,,2020-05-18,http://zrzyt.shanxi.gov.cn/zwgk/zwgkjbml/tdgl_836/jggs/201412/t20141209_79499.shtml,6fa194c60a47ad4986ff89561a248486,
太原市国土局二0一四年公开转让HGZ-1410 、HGZ-1411国有划拨土地使用权结果公示(第6期）,2014-12-09,山西省自然资源厅,,HGZ-1411,,,挂牌,2014-11-24至2014-12-8,,,太原君泰盛世房地产开发有限公司,,,范家堡社区用地以西、以南、以北，山西和泰房地产开发有限公司以东,,9757.28,商业,9210,,,,,,,,,,,,,,,,,,,,2020-05-18,http://zrzyt.shanxi.gov.cn/zwgk/zwgkjbml/tdgl_836/jggs/201412/t20141209_79499.shtml,6fa194c60a47ad4986ff89561a248486,
太原市国土局二0一五年公开转让HGZ-1413国有划拨土地使用权结果公示（第1期）,2015-01-29,山西省自然资源厅,,HGZ-1413,,,挂牌,2015-1-15至2015-1-29,,,中铁二十二局集团太原房地产开发有限公司,,,南内环西街以南，晋祠路以西、沙沟街以北、千峰路以东,,29343.74,商业,29140,,,,,,,,,,,,,,,,,,,,2020-05-18,http://zrzyt.shanxi.gov.cn/zwgk/zwgkjbml/tdgl_836/jggs/201501/t20150129_79503.shtml,1da057938f93a1120c56cebee6ab8612,
二0一五年公开转让HGZ-1506国有划拨土地使用权结果公示（第6期）,2015-04-10,山西省自然资源厅,,HGZ-1506,,,挂牌,2015-03-05至2015-03-19,,,中铁二十二局集团太原房地产开发有限公司,,,南内环西街以南，晋祠路以西、沙沟街以北、千峰路以东,,16790.42,商业,16600,,,,,,,,,,,,,,,,,,,,2020-05-18,http://zrzyt.shanxi.gov.cn/zwgk/zwgkjbml/tdgl_836/jggs/201504/t20150410_79508.shtml,4725464ee2734e9f789bbb6db8454821,
太原市二0一五年公开转让HGZ-1507、HGZ-1508国有划拨土地使用权结果公示（第7期）,2015-04-23,山西省自然资源厅,,HGZ-1507,,,挂牌,2015-04-02至2015-04-17,,,太原金世恒房地产开发有限公司,,,万柏林区西渠路以东、汾河外滩小区以西、彭西街以南、漪兴街以北,,75672.23,商业,62130,,,,,,,,,,,,,,,,,,,,2020-05-18,http://zrzyt.shanxi.gov.cn/zwgk/zwgkjbml/tdgl_836/jggs/201504/t20150423_79511.shtml,2e06050cd62333c24911094bd108b760,
太原市二0一五年公开转让HGZ-1507、HGZ-1508国有划拨土地使用权结果公示（第7期）,2015-04-23,山西省自然资源厅,,HGZ-1508,,,挂牌,2015-04-02至2015-04-18,,,太原金世恒房地产开发有限公司,,,万柏林区西渠路以东、汾河外滩小区以西、彭西街以南、漪兴街以北,,39333.37,商业,33180,,,,,,,,,,,,,,,,,,,,2020-05-18,http://zrzyt.shanxi.gov.cn/zwgk/zwgkjbml/tdgl_836/jggs/201504/t20150423_79511.shtml,2e06050cd62333c24911094bd108b760,
太原市二0一五年公开转让HGZ-1509、HGZ-1510、HGZ-1511、HGZ-1512、HGZ-1513国有划拨土地使用...,2015-04-30,山西省自然资源厅,,HGZ-1509,,,挂牌,2015-04-14至2015-04-28,,,山西南丰房地产开发有限公司,,,万柏林区和平北路以西、规划路以东、西矿街以南、迎泽西大街以北,,20537.28,商业,17680,,,,,,,,,,,,,,,,,,,,2020-05-18,http://zrzyt.shanxi.gov.cn/zwgk/zwgkjbml/tdgl_836/jggs/201504/t20150430_79512.shtml,c4b75768d8d220350d2bec71d9ebd9ea,
太原市二0一五年公开转让HGZ-1509、HGZ-1510、HGZ-1511、HGZ-1512、HGZ-1513国有划拨土地使用...,2015-04-30,山西省自然资源厅,,HGZ-1510,,,挂牌,2015-04-14至2015-04-28,,,山西南丰房地产开发有限公司,,,和平北路以东、省化学纤维研究所宿舍以西、西矿街以南、迎泽西大街以北,,9250.07,商业,11080,,,,,,,,,,,,,,,,,,,,2020-05-18,http://zrzyt.shanxi.gov.cn/zwgk/zwgkjbml/tdgl_836/jggs/201504/t20150430_79512.shtml,c4b75768d8d220350d2bec71d9ebd9ea,
太原市二0一五年公开转让HGZ-1509、HGZ-1510、HGZ-1511、HGZ-1512、HGZ-1513国有划拨土地使用...,2015-04-30,山西省自然资源厅,,HGZ-1511,,,挂牌,2015-04-16至2015-04-30,,,山西恒实天和房地产开发有限公司,,,万柏林区和平南路以西、义井西路以北,,10258.91,商业,7100,,,,,,,,,,,,,,,,,,,,2020-05-18,http://zrzyt.shanxi.gov.cn/zwgk/zwgkjbml/tdgl_836/jggs/201504/t20150430_79512.shtml,c4b75768d8d220350d2bec71d9ebd9ea,
太原市二0一五年公开转让HGZ-1509、HGZ-1510、HGZ-1511、HGZ-1512、HGZ-1513国有划拨土地使用...,2015-04-30,山西省自然资源厅,,HGZ-1512,,,挂牌,2015-04-16至2015-04-31,,,山西恒实天和房地产开发有限公司,,,万柏林区义井西路以南、大井峪街以北,,68618.85,居住兼容商业,40130,,,,,,,,,,,,,,,,,,,,2020-05-18,http://zrzyt.shanxi.gov.cn/zwgk/zwgkjbml/tdgl_836/jggs/201504/t20150430_79512.shtml,c4b75768d8d220350d2bec71d9ebd9ea,
太原市二0一五年公开转让HGZ-1509、HGZ-1510、HGZ-1511、HGZ-1512、HGZ-1513国有划拨土地使用...,2015-04-30,山西省自然资源厅,,HGZ-1513,,,挂牌,2015-04-16至2015-04-32,,,山西恒实天和房地产开发有限公司,,,万柏林区和平南路以东、大井峪街以北,,21889.66,商业,25750,,,,,,,,,,,,,,,,,,,,2020-05-18,http://zrzyt.shanxi.gov.cn/zwgk/zwgkjbml/tdgl_836/jggs/201504/t20150430_79512.shtml,c4b75768d8d220350d2bec71d9ebd9ea,
山西省国土资源厅晋中经济技术开发区土地分局国有土地使用权招拍挂出让成交公示,2013-01-31,山西省自然资源厅,,,GK2011-11号,,,,,,,,山西振东安特生物制药有限公司,,晋中开发区龙湖街北侧、龙运路东侧,,,5166,,,,,其他商服用地,,,3.2964,,40年,,,2013年01月31日至2013年02月08日,山西省国土资源厅晋中经济技术开发区土地分局单位地址：晋中市迎宾西街开发区管委会办公大楼邮政编码：030600联系电话：0354-3368707、18603512422联系人：时先生、王女士电子邮件：,晋中市迎宾西街开发区管委会办公大楼邮政编码：030600联系电话：0354-3368707、18603512422联系人：时先生、王女士电子邮件：,030600联系电话：0354-3368707、18603512422联系人：时先生、王女士电子邮件：,0354-3368707、18603512422联系人：时先生、王女士电子邮件：,时先生、王女士电子邮件：,,2020-05-18,http://zrzyt.shanxi.gov.cn/zwgk/zwgkjbml/tdgl_836/jggs/201301/t20130131_79466.shtml,8db6e52fd00c3d42f51630086fa77a72,
山西省国土资源厅晋中经济技术开发区土地分局国有土地使用权招拍挂出让成交公示,2013-01-31,山西省自然资源厅,,,GK2012-6号,,,,,,,,山西振东实业集团有限公司,,晋中开发区108国道东侧、龙湖街以南,,,6690,,,,,工业用地,,,12.674413,,50年,,,2013年01月31日至2013年02月08日,山西省国土资源厅晋中经济技术开发区土地分局单位地址：晋中市迎宾西街开发区管委会办公大楼邮政编码：030600联系电话：0354-3368707、18603512422联系人：时先生、王女士电子邮件：,晋中市迎宾西街开发区管委会办公大楼邮政编码：030600联系电话：0354-3368707、18603512422联系人：时先生、王女士电子邮件：,030600联系电话：0354-3368707、18603512422联系人：时先生、王女士电子邮件：,0354-3368707、18603512422联系人：时先生、王女士电子邮件：,时先生、王女士电子邮件：,,2020-05-18,http://zrzyt.shanxi.gov.cn/zwgk/zwgkjbml/tdgl_836/jggs/201301/t20130131_79466.shtml,8db6e52fd00c3d42f51630086fa77a72,
山西省国土资源厅晋中经济技术开发区土地分局国有土地使用权招拍挂出让成交公示,2013-01-31,山西省自然资源厅,,,GK2012-7号,,,,,,,,山西振东实业集团有限公司,,晋中开发区108国道东侧、龙湖街以南,,,1078,,,,,工业用地,,,2.058872,,50年,,,2013年01月31日至2013年02月08日,山西省国土资源厅晋中经济技术开发区土地分局单位地址：晋中市迎宾西街开发区管委会办公大楼邮政编码：030600联系电话：0354-3368707、18603512422联系人：时先生、王女士电子邮件：,晋中市迎宾西街开发区管委会办公大楼邮政编码：030600联系电话：0354-3368707、18603512422联系人：时先生、王女士电子邮件：,030600联系电话：0354-3368707、18603512422联系人：时先生、王女士电子邮件：,0354-3368707、18603512422联系人：时先生、王女士电子邮件：,时先生、王女士电子邮件：,,2020-05-18,http://zrzyt.shanxi.gov.cn/zwgk/zwgkjbml/tdgl_836/jggs/201301/t20130131_79466.shtml,8db6e52fd00c3d42f51630086fa77a72,
山西省国土资源厅太原高新技术开发区土地分局国有土地使用权招拍挂出让成交公示,2013-02-04,山西省自然资源厅,,,2012-14,,,,,,,,山西金辉粉煤灰制砖技术设备有限公司,,东至空地、南至南中环街、西至干渠路、北至2012-15宗地,,,634,,,,,商务金融用地,,,0.17123,,40年,,,2013年02月05日 至 2013年02月21日,山西省国土资源厅太原高新技术开发区土地分局单位地址：太原高新区高新街32号邮政编码：030006联系电话：03517036399联 系,太原高新区高新街32号邮政编码：030006联系电话：03517036399联 系,030006联系电话：03517036399联 系,03517036399联 系,,tygxtdfj860@163.com,2020-05-18,http://zrzyt.shanxi.gov.cn/zwgk/zwgkjbml/tdgl_836/jggs/201302/t20130204_79467.shtml,35c326743e61c396ca2211ddcf1d4ab4,
山西省国土资源厅晋中经济技术开发区土地分局国有土地使用权招拍挂出让成交公示,2013-03-08,山西省自然资源厅,,,GK2013-1号,,,,,,,,山西万豪美悦国际酒店有限公司,,晋中开发区迎宾西街北侧,,,10280,,,,,其他商服用地,,,4.863114,,40年,,,2013年03月08日 至 2013年03月18日 ,山西省国土资源厅晋中经济技术开发区土地分局 单位地址：晋中市迎宾西街开发区管委会办公大楼 邮政编码：030600 联系电话：0354-3368707、18603512422 联 系 人：时先生、王女士 电子邮件：,晋中市迎宾西街开发区管委会办公大楼 邮政编码：030600 联系电话：0354-3368707、18603512422 联 系 人：时先生、王女士 电子邮件：,030600 联系电话：0354-3368707、18603512422 联 系 人：时先生、王女士 电子邮件：,0354-3368707、18603512422 联 系 人：时先生、王女士 电子邮件：,时先生、王女士 电子邮件：,,2020-05-18,http://zrzyt.shanxi.gov.cn/zwgk/zwgkjbml/tdgl_836/jggs/201303/t20130308_79469.shtml,c7defcaf35f35101916e0c8e4ab1c620,
山西省国土资源厅晋中经济技术开发区土地分局国有土地使用权招拍挂出让成交公示,2013-03-08,山西省自然资源厅,,,GK2013-2号,,,,,,,,晋中开发区鸣天专用车配套有限公司,,晋中开发区汇通路西侧,,,840,,,,,其他商服用地,,,0.533365,,40年,,,2013年03月08日 至 2013年03月18日 ,山西省国土资源厅晋中经济技术开发区土地分局 单位地址：晋中市迎宾西街开发区管委会办公大楼 邮政编码：030600 联系电话：0354-3368707、18603512422 联 系 人：时先生、王女士 电子邮件：,晋中市迎宾西街开发区管委会办公大楼 邮政编码：030600 联系电话：0354-3368707、18603512422 联 系 人：时先生、王女士 电子邮件：,030600 联系电话：0354-3368707、18603512422 联 系 人：时先生、王女士 电子邮件：,0354-3368707、18603512422 联 系 人：时先生、王女士 电子邮件：,时先生、王女士 电子邮件：,,2020-05-18,http://zrzyt.shanxi.gov.cn/zwgk/zwgkjbml/tdgl_836/jggs/201303/t20130308_79469.shtml,c7defcaf35f35101916e0c8e4ab1c620,
山西省国土资源厅晋中经济技术开发区土地分局国有土地使用权招拍挂出让成交公示,2013-03-08,山西省自然资源厅,,,GK2013-3号,,,,,,,,吕,,晋中开发区汇通路西侧,,,405,,,,,其他商服用地,,,0.254875,,40年,,,2013年03月08日 至 2013年03月18日 ,山西省国土资源厅晋中经济技术开发区土地分局 单位地址：晋中市迎宾西街开发区管委会办公大楼 邮政编码：030600 联系电话：0354-3368707、18603512422 联 系 人：时先生、王女士 电子邮件：,晋中市迎宾西街开发区管委会办公大楼 邮政编码：030600 联系电话：0354-3368707、18603512422 联 系 人：时先生、王女士 电子邮件：,030600 联系电话：0354-3368707、18603512422 联 系 人：时先生、王女士 电子邮件：,0354-3368707、18603512422 联 系 人：时先生、王女士 电子邮件：,时先生、王女士 电子邮件：,,2020-05-18,http://zrzyt.shanxi.gov.cn/zwgk/zwgkjbml/tdgl_836/jggs/201303/t20130308_79469.shtml,c7defcaf35f35101916e0c8e4ab1c620,
山西省国土资源厅太原高新技术开发区土地分局国有土地使用权招拍挂出让成交公示,2013-02-04,山西省自然资源厅,,,2012-16,,,,,,,,山西大邦盈辉环保科技有限公司,,东至2012-19宗地、南至2012-17宗地、西至规划路、北至绿化带（龙城大街）,,,4030,,,,,商务金融用地,,,0.85289,,40年,,,2013年02月05日 至 2013年02月21日 ,山西省国土资源厅太原高新技术开发区土地分局单位地址：太原高新区高新街32号邮政编码：030006联系电话：03517036399联 系,太原高新区高新街32号邮政编码：030006联系电话：03517036399联 系,030006联系电话：03517036399联 系,03517036399联 系,,tygxtdfj860@163.com,2020-05-18,http://zrzyt.shanxi.gov.cn/zwgk/zwgkjbml/tdgl_836/jggs/201302/t20130204_79468.shtml,c390f69c9d116bb1a95f298dcc60c5d3,
山西省国土资源厅太原高新技术开发区土地分局国有土地使用权招拍挂出让成交公示,2013-02-04,山西省自然资源厅,,,2012-17,,,,,,,,山西瀚翔光纤科技有限公司,,东至2012-19宗地、南至2012-18宗地、西至规划路、北至2012-16宗地,,,3308,,,,,商务金融用地,,,0.73742,,40年,,,2013年02月05日 至 2013年02月21日 ,山西省国土资源厅太原高新技术开发区土地分局单位地址：太原高新区高新街32号邮政编码：030006联系电话：03517036399联 系,太原高新区高新街32号邮政编码：030006联系电话：03517036399联 系,030006联系电话：03517036399联 系,03517036399联 系,,tygxtdfj860@163.com,2020-05-18,http://zrzyt.shanxi.gov.cn/zwgk/zwgkjbml/tdgl_836/jggs/201302/t20130204_79468.shtml,c390f69c9d116bb1a95f298dcc60c5d3,
山西省国土资源厅太原高新技术开发区土地分局国有土地使用权招拍挂出让成交公示,2013-02-04,山西省自然资源厅,,,2012-18,,,,,,,,山西问天科技股份有限公司,,东至山西省汾河灌溉管理局一坝分局、南至龙城南街、西至规划路、北至2012-17宗地,,,3490,,,,,商务金融用地,,,0.74592,,40年,,,2013年02月05日 至 2013年02月21日 ,山西省国土资源厅太原高新技术开发区土地分局单位地址：太原高新区高新街32号邮政编码：030006联系电话：03517036399联 系,太原高新区高新街32号邮政编码：030006联系电话：03517036399联 系,030006联系电话：03517036399联 系,03517036399联 系,,tygxtdfj860@163.com,2020-05-18,http://zrzyt.shanxi.gov.cn/zwgk/zwgkjbml/tdgl_836/jggs/201302/t20130204_79468.shtml,c390f69c9d116bb1a95f298dcc60c5d3,
山西省国土资源厅太原高新技术开发区土地分局国有土地使用权招拍挂出让成交公示,2013-02-04,山西省自然资源厅,,,2012-19,,,,,,,,山西国信凯尔生物技术有限公司,,东至绿化带、南至太原市市政池渠设施管理处、西至2012-16宗地、北至绿化带,,,3954,,,,,商务金融用地,,,0.83631,,40年,,,2013年02月05日 至 2013年02月21日 ,山西省国土资源厅太原高新技术开发区土地分局单位地址：太原高新区高新街32号邮政编码：030006联系电话：03517036399联 系,太原高新区高新街32号邮政编码：030006联系电话：03517036399联 系,030006联系电话：03517036399联 系,03517036399联 系,,tygxtdfj860@163.com,2020-05-18,http://zrzyt.shanxi.gov.cn/zwgk/zwgkjbml/tdgl_836/jggs/201302/t20130204_79468.shtml,c390f69c9d116bb1a95f298dcc60c5d3,
山西省国土资源厅太原高新技术开发区土地分局国有土地使用权招拍挂出让成交公示,2013-02-04,山西省自然资源厅,,,2012-20,,,,,,,,山西同方知网数字出版技术有限公司,,东至空地、南至2012-21宗地、西至空地、北至龙城大街,,,3140,,,,,工业用地,,,2.02669,,50年,,,2013年02月05日 至 2013年02月21日 ,山西省国土资源厅太原高新技术开发区土地分局单位地址：太原高新区高新街32号邮政编码：030006联系电话：03517036399联 系,太原高新区高新街32号邮政编码：030006联系电话：03517036399联 系,030006联系电话：03517036399联 系,03517036399联 系,,tygxtdfj860@163.com,2020-05-18,http://zrzyt.shanxi.gov.cn/zwgk/zwgkjbml/tdgl_836/jggs/201302/t20130204_79468.shtml,c390f69c9d116bb1a95f298dcc60c5d3,
山西省国土资源厅太原高新技术开发区土地分局国有土地使用权招拍挂出让成交公示,2013-02-04,山西省自然资源厅,,,2012-21,,,,,,,,山西虹安科技股份有限公司,,东至空地、南至空地、西至空地、北至2012-20宗地,,,1978,,,,,工业用地,,,1.34763,,50年,,,2013年02月05日 至 2013年02月21日 ,山西省国土资源厅太原高新技术开发区土地分局单位地址：太原高新区高新街32号邮政编码：030006联系电话：03517036399联 系,太原高新区高新街32号邮政编码：030006联系电话：03517036399联 系,030006联系电话：03517036399联 系,03517036399联 系,,tygxtdfj860@163.com,2020-05-18,http://zrzyt.shanxi.gov.cn/zwgk/zwgkjbml/tdgl_836/jggs/201302/t20130204_79468.shtml,c390f69c9d116bb1a95f298dcc60c5d3,
山西省国土资源厅太原高新技术开发区土地分局国有土地使用权招拍挂出让成交公示,2013-03-22,山西省自然资源厅,,,2013-1,,,,,,,,启迪（太原）科技园投资发展有限公司,,东至规划路、南至太原高新区建设投资有限公司、西至山西奥科新得信息技术有限公司、北至规划路,,,765,,,,,商务金融用地,,,0.17372,,40年,,,2013年03月25日 至 2013年04月08日 ,山西省国土资源厅太原高新技术开发区土地分局单位地址：太原高新区高新街32号邮政编码：030006联系电话：03517036399联 系,太原高新区高新街32号邮政编码：030006联系电话：03517036399联 系,030006联系电话：03517036399联 系,03517036399联 系,,tygxtdfj860@163.com,2020-05-18,http://zrzyt.shanxi.gov.cn/zwgk/zwgkjbml/tdgl_836/jggs/201303/t20130322_79470.shtml,d6ff21d5cd39b88a036735e31cca67e5,
山西省国土资源厅太原高新技术开发区土地分局国有土地使用权招拍挂出让成交公示,2013-03-22,山西省自然资源厅,,,2013-2,,,,,,,,山西中特房地产开发有限公司,,东至山西太原江南餐饮集团有限公司、南至山西文瀛房地产开发有限公司、西至山西金辉粉煤灰制砖技术设备有限公司、北至大马社区,,,3981,,,,,其他普通商品住房用地,,,1.17589,,70年,,,2013年03月25日 至 2013年04月08日 ,山西省国土资源厅太原高新技术开发区土地分局单位地址：太原高新区高新街32号邮政编码：030006联系电话：03517036399联 系,太原高新区高新街32号邮政编码：030006联系电话：03517036399联 系,030006联系电话：03517036399联 系,03517036399联 系,,tygxtdfj860@163.com,2020-05-18,http://zrzyt.shanxi.gov.cn/zwgk/zwgkjbml/tdgl_836/jggs/201303/t20130322_79470.shtml,d6ff21d5cd39b88a036735e31cca67e5,
山西省国土资源厅太原高新技术开发区土地分局国有土地使用权招拍挂出让成交公示,2013-03-22,山西省自然资源厅,,,2013-6,,,,,,,,太原市金鹰房地产开发有限公司,,东至规划路、南至殷家堡社区、西至殷家堡社区、北至南中环街,,,374,,,,,商务金融用地,,,0.06571,,40年,,,2013年03月25日 至 2013年04月08日 ,山西省国土资源厅太原高新技术开发区土地分局单位地址：太原高新区高新街32号邮政编码：030006联系电话：03517036399联 系,太原高新区高新街32号邮政编码：030006联系电话：03517036399联 系,030006联系电话：03517036399联 系,03517036399联 系,,tygxtdfj860@163.com,2020-05-18,http://zrzyt.shanxi.gov.cn/zwgk/zwgkjbml/tdgl_836/jggs/201303/t20130322_79470.shtml,d6ff21d5cd39b88a036735e31cca67e5,
山西省国土资源厅太原高新技术开发区土地分局国有土地使用权招拍挂出让成交公示,2013-03-22,山西省自然资源厅,,,2013-7,,,,,,,,太原市金鹰房地产开发有限公司,,东至规划路、南至殷家堡社区、西至规划路、北至南中环街,,,2416,,,,,商务金融用地,,,0.48752,,40年,,,2013年03月25日 至 2013年04月08日 ,山西省国土资源厅太原高新技术开发区土地分局单位地址：太原高新区高新街32号邮政编码：030006联系电话：03517036399联 系,太原高新区高新街32号邮政编码：030006联系电话：03517036399联 系,030006联系电话：03517036399联 系,03517036399联 系,,tygxtdfj860@163.com,2020-05-18,http://zrzyt.shanxi.gov.cn/zwgk/zwgkjbml/tdgl_836/jggs/201303/t20130322_79470.shtml,d6ff21d5cd39b88a036735e31cca67e5,
山西省国土资源厅太原高新技术开发区土地分局国有土地使用权招拍挂出让成交公示,2013-03-22,山西省自然资源厅,,,2013-8,,,,,,,,太原市金鹰房地产开发有限公司,,东至产业路、南至殷家堡社区、西至规划路、北至南中环街,,,1128,,,,,商务金融用地,,,0.24085,,40年,,,2013年03月25日 至 2013年04月08日 ,山西省国土资源厅太原高新技术开发区土地分局单位地址：太原高新区高新街32号邮政编码：030006联系电话：03517036399联 系,太原高新区高新街32号邮政编码：030006联系电话：03517036399联 系,030006联系电话：03517036399联 系,03517036399联 系,,tygxtdfj860@163.com,2020-05-18,http://zrzyt.shanxi.gov.cn/zwgk/zwgkjbml/tdgl_836/jggs/201303/t20130322_79470.shtml,d6ff21d5cd39b88a036735e31cca67e5,
晋中市国土资源局开发区土地分局国有土地使用权招拍挂出让成交公示,2018-09-14,山西省自然资源厅,,,GK2018-15,,,,,,晋中开发区嘉晟伟业房地产开发有限公司,,,,广安街南侧、王河路东侧,,,24090,,,,,商住,,,92.6359,,,,,2018年9月14日 至 2018年9月19日,晋中市国土资源局开发区土地分局,晋中市迎宾西街开发区管委会办公大楼,030600,0354-3368707,,,2020-05-18,http://zrzyt.shanxi.gov.cn/zwgk/zwgkjbml/tdgl_836/jggs/201809/t20180914_79574.shtml,44693ad90a67e5abae67d5d8ea7c5559,
太原市公开转让HGZ-1636、HGZ-1637、HGZ-1638、HGZ-1639国有划拨土地使用权结果公示,2017-02-13,山西省自然资源厅,,HGZ-1636,,,挂牌,2017-1-16至2017-1-26,,,太原颖沅房地产开发有限公司,,,位于晋源区长兴南街以北、西中环以东、和平南路以西,,17222.49,商业,21550,,,,,,,,,,,,,,,,,,,,2020-05-18,http://zrzyt.shanxi.gov.cn/zwgk/zwgkjbml/tdgl_836/jggs/201702/t20170213_79562.shtml,3bf1524633c4bc78878b0af0b8620788,
太原市公开转让HGZ-1636、HGZ-1637、HGZ-1638、HGZ-1639国有划拨土地使用权结果公示,2017-02-13,山西省自然资源厅,,HGZ-1637,,,挂牌,2017-1-16至2017-1-26,,,太原颖沅房地产开发有限公司,,,位于晋源区长兴南街以北、西中环以东、和平南路以西,,10000.76,小学,4550,,,,,,,,,,,,,,,,,,,,2020-05-18,http://zrzyt.shanxi.gov.cn/zwgk/zwgkjbml/tdgl_836/jggs/201702/t20170213_79562.shtml,3bf1524633c4bc78878b0af0b8620788,
太原市公开转让HGZ-1636、HGZ-1637、HGZ-1638、HGZ-1639国有划拨土地使用权结果公示,2017-02-13,山西省自然资源厅,,HGZ-1638,,,挂牌,2017-1-16至2017-1-26,,,太原颖沅房地产开发有限公司,,,位于晋源区长兴北街以北、西中环以西,,42532.3,居住兼容商业、配建托幼,40780,,,,,,,,,,,,,,,,,,,,2020-05-18,http://zrzyt.shanxi.gov.cn/zwgk/zwgkjbml/tdgl_836/jggs/201702/t20170213_79562.shtml,3bf1524633c4bc78878b0af0b8620788,
太原市公开转让HGZ-1636、HGZ-1637、HGZ-1638、HGZ-1639国有划拨土地使用权结果公示,2017-02-13,山西省自然资源厅,,HGZ-1639,,,挂牌,2017-1-16至2017-1-26,,,山西合众瑞通投资有限公司,,,位于晋源区长兴南街以北、和平南路以东、排洪渠以南,,10229.73,商业,13260,,,,,,,,,,,,,,,,,,,,2020-05-18,http://zrzyt.shanxi.gov.cn/zwgk/zwgkjbml/tdgl_836/jggs/201702/t20170213_79562.shtml,3bf1524633c4bc78878b0af0b8620788,
太原市公开转让HGZ-1701国有划拨土地使用权结果公示,2017-02-23,山西省自然资源厅,,HGZ-1701,,,挂牌,2017-1-26至2017-2-15,,,山西北辰当代置业有限公司,,,位于晋源区西峪河以南、南中环西街以北、规划路以东以南,,13660.43,居住兼容商业,9760,,,,,,,,,,,,,,,,,,,,2020-05-18,http://zrzyt.shanxi.gov.cn/zwgk/zwgkjbml/tdgl_836/jggs/201702/t20170223_79563.shtml,37bc76e9f5a494a576f4b7aa04decd0e,
太原市出让国有建设用地使用权转让公示(2017)第1期,2017-03-15,山西省自然资源厅,,,,,,,,山西海基房地产开发有限公司；,,太原恒睿房地产开发有限公司,,小店区军民南路以东、荣军北街以北、坞城中路以西,,,,,【晋2016太原市不动产权第0000406】号,1401052009041,,1401052016092,商业住宅用地；,住宅42.48年商业32.48年,31893.87平方米；,,13727元/平方米，总额为43782.2115万元。,,,,,,,,,,,2020-05-18,http://zrzyt.shanxi.gov.cn/zwgk/zwgkjbml/tdgl_836/jggs/201703/t20170315_79564.shtml,f12bafd4bc14f166f49a60f538e10126,
太原市局公开转让HGZ-1702、HGZ-1703、HGZ-1704、HGZ-1705国有划拨土地使用权结果公示,2017-05-04,山西省自然资源厅,,HGZ-1702,,,挂牌,2017-4-6至2017-4-20,,,山西北辰当代置业有限公司,,,位于晋源区武家庄村，太原化学工业集团有限公司以东、规划路以南、南中环西街以北,,35799.99,住宅兼容商业,35870,,,,,,,,,,,,,,,,,,,,2020-05-18,http://zrzyt.shanxi.gov.cn/zwgk/zwgkjbml/tdgl_836/jggs/201705/t20170504_79565.shtml,0ff23f4748c9bc0b2ba184085670a32d,
太原市局公开转让HGZ-1702、HGZ-1703、HGZ-1704、HGZ-1705国有划拨土地使用权结果公示,2017-05-04,山西省自然资源厅,,HGZ-1703,,,挂牌,2017-4-6至2017-4-20,,,山西省投资集团高新建设开发有限公司,,,位于晋源区武家庄村，太原圣湖贸易有限公司用地以南，规划路以东、以西，冶峪北街以北,,23761.84,住宅兼容商业,19890,,,,,,,,,,,,,,,,,,,,2020-05-18,http://zrzyt.shanxi.gov.cn/zwgk/zwgkjbml/tdgl_836/jggs/201705/t20170504_79565.shtml,0ff23f4748c9bc0b2ba184085670a32d,
太原市局公开转让HGZ-1702、HGZ-1703、HGZ-1704、HGZ-1705国有划拨土地使用权结果公示,2017-05-04,山西省自然资源厅,,HGZ-1704,,,挂牌,2017-4-6至2017-4-20,,,山西省投资集团高新建设开发有限公司,,,位于晋源区武家庄村，规划路以东、以西、以北，南中环西街以南,,94702.32,住宅兼容商业、托幼,76150,,,,,,,,,,,,,,,,,,,,2020-05-18,http://zrzyt.shanxi.gov.cn/zwgk/zwgkjbml/tdgl_836/jggs/201705/t20170504_79565.shtml,0ff23f4748c9bc0b2ba184085670a32d,
太原市局公开转让HGZ-1702、HGZ-1703、HGZ-1704、HGZ-1705国有划拨土地使用权结果公示,2017-05-04,山西省自然资源厅,,HGZ-1705,,,挂牌,2017-4-6至2017-4-20,,,山西省投资集团高新建设开发有限公司,,,位于晋源区武家庄村，规划路以东、以西，南中环西街以南、太原圣湖贸易有限公司用地以北,,46321.57,商业,61300,,,,,,,,,,,,,,,,,,,,2020-05-18,http://zrzyt.shanxi.gov.cn/zwgk/zwgkjbml/tdgl_836/jggs/201705/t20170504_79565.shtml,0ff23f4748c9bc0b2ba184085670a32d,
太原市二0一七年公开转让HGZ-1707、HGZ-1712、HGZ-1713国有划拨土地使用权结果公示,2017-05-16,山西省自然资源厅,,HGZ-1707,,,挂牌,2017-4-24至2017-5-9,,,山西国雅房地产开发有限公司,,,位于晋源区南中环西街以南、西干渠以西、南屯路以东,,23333.8,居住兼容商业,19990,,,,,,,,,,,,,,,,,,,,2020-05-18,http://zrzyt.shanxi.gov.cn/zwgk/zwgkjbml/tdgl_836/jggs/201705/t20170516_79566.shtml,bca555bb7e9a167b6f3b862c20755e7d,
太原市二0一七年公开转让HGZ-1707、HGZ-1712、HGZ-1713国有划拨土地使用权结果公示,2017-05-16,山西省自然资源厅,,HGZ-1712,,,挂牌,2017-4-24至2017-5-9,,,太原万科城市之光房地产开发有限公司,,,位于迎泽区东太堡村，规划路以东、以西、以北，山西龙鼎房地产开发股份有限公司以南,,9551.84,住宅,6440,,,,,,,,,,,,,,,,,,,,2020-05-18,http://zrzyt.shanxi.gov.cn/zwgk/zwgkjbml/tdgl_836/jggs/201705/t20170516_79566.shtml,bca555bb7e9a167b6f3b862c20755e7d,
太原市二0一七年公开转让HGZ-1707、HGZ-1712、HGZ-1713国有划拨土地使用权结果公示,2017-05-16,山西省自然资源厅,,HGZ-1713,,,挂牌,2017-4-24至2017-5-9,,,太原万科城市之光房地产开发有限公司,,,位于迎泽区东太堡村，规划路以东、以西、以北，山西龙鼎房地产开发股份有限公司以南,,10598.25,住宅,7440,,,,,,,,,,,,,,,,,,,,2020-05-18,http://zrzyt.shanxi.gov.cn/zwgk/zwgkjbml/tdgl_836/jggs/201705/t20170516_79566.shtml,bca555bb7e9a167b6f3b862c20755e7d,
太原市二0一七年公开转让HGZ-1715、HGZ-1716、HGZ-1717、HGZ-1718、HGZ-1719、HGZ-1720国有划...,2017-05-16,山西省自然资源厅,,HGZ-1715,,,挂牌,2017-04-28至2017-05-15,,,山西光泗房地产开发有限公司,,,万柏林区山西涤纶厂以南以东、千峰北路以西、规划路以北,,5648.34,居住兼容商业,3230,,,,,,,,,,,,,,,,,,,,2020-05-18,http://zrzyt.shanxi.gov.cn/zwgk/zwgkjbml/tdgl_836/jggs/201705/t20170516_79567.shtml,4d20d453440245e39b12fa5ef637ccb3,
太原市二0一七年公开转让HGZ-1715、HGZ-1716、HGZ-1717、HGZ-1718、HGZ-1719、HGZ-1720国有划...,2017-05-16,山西省自然资源厅,,HGZ-1716,,,挂牌,2017-04-28至2017-05-15,,,山西光泗房地产开发有限公司,,,万柏林区山西涤纶厂以南以东、千峰北路以西、河西机械厂以北,,4435.24,居住兼容商业,3420,,,,,,,,,,,,,,,,,,,,2020-05-18,http://zrzyt.shanxi.gov.cn/zwgk/zwgkjbml/tdgl_836/jggs/201705/t20170516_79567.shtml,4d20d453440245e39b12fa5ef637ccb3,
太原市二0一七年公开转让HGZ-1715、HGZ-1716、HGZ-1717、HGZ-1718、HGZ-1719、HGZ-1720国有划...,2017-05-16,山西省自然资源厅,,HGZ-1717,,,挂牌,2017-04-28至2017-05-15,,,山西光泗房地产开发有限公司,,,万柏林区规划路以南以北、千峰北路以西、后北屯城改用地以东,,4733.98,商业,4950,,,,,,,,,,,,,,,,,,,,2020-05-18,http://zrzyt.shanxi.gov.cn/zwgk/zwgkjbml/tdgl_836/jggs/201705/t20170516_79567.shtml,4d20d453440245e39b12fa5ef637ccb3,
太原市二0一七年公开转让HGZ-1715、HGZ-1716、HGZ-1717、HGZ-1718、HGZ-1719、HGZ-1720国有划...,2017-05-16,山西省自然资源厅,,HGZ-1718,,,挂牌,2017-04-28至2017-05-15,,,太原新城凯拓房地产开发有限公司,,,万柏林区规划路以南以北以西、后北屯城改用地以东,,14293.12,居住兼容商业,10850,,,,,,,,,,,,,,,,,,,,2020-05-18,http://zrzyt.shanxi.gov.cn/zwgk/zwgkjbml/tdgl_836/jggs/201705/t20170516_79567.shtml,4d20d453440245e39b12fa5ef637ccb3,
太原市二0一七年公开转让HGZ-1715、HGZ-1716、HGZ-1717、HGZ-1718、HGZ-1719、HGZ-1720国有划...,2017-05-16,山西省自然资源厅,,HGZ-1719,,,挂牌,2017-04-28至2017-05-15,,,太原新城凯拓房地产开发有限公司,,,万柏林区规划路以南以北以东、工业设备安装公司以西,,11545.16,居住兼容商业,8660,,,,,,,,,,,,,,,,,,,,2020-05-18,http://zrzyt.shanxi.gov.cn/zwgk/zwgkjbml/tdgl_836/jggs/201705/t20170516_79567.shtml,4d20d453440245e39b12fa5ef637ccb3,
太原市二0一七年公开转让HGZ-1715、HGZ-1716、HGZ-1717、HGZ-1718、HGZ-1719、HGZ-1720国有划...,2017-05-16,山西省自然资源厅,,HGZ-1720,,,挂牌,2017-04-28至2017-05-15,,,太原新城凯拓房地产开发有限公司,,,万柏林区规划路以西、工业设备安装公司以南、后北屯城改用地以东以北,,56184.36,居住兼容商业、托幼,42060,,,,,,,,,,,,,,,,,,,,2020-05-18,http://zrzyt.shanxi.gov.cn/zwgk/zwgkjbml/tdgl_836/jggs/201705/t20170516_79567.shtml,4d20d453440245e39b12fa5ef637ccb3,
山西转型综改示范区土地管理局国有土地划拨用地批前公示,2017-12-29,山西省自然资源厅,,,XD-12-01-01,,,,,,,,太原学院（原太原大学）,,唐槐园区,,,,,,,,科教用地,,,2.8226,,,,,2017年12月27日 至 2018年01月11日 ,,,,,,,2020-05-18,http://zrzyt.shanxi.gov.cn/zwgk/zwgkjbml/tdgl_836/jggs/201712/t20171229_79570.shtml,6b7b2334a361afb29e2855915244369d,
山西转型综改示范区土地管理局国有土地划拨用地批前公示,2017-12-29,山西省自然资源厅,,,XD-12-01-01,,,,,,,,太原学院（原太原大学）,,唐槐园区,,,,,,,,科教用地,,,2.8226,,,,,2017年12月27日 至 2018年01月11日 ,,,,,,,2020-05-18,http://zrzyt.shanxi.gov.cn/zwgk/zwgkjbml/tdgl_836/jggs/201712/t20171229_79570.shtml,6b7b2334a361afb29e2855915244369d,
晋中市国土资源局开发区土地分局国有土地使用权招拍挂出让成交公示,2018-04-19,山西省自然资源厅,,,GK2018-9,,,,,,晋中普宿仓储设施有限公司,,,,晋中开发区太旧高速公路以南、规划路以东,,,6000,,,,,,,,176.3980,,仓储用地,,,2018年4月19日 至 2018年4月28日,晋中市国土资源局开发区土地分局 ,晋中市迎宾西街开发区管委会办公大楼 ,030600 ,0354-3368707 ,,,2020-05-18,http://zrzyt.shanxi.gov.cn/zwgk/zwgkjbml/tdgl_836/jggs/201804/t20180419_79571.shtml,2fb655ead0775a73289e6ecd59614fc4,
晋中市国土资源局开发区土地分局国有土地使用权招拍挂出让成交公示,2018-04-19,山西省自然资源厅,,,GK2018-10,,,,,,山西祖昌实业有限公司,,,,晋中开发区秋峪公路北侧、规划路以西,,,17510,,,,,,,,499.2659,,工业用地,,,2018年4月19日 至 2018年4月28日,晋中市国土资源局开发区土地分局 ,晋中市迎宾西街开发区管委会办公大楼 ,030600 ,0354-3368707 ,,,2020-05-18,http://zrzyt.shanxi.gov.cn/zwgk/zwgkjbml/tdgl_836/jggs/201804/t20180419_79571.shtml,2fb655ead0775a73289e6ecd59614fc4,
