公告类型,文件标题,时间,来源,正文标题,宗地编号,土地位置,出让面积(m2),绿化用地,道路用地,土地用途,缛媚晗,容积率,建筑密度,绿地率,建筑空间,起始价(万元),保证金(万元),竞价幅度(万元),报名时间起止日期,挂牌开始时间,挂牌截止时间,保证金到账截止时间,联系地址,联系人,联系电话,爬取地址url,唯一标识,
出让公告,晋中市国土资源局开发区土地分局国有土地使用权挂牌出让公告,2018-09-11,山西省自然资源厅,,GK2016-17号,示范区晋中开发区灵石路东侧,7320.06平方米（合10.9801亩）,,,科研用地,50年,介于0.7与2.0之间,介于20％与40％之间,不小于35％,尺寸控制在-12米―80米之间,570万元,570万元,10万元,2018年10月8日8时至2018年10月17日10时,2018年10月8日8时,2018年10月19日10时,2018年10月17日10时,晋中开发区土地事务中心（开发区办公楼北603房间）,,0354-3368707,2020-05-15,http://zrzyt.shanxi.gov.cn/zwgk/zwgkjbml/tdgl_836/crgg/201809/t20180911_79257.shtml,76821c78d2e1f3307dbeb26fba2417a8,
出让公告,晋中市国土资源局开发区土地分局国有土地使用权挂牌出让公告,2018-09-12,山西省自然资源厅,,GK2018-19号,示范区晋中开发区广安街北侧、魏榆路西侧,45361.79平方米（合68.0427亩）,,,教育用地,50年,不大于1.0,介于15％与25％之间,不少于40％,尺寸控制在-6米―25米之间,4232万元,4232万元,10万元,2018年10月8日8时至2018年10月17日10时,2018年10月8日8时,2018年10月19日10时,2018年10月17日10时,晋中开发区土地事务中心（开发区办公楼北603室）,,0354-3368707,2020-05-15,http://zrzyt.shanxi.gov.cn/zwgk/zwgkjbml/tdgl_836/crgg/201809/t20180912_79258.shtml,fe8ff09f2361950ebd6dc5f6d64491d9,
出让公告,晋中市国土资源局开发区土地分局国有土地使用权挂牌出让公告,2018-11-09,山西省自然资源厅,,GK2018-28号,示范区晋中开发区东寇路东侧、九号路南侧,30596.46平方米（45.8947亩）,,,工业用地,50年,介于0.7与2.0之间,介于30％与60％之间,不大于20％,尺寸控制在-10米―40米之间,1776万元,1776万元,20万元,2018年11月29日8时至2018年12月10日10时,2018年11月29日8时,2018年12月12日10时,2018年12月10日10时,晋中开发区土地事务中心（开发区办公楼北603室）,,0354-3368707,2020-05-15,http://zrzyt.shanxi.gov.cn/zwgk/zwgkjbml/tdgl_836/crgg/201811/t20181109_79263.shtml,e4332160aa900b7888f9fd4621a887b7,
出让公告,晋中市国土资源局开发区土地分局国有土地使用权挂牌出让公告,2018-11-09,山西省自然资源厅,,GK2018-29号,示范区晋中开发区广安街北侧、兴源路西侧,200033.40平方米（300.0501亩）,,,工业用地,50年,介于0.7与2.0之间,介于30％与60％之间,介于10%与20％之间,尺寸控制在-10米―60米之间,10936万元,10936万元,50万元,2018年11月29日8时至2018年12月10日10时,2018年11月29日8时,2018年12月12日10时,2018年12月10日10时,晋中开发区土地事务中心（开发区办公楼北603室）,,0354-3368707,2020-05-15,http://zrzyt.shanxi.gov.cn/zwgk/zwgkjbml/tdgl_836/crgg/201811/t20181109_79263.shtml,e4332160aa900b7888f9fd4621a887b7,
出让公告,晋中市国土资源局开发区土地分局国有土地使用权挂牌出让公告,2018-11-09,山西省自然资源厅,,GK2018-31号,示范区晋中开发区修文镇内白村,22516.68平方米（33.7750亩）,,,工业用地,50年,介于1.0与2.0之间,介于30％与60％之间,介于15%与20％之间,尺寸控制在-6米―40米之间,876万元,876万元,,2018年11月29日8时至2018年12月10日10时,2018年11月29日8时,2018年12月12日10时,2018年12月10日10时,晋中开发区土地事务中心（开发区办公楼北603室）,,0354-3368707,2020-05-15,http://zrzyt.shanxi.gov.cn/zwgk/zwgkjbml/tdgl_836/crgg/201811/t20181109_79263.shtml,e4332160aa900b7888f9fd4621a887b7,
出让公告,晋中市国土资源局开发区土地分局国有土地使用权挂牌出让公告,2018-11-29,山西省自然资源厅,,GK2018-30号,示范区晋中开发区汇通路东侧使张村段,1836.85平方米（2.7553亩）,,,商业用地,,介于0.8与3.0之间,和绿地率待汇通路使张村段整体拆迁改造规划审定后确定,待汇通路使张村段整体拆迁改造规划审定后确定,尺寸控制在-11米―40米之间,610万元,610万元,20万元,2018年12月19日8时至2018年12月26日10时,2018年12月19日8时,2018年12月28日10时,2018年12月26日10时,晋中开发区土地事务中心（开发区办公楼北607室） ,,0354-3368707 ,2020-05-15,http://zrzyt.shanxi.gov.cn/zwgk/zwgkjbml/tdgl_836/crgg/201811/t20181129_79265.shtml,7530ecf92c711ff388ea2a766a81b14e,
出让公告,晋中市国土资源局开发区土地分局国有土地使用权挂牌出让公告,2018-11-29,山西省自然资源厅,,GK2018-32号,晋中开发区纬十二街以北、综合通道以西,1041.63平方米（合1.5624亩）,,,科研用地,,介于2.0与2.4之间,不大于35％,不小于35％,尺寸控制在-11米―40米之间,70万元,70万元,10万元,2018年12月19日8时至2018年12月26日10时,2018年12月19日8时,2018年12月28日10时,2018年12月26日10时,晋中开发区土地事务中心（开发区办公楼北607室） ,,0354-3368707 ,2020-05-15,http://zrzyt.shanxi.gov.cn/zwgk/zwgkjbml/tdgl_836/crgg/201811/t20181129_79265.shtml,7530ecf92c711ff388ea2a766a81b14e,
出让公告,太原市国土资源局国有土地使用权挂牌转让公告(并国土公转告字[2018]12号),2018-04-25,山西省自然资源厅,,HGZ-1812 ,万柏林区东社村，东至流路、西至东社旧村、南至石膏街、北至北车集团 ,19543.46平方米 ,,,居住兼容商业 ,住宅70年 ,4.5 ,30 ,35 ,,13400万元 ,13400万元 ,,,2018年05月16日 08时00分 ,2018年05月30日 ,2018年05月28日18时00分,,,0351-3586600 ,2020-05-15,http://zrzyt.shanxi.gov.cn/zwgk/zwgkjbml/tdgl_836/crgg/201804/t20180425_79244.shtml,40f030f0fa2c92038422b6e3621b10c4,
出让公告,示范区出让公告,2018-05-04,山西省自然资源厅,,Ⅶ区Ⅶ-10单元10-12地块,东至田庄集体土地，南至田庄集体土地，西至经八路，北至纬六街,10698平方米（计16.0470亩）,,,商务型科研用地B29,50,≤3.0,,≥25%,限高+60米,820,820,9,2018年5月11日至2018年6月3日,,,,山西转型综合改革示范区政务服务中心二层土地管理局窗口,郭志豪 ,0351-7560082 ,2020-05-15,http://zrzyt.shanxi.gov.cn/zwgk/zwgkjbml/tdgl_836/crgg/201805/t20180504_79243.shtml,72499a472d6006a81cbf40cceb75aaa3,
出让公告,示范区出让公告,2018-05-04,山西省自然资源厅,,XD-11片区02街区031-1地块（通达街南侧地块）,东至大运路，南至坤泽公司，西至坤泽公司，北至通达街,6802平方米（计10.2030亩）,,,居住兼容商业,居住70年商业40年,≥5.5≤5.81,,≥30%≤35%,限高+100米,4940,4940,11,2018年5月11日至2018年6月3日,,,,山西转型综合改革示范区政务服务中心二层土地管理局窗口,郭志豪 ,0351-7560082 ,2020-05-15,http://zrzyt.shanxi.gov.cn/zwgk/zwgkjbml/tdgl_836/crgg/201805/t20180504_79243.shtml,72499a472d6006a81cbf40cceb75aaa3,
出让公告,示范区出让公告,2018-05-04,山西省自然资源厅,,XD-11片区02街区031-1地块（都乐街北侧地块）,东至国有空地，南至都乐街，西至坤泽公司，北至坤泽公司,38平方米（计0.0570亩）,,,居住兼容商业,居住70年商业40年,≥5.5≤5.81,,≥30%≤35%,限高+100米,26,26,1,2018年5月11日至2018年6月3日,,,,山西转型综合改革示范区政务服务中心二层土地管理局窗口,郭志豪 ,0351-7560082 ,2020-05-15,http://zrzyt.shanxi.gov.cn/zwgk/zwgkjbml/tdgl_836/crgg/201805/t20180504_79243.shtml,72499a472d6006a81cbf40cceb75aaa3,
出让公告,示范区出让公告,2018-05-04,山西省自然资源厅,,XD-11片区02街区031-2地块,东至国有空地，南至国有空地，西至坤泽公司，北至都乐街,2853平方米（计4.2795亩）,,,居住兼容商业,居住70年商业40年,≥3.5≤3.96,,≥42%≤43%,限高+100米,1610,1610,5,2018年5月11日至2018年6月3日,,,,山西转型综合改革示范区政务服务中心二层土地管理局窗口,郭志豪 ,0351-7560082 ,2020-05-15,http://zrzyt.shanxi.gov.cn/zwgk/zwgkjbml/tdgl_836/crgg/201805/t20180504_79243.shtml,72499a472d6006a81cbf40cceb75aaa3,
出让公告,示范区出让公告,2018-05-04,山西省自然资源厅,,B4-01-02地块,潇河产业园规划小牛线以南、规划支路以北、真武路以东、真武东路以西,210084平方米（计315.1260亩）,,,工业,50年,≥1.0 ≤2.5,,≥15% ≤20%,限高+45米,9230,9230,158,2018年5月11日至2018年6月3日,,,,山西转型综合改革示范区政务服务中心二层土地管理局窗口,郭志豪 ,0351-7560082 ,2020-05-15,http://zrzyt.shanxi.gov.cn/zwgk/zwgkjbml/tdgl_836/crgg/201805/t20180504_79243.shtml,72499a472d6006a81cbf40cceb75aaa3,
出让公告,太原市国土资源局国有土地使用权挂牌转让公告(并国土公转告字[2018]13号),2018-05-09,山西省自然资源厅,,HGZ-1813,万柏林区后北屯村 北至太原金世恒房地产开发有限公司、南至规划路、西至规划路、东至山西飞达房地产开发有限公司,14085.7平方米,,,小学,小学50年,1.0,30,30,,2120万元,2120万元,,,2018年05月30日 08时00分,2018年06月13日,2018年06月11日18时00分,,,0351-3586600 ,2020-05-15,http://zrzyt.shanxi.gov.cn/zwgk/zwgkjbml/tdgl_836/crgg/201805/t20180509_79245.shtml,751d666a065404630590f28684ed5ceb,
出让公告,太原市国土资源局国有建设用地使用权挂牌出让公告(并国土公出告字[2018]33号),2018-05-15,山西省自然资源厅,,SG-1829 ,,39605.77平方米 ,,,物流仓储 ,50年 ,1.0-1.5 ,,,,5290万元 ,5290万元 ,,2018年6月4日至2018年6月14日,,,2018年6月14日18时00分,,,0351-3586600 ,2020-05-15,http://zrzyt.shanxi.gov.cn/zwgk/zwgkjbml/tdgl_836/crgg/201805/t20180515_79246.shtml,d23bc767258b927d27877d2514b0ba79,
出让公告,太原市国土资源局国有建设用地使用权挂牌出让公告(并国土公出告字[2018]35号),2018-05-15,山西省自然资源厅,,SG-1831,,36659.53平方米,,,物流仓储,50,1.0-1.5,/,/,,4900万元,4900万元,,,2018年6月4日,2018年6月19日,2018年6月14日18时00分,,,0351-3586600,2020-05-15,http://zrzyt.shanxi.gov.cn/zwgk/zwgkjbml/tdgl_836/crgg/201805/t20180515_79248.shtml,51f48576da6ba6fc0e9b05ba1523d9c1,
出让公告,太原市国土资源局国有建设用地使用权挂牌出让公告(并国土公出告字[2018]34号),2018-05-15,山西省自然资源厅,,SG-1830,,39916.14平方米,,,物流仓储,50年,1.0-1.5,,,,5330万元,5330万元,,2018年6月4日至2018年6月14日,,,2018年6月14日18时00分,,,0351-3586600,2020-05-15,http://zrzyt.shanxi.gov.cn/zwgk/zwgkjbml/tdgl_836/crgg/201805/t20180515_79247.shtml,741496bc1055775d69f815dc5a63fd8b,
出让公告,晋中市国土资源局开发区土地分局国有土地使用权挂牌出让公告,2018-07-02,山西省自然资源厅,,GK2018-17号,示范区晋中开发区魏榆路西侧、汇丰街北侧,48299.11平方米（合72.4487亩）,,,商住混合用地,商服40年，住宅70年,介于1.0与2.5之间,介于15％与35％之间,不少于35％,尺寸控制在-10米―90米之间,18840万元,18840万元,200万元,2018年7月23日8时至2018年8月1日10时,2018年7月23日8时,2018年8月3日10时,2018年8月1日10时,晋中开发区土地事务中心（开发区办公楼北602房间） ,,0354-3368707 ,2020-05-15,http://zrzyt.shanxi.gov.cn/zwgk/zwgkjbml/tdgl_836/crgg/201807/t20180702_79250.shtml,283e1722bb79d38843b1a51e7383f58a,
出让公告,晋中市国土资源局开发区土地分局国有土地使用权挂牌出让公告,2018-07-02,山西省自然资源厅,,GK2018-18号,示范区晋中开发区思敬路西侧、汇丰街北侧,113510.64平方米（合170.266亩）,,,商住混合用地,商服40年，住宅70年,介于1.0与2.5之间,介于15％与30％之间,不少于35％,尺寸控制在-10米―90米之间,44270万元,44270万元,200万元,2018年7月23日8时至2018年8月1日10时,2018年7月23日8时,2018年8月3日10时,2018年8月1日10时,晋中开发区土地事务中心（开发区办公楼北602房间） ,,0354-3368707 ,2020-05-15,http://zrzyt.shanxi.gov.cn/zwgk/zwgkjbml/tdgl_836/crgg/201807/t20180702_79250.shtml,283e1722bb79d38843b1a51e7383f58a,
出让公告,晋中市国土资源局开发区土地分局国有土地使用权挂牌出让公告,2018-07-02,山西省自然资源厅,,GK2018-20号,示范区晋中开发区龙田路西侧、广安街南侧,33331.56平方米（合49.9973亩）,,,商住混合用地,商服40年，住宅70年,介于1.0与2.5之间,介于15％与30％之间,不少于35％,尺寸控制在-10米―80米之间,13000万元,13000万元,200万元,2018年7月23日8时至2018年8月1日10时,2018年7月23日8时,2018年8月3日10时,2018年8月1日10时,晋中开发区土地事务中心（开发区办公楼北602房间） ,,0354-3368707 ,2020-05-15,http://zrzyt.shanxi.gov.cn/zwgk/zwgkjbml/tdgl_836/crgg/201807/t20180702_79250.shtml,283e1722bb79d38843b1a51e7383f58a,
出让公告,晋中市国土资源局开发区土地分局国有土地使用权挂牌出让公告,2018-07-02,山西省自然资源厅,,GK2018-21号,示范区晋中开发区龙田路西侧、凤翔街北侧,35995.74平方米（合53.9936亩）,,,商住混合用地,商服40年，住宅70年,介于1.0与2.5之间,介于15％与30％之间,不少于35％,尺寸控制在-10米―80米之间,14040万元,14040万元,200万元,2018年7月23日8时至2018年8月1日10时,2018年7月23日8时,2018年8月3日10时,2018年8月1日10时,晋中开发区土地事务中心（开发区办公楼北602房间） ,,0354-3368707 ,2020-05-15,http://zrzyt.shanxi.gov.cn/zwgk/zwgkjbml/tdgl_836/crgg/201807/t20180702_79250.shtml,283e1722bb79d38843b1a51e7383f58a,
出让公告,晋中市国土资源局开发区土地分局国有土地使用权挂牌出让公告,2018-07-02,山西省自然资源厅,,GK2018-22号,示范区晋中开发区龙田路西侧、汇丰街南侧,62521.71平方米（合93.7825亩）,,,工业用地,50年,介于1.2与1.5之间,介于20％与45％之间,介于20％与25％之间,尺寸控制在-10米―80米之间,4880万元,4880万元,10万元,2018年7月23日8时至2018年8月1日10时,2018年7月23日8时,2018年8月3日10时,2018年8月1日10时,晋中开发区土地事务中心（开发区办公楼北602房间） ,,0354-3368707 ,2020-05-15,http://zrzyt.shanxi.gov.cn/zwgk/zwgkjbml/tdgl_836/crgg/201807/t20180702_79250.shtml,283e1722bb79d38843b1a51e7383f58a,
出让公告,晋中市国土资源局开发区土地分局国有土地使用权挂牌出让公告,2018-07-02,山西省自然资源厅,,GK2018-23号,示范区晋中开发区龙田路西侧、汇阜街北侧,100508.71平方米（合150.7631亩）,,,工业用地,50年,介于1.2与1.5之间,介于20％与45％之间,介于20％与25％之间,尺寸控制在-10米―80米之间,7840万元,7840万元,10万元,2018年7月23日8时至2018年8月1日10时,2018年7月23日8时,2018年8月3日10时,2018年8月1日10时,晋中开发区土地事务中心（开发区办公楼北602房间） ,,0354-3368707 ,2020-05-15,http://zrzyt.shanxi.gov.cn/zwgk/zwgkjbml/tdgl_836/crgg/201807/t20180702_79250.shtml,283e1722bb79d38843b1a51e7383f58a,
出让公告,晋中市国土资源局开发区土地分局国有土地使用权挂牌出让公告,2018-07-02,山西省自然资源厅,,GK2018-24号,示范区晋中开发区龙田路西侧、广安街北侧,169785.58平方米（合254.6784亩）,,,工业用地,50年,介于1.2与1.5之间,介于20％与45％之间,介于20％与25％之间,尺寸控制在-10米―80米之间,13245万元,13245万元,10万元,2018年7月23日8时至2018年8月1日10时,2018年7月23日8时,2018年8月3日10时,2018年8月1日10时,晋中开发区土地事务中心（开发区办公楼北602房间） ,,0354-3368707 ,2020-05-15,http://zrzyt.shanxi.gov.cn/zwgk/zwgkjbml/tdgl_836/crgg/201807/t20180702_79250.shtml,283e1722bb79d38843b1a51e7383f58a,
出让公告,晋中市国土资源局开发区土地分局国有土地使用权挂牌出让公告,2018-07-02,山西省自然资源厅,,GK2018-25号,示范区晋中开发区龙田路西侧、汇丰街南侧,45653.48平方米（合68.4802亩）,,,工业用地,50年,介于1.2与1.5之间,介于20％与45％之间,介于20％与25％之间,尺寸控制在-10米―80米之间,3565万元,3565万元,10万元,2018年7月23日8时至2018年8月1日10时,2018年7月23日8时,2018年8月3日10时,2018年8月1日10时,晋中开发区土地事务中心（开发区办公楼北602房间） ,,0354-3368707 ,2020-05-15,http://zrzyt.shanxi.gov.cn/zwgk/zwgkjbml/tdgl_836/crgg/201807/t20180702_79250.shtml,283e1722bb79d38843b1a51e7383f58a,
出让公告,晋中市国土资源局开发区土地分局国有土地使用权挂牌出让公告,2018-06-28,山西省自然资源厅,,GK2018-11号,示范区晋中开发区南同蒲铁路以西,51765.88平方米（合77.6488亩）,,,工业用地,50年,介于0.8与2.0之间,介于30％与60％之间,不大于20％,尺寸控制在-6米―40米之间,4000万元,4000万元,10万元,2018年7月18日8时至2018年7月27日10时,2018年7月18日8时,2018年7月31日10时,2018年7月27日10时,晋中开发区土地事务中心（开发区办公楼北602房间）,,0354-3368707,2020-05-15,http://zrzyt.shanxi.gov.cn/zwgk/zwgkjbml/tdgl_836/crgg/201806/t20180628_79249.shtml,e0bf81a7283f582d425bf8f50468444c,
出让公告,晋中市国土资源局开发区土地分局国有土地使用权挂牌出让公告,2018-06-28,山西省自然资源厅,,GK2018-12号,示范区晋中开发区徐工安瑞达以东、规划路以北,7438.14平方米（合11.1572亩）,,,工业用地,50年,介于0.8与2.0之间,介于30％与60％之间,不大于20％,尺寸控制在-6米―40米之间,575万元,575万元,10万元,2018年7月18日8时至2018年7月27日10时,2018年7月18日8时,2018年7月31日10时,2018年7月27日10时,晋中开发区土地事务中心（开发区办公楼北602房间）,,0354-3368707,2020-05-15,http://zrzyt.shanxi.gov.cn/zwgk/zwgkjbml/tdgl_836/crgg/201806/t20180628_79249.shtml,e0bf81a7283f582d425bf8f50468444c,
出让公告,晋中市国土资源局开发区土地分局国有土地使用权挂牌出让公告,2018-06-28,山西省自然资源厅,,GK2018-13号,示范区晋中开发区规划路以北,11002.71平方米（合16.5041亩）,,,工业用地,50年,介于0.8与2.0之间,介于30％与60％之间,不大于20％,尺寸控制在-6米―40米之间,850万元,850万元,10万元,2018年7月18日8时至2018年7月27日10时,2018年7月18日8时,2018年7月31日10时,2018年7月27日10时,晋中开发区土地事务中心（开发区办公楼北602房间）,,0354-3368707,2020-05-15,http://zrzyt.shanxi.gov.cn/zwgk/zwgkjbml/tdgl_836/crgg/201806/t20180628_79249.shtml,e0bf81a7283f582d425bf8f50468444c,
出让公告,晋中市国土资源局开发区土地分局国有土地使用权挂牌出让公告,2018-06-28,山西省自然资源厅,,GK2018-14号,示范区晋中开发区南同蒲铁路以西、规划路以北,6665.77平方米（合9.9986亩）,,,工业用地,50年,介于0.8与2.0之间,介于30％与60％之间,不大于20％,尺寸控制在-6米―40米之间,515万元,515万元,10万元,2018年7月18日8时至2018年7月27日10时,2018年7月18日8时,2018年7月31日10时,2018年7月27日10时,晋中开发区土地事务中心（开发区办公楼北602房间）,,0354-3368707,2020-05-15,http://zrzyt.shanxi.gov.cn/zwgk/zwgkjbml/tdgl_836/crgg/201806/t20180628_79249.shtml,e0bf81a7283f582d425bf8f50468444c,
出让公告,晋中市国土资源局开发区土地分局国有土地使用权挂牌出让公告,2018-06-28,山西省自然资源厅,,GK2018-15号,示范区晋中开发区广安街南侧、王河路东侧,61757.27平方米（合92.6359亩）,,,商住混合用地,商服40年，住宅70年,介于1.0与3.5之间,介于15％与25％之间,不少于35％,尺寸控制在-10米―90米之间,24090万元,24090万元,200万元,2018年7月18日8时至2018年7月27日10时,2018年7月18日8时,2018年7月31日10时,2018年7月27日10时,晋中开发区土地事务中心（开发区办公楼北602房间）,,0354-3368707,2020-05-15,http://zrzyt.shanxi.gov.cn/zwgk/zwgkjbml/tdgl_836/crgg/201806/t20180628_79249.shtml,e0bf81a7283f582d425bf8f50468444c,
出让公告,晋中市国土资源局开发区土地分局国有土地使用权挂牌出让公告,2018-06-28,山西省自然资源厅,,GK2018-16号,示范区晋中开发区广安街南侧、王河路东侧,53996.22平方米（合80.9943亩）,,,商住混合用地,商服40年，住宅70年,介于1.0与3.5之间,介于15％与26％之间,不少于35％,尺寸控制在-10米―100米之间,21060万元,21060万元,200万元,2018年7月18日8时至2018年7月27日10时,2018年7月18日8时,2018年7月31日10时,2018年7月27日10时,晋中开发区土地事务中心（开发区办公楼北602房间）,,0354-3368707,2020-05-15,http://zrzyt.shanxi.gov.cn/zwgk/zwgkjbml/tdgl_836/crgg/201806/t20180628_79249.shtml,e0bf81a7283f582d425bf8f50468444c,
出让公告,晋中市国土资源局开发区土地分局国有土地使用权挂牌出让公告,2018-08-15,山西省自然资源厅,,GK2018-15号,示范区晋中开发区广安街南侧、王河路东侧,61757.27平方米（合92.6359亩）,,,商住混合用地,商服40年，住宅70年,介于1.0与3.5之间,介于15％与25％之间,不少于35％,尺寸控制在-10米―90米之间,24090万元,24090万元,200万元,2018年9月4日8时至2018年9月12日10时,2018年9月4日8时,2018年9月14日10时,2018年9月12日10时,晋中开发区土地事务中心（开发区办公楼北602房间）,,0354-3368707,2020-05-15,http://zrzyt.shanxi.gov.cn/zwgk/zwgkjbml/tdgl_836/crgg/201808/t20180815_79253.shtml,5513fbab2ff8220239bed369a4dc4d83,
出让公告,晋中市规划和自然资源局国有建设用地使用权挂牌出让公告国有建设用地使用权挂牌出让公告晋中...,2019-03-05,晋中市规划和自然资源局,晋中自然告字[2019]2号,JZGT2019T13,大学街以北、中都北路以东,2064.25,,,城镇单一住宅用地,70,≥1.5且≤2.6,,,≥-10且≤75,,953,,2019年3月6日9时至2019年4月2日16时30分,2019年3月26日9时,2019年4月4日16时,2019年4月2日16时30分,晋中市榆次区定阳路500号晋中市民之家,张晋泽,18303545200,2020-05-15,http://zrzyt.shanxi.gov.cn/zwgk/zwgkjbml/tdgl_836/crgg/201903/t20190305_84961.shtml,8e040fe99e22da4115c492cc551aa96d,
出让公告,晋中市规划和自然资源局国有建设用地使用权挂牌出让公告国有建设用地使用权挂牌出让公告晋中...,2019-03-05,晋中市规划和自然资源局,晋中自然告字[2019]2号,JZGT2019T12,中都路东侧、纬五街北侧,77.92,,,商业用地,40,≥2.0且≤3.9,,,≥-10且≤75,,46,,2019年3月6日9时至2019年4月2日16时30分,2019年3月26日9时,2019年4月4日16时,2019年4月2日16时30分,晋中市榆次区定阳路500号晋中市民之家,张晋泽,18303545200,2020-05-15,http://zrzyt.shanxi.gov.cn/zwgk/zwgkjbml/tdgl_836/crgg/201903/t20190305_84961.shtml,8e040fe99e22da4115c492cc551aa96d,
出让公告,晋中市规划和自然资源局国有建设用地使用权挂牌出让公告国有建设用地使用权挂牌出让公告晋中...,2019-03-05,晋中市规划和自然资源局,晋中自然告字[2019]2号,JZGT2019T06,蕴华街北侧、锦纶路以东,3060.28,,,商业用地,40,≥1.0且≤2.1,,,≥-10且≤40,,1872,,2019年3月6日9时至2019年4月2日16时30分,2019年3月26日9时,2019年4月4日16时,2019年4月2日16时30分,晋中市榆次区定阳路500号晋中市民之家,张晋泽,18303545200,2020-05-15,http://zrzyt.shanxi.gov.cn/zwgk/zwgkjbml/tdgl_836/crgg/201903/t20190305_84961.shtml,8e040fe99e22da4115c492cc551aa96d,
出让公告,晋中市国土资源局开发区土地分局国有土地使用权挂牌出让公告2019年2号,2019-04-01,晋中市规划和自然资源局,晋中开土告字（2019）2号,GK2019-1号,晋中开发区迎宾西街南侧、中鼎物流园中盛路西侧,3333.62平方米（合5.0004亩）,,,加油站用地,40年,不大于0.5,不大于40％,不小于15％,尺寸控制在-10米―20米之间,1030万元,1030万元,10万元,2019年4月21日8时至2019年4月28日10时,2019年4月21日8时,2019年4月30日10时,2018年4月28日10时,晋中开发区土地事务中心（开发区办公楼北607房间）,,0354-3368707,2020-05-15,http://zrzyt.shanxi.gov.cn/zwgk/zwgkjbml/tdgl_836/crgg/201904/t20190403_88852.shtml,4e6a78f6e7a1238042603c4a25c11c9f,
出让公告,晋中市国土资源局开发区土地分局国有土地使用权挂牌出让公告,2018-08-20,山西省自然资源厅,,GK2018-16号,示范区晋中开发区广安街南侧、魏榆路西侧,53996.22平方米（合80.9943亩）,,,商住混合用地,商服40年，住宅70年,介于1.0与3.5之间,介于15％与26％之间,不少于35％,尺寸控制在-10米―100米之间,21060万元,21060万元,200万元,2018年9月10日8时至2018年9月19日10时,2018年9月10日8时,2018年9月21日10时,2018年9月19日10时,晋中开发区土地事务中心（开发区办公楼北602房间）,,0354-3368707,2020-05-15,http://zrzyt.shanxi.gov.cn/zwgk/zwgkjbml/tdgl_836/crgg/201808/t20180820_79254.shtml,37852e0fccde2d356cc0ee8ab57f856c,
出让公告,晋中市国土资源局开发区土地分局国有土地使用权挂牌出让公告3号,2019-04-03,晋中市规划和自然资源局,晋中开土告字（2019）3号,GK2018-33号,潇河产业园晋中起步区兴隆北街南侧、榆次修文粮食仓库西侧,87421.29平方米（合131.1319亩）,,,工业用地,50年,介于1.0与2.0之间,介于35%与50%,介于15%与20%之间,尺寸控制在-10米―45米之间,3515万元,3515万元,10万元,2019年4月23日8时至2019年4月30日10时,2019年4月23日8时,2019年5月6日10时,2019年4月30日10时,晋中开发区土地事务中心（开发区办公楼北607房间）,,0354-3368707,2020-05-15,http://zrzyt.shanxi.gov.cn/zwgk/zwgkjbml/tdgl_836/crgg/201904/t20190404_88878.shtml,d91dfac5bb18713b048d175a6444dfac,
出让公告,晋中市国土资源局开发区土地分局国有土地使用权挂牌出让公告3号,2019-04-03,晋中市规划和自然资源局,晋中开土告字（2019）3号,GK2018-34号,新能源汽车园区文华街南侧、兴园路西侧,142686.69平方米（合214.03亩）,,,工业用地,50年,介于0.7与2.0之间,介于40%与70%,介于10%与20%之间,尺寸控制在-10米―60米之间,7805万元,7805万元,10万元,2019年4月23日8时至2019年4月30日10时,2019年4月23日8时,2019年5月6日10时,2019年4月30日10时,晋中开发区土地事务中心（开发区办公楼北607房间）,,0354-3368707,2020-05-15,http://zrzyt.shanxi.gov.cn/zwgk/zwgkjbml/tdgl_836/crgg/201904/t20190404_88878.shtml,d91dfac5bb18713b048d175a6444dfac,
出让公告,晋中市规划和自然资源局国有建设用地使用权挂牌出让公告4号,2019-04-03,晋中市规划和自然资源局,晋中自然告字[2019]4号,JZGT2019T04,府兴路东侧、思凤街北侧,26645.85,,,商业、住宅用地,商业40、住宅70,≥1.0且≤1.6,,,≥-10且≤60,,9933,,2019年4月3日9时至2019年4月30日16时30分,2019年4月23日9时,2019年5月6日16时,2019年4月30日16时30分,晋中市榆次区定阳路500号晋中市民之家,张晋泽,18303545200,2020-05-15,http://zrzyt.shanxi.gov.cn/zwgk/zwgkjbml/tdgl_836/crgg/201904/t20190403_88851.shtml,7ac255e05ca3f25076d2fc5426ac093c,
出让公告,晋中市规划和自然资源局国有建设用地使用权挂牌出让公告4号,2019-04-03,晋中市规划和自然资源局,晋中自然告字[2019]4号,JZGT2019T02,榆次工业园区七号路南侧、环城西路西侧,85146.08,,,商业、住宅用地,商业40、住宅70,≥1.0且≤2.8,,,≥-10且≤90,,24552,,2019年4月3日9时至2019年4月30日16时30分,2019年4月23日9时,2019年5月6日16时,2019年4月30日16时30分,晋中市榆次区定阳路500号晋中市民之家,张晋泽,18303545200,2020-05-15,http://zrzyt.shanxi.gov.cn/zwgk/zwgkjbml/tdgl_836/crgg/201904/t20190403_88851.shtml,7ac255e05ca3f25076d2fc5426ac093c,
出让公告,晋中市规划和自然资源局国有建设用地使用权挂牌出让公告4号,2019-04-03,晋中市规划和自然资源局,晋中自然告字[2019]4号,JZGT2019T01,榆次工业园区七号路南侧、环城西路西侧,20686.92,,,商业、住宅用地,商业40、住宅70,≥1.0且≤2.8,,,≥-10且≤90,,5979,,2019年4月3日9时至2019年4月30日16时30分,2019年4月23日9时,2019年5月6日16时,2019年4月30日16时30分,晋中市榆次区定阳路500号晋中市民之家,张晋泽,18303545200,2020-05-15,http://zrzyt.shanxi.gov.cn/zwgk/zwgkjbml/tdgl_836/crgg/201904/t20190403_88851.shtml,7ac255e05ca3f25076d2fc5426ac093c,
出让公告,晋中市国土资源局开发区土地分局国有建设用地使用权挂牌出让公告4号,2019-04-10,晋中市规划和自然资源局,晋中开土告字（2019）4号,GK2017-8号,晋中开发区广安街南侧、龙田路东侧,29216.38平方米（合43.8246亩）,,,商住混合用地（商服15%、住宅85%）,商服40年，住宅70年,不大于2.0,不大于30％,不小于35％,尺寸控制在-10米―60米之间,17500万元,17500万元,200万元,2019年4月30日8时至2019年5月13日10时,2019年4月30日8时,2019年5月15日10时,2019年5月13日10时,晋中开发区土地事务中心（开发区办公楼北607房间）,,0354-3368707,2020-05-15,http://zrzyt.shanxi.gov.cn/zwgk/zwgkjbml/tdgl_836/crgg/201904/t20190411_92196.shtml,abde621ee164a7f9dba587525d982e01,
出让公告,晋中市国土资源局开发区土地分局国有建设用地使用权挂牌出让公告5号,2019-06-18,晋中市规划和自然资源局,晋中开土告字（2019）5号,GK2019-3号,晋中开发区魏榆路西侧、汇丰街南侧,26667.54平方米（合40.0013亩）,,,科研用地,50年,介于1.0与2.0之间,介于15％与40%之间,不小于35％,尺寸控制在-10米―60米之间,2493万元,2493万元,50万元,2019年7月8日8时至2019年7月17日10时,2019年7月8日8时,2019年7月19日10时,2019年7月17日10时,晋中开发区土地事务中心（开发区办公楼北607房间）,,0354-3368707,2020-05-15,http://zrzyt.shanxi.gov.cn/zwgk/zwgkjbml/tdgl_836/crgg/201906/t20190618_114354.shtml,dfd56a207bcba409828ae9387eee5156,
出让公告,晋中市国土资源局开发区土地分局国有建设用地使用权挂牌出让公告5号,2019-06-18,晋中市规划和自然资源局,晋中开土告字（2019）5号,GK2019-4号,晋中开发区思敬路东侧、汇丰街南侧,52064.4平方米（合78.0966亩）,,,科研用地,50年,介于1.0与2.0之间,介于15％与40%之间,不小于35％,尺寸控制在-10米―60米之间,4858万元,4858万元,50万元,2019年7月8日8时至2019年7月17日10时,2019年7月8日8时,2019年7月19日10时,2019年7月17日10时,晋中开发区土地事务中心（开发区办公楼北607房间）,,0354-3368707,2020-05-15,http://zrzyt.shanxi.gov.cn/zwgk/zwgkjbml/tdgl_836/crgg/201906/t20190618_114354.shtml,dfd56a207bcba409828ae9387eee5156,
出让公告,晋中市国土资源局开发区土地分局国有建设用地使用权挂牌出让公告6号,2019-06-18,晋中市规划和自然资源局,晋中开土告字（2019）6号,GK2019-5号,晋中开发区魏榆路东侧、凤翔街北侧,4027.55平方米（合6.0413亩）,,,加油站用地,40年,不大于0.3,不大于30%,不小于30％,尺寸控制在-10米―20米之间,3020万元,3020万元,50万元,2019年7月8日8时至2019年7月17日10时,2019年7月8日8时,2019年7月19日10时,2019年7月17日10时,晋中开发区土地事务中心（开发区办公楼北607房间）,,0354-3368707,2020-05-15,http://zrzyt.shanxi.gov.cn/zwgk/zwgkjbml/tdgl_836/crgg/201906/t20190618_114355.shtml,24622836a631f592c625219f9bbb4d2b,
出让公告,晋中市国土资源局开发区土地分局国有建设用地使用权挂牌出让公告7号,2019-06-18,晋中市规划和自然资源局,晋中开土告字（2019）7号,GK2019-7号,晋中开发区燃气学校南侧、规划路北侧,13450.54平方米（合20.1758亩）,,,教育用地,50年,不大于1.2,不大于40%,不小于35％,尺寸控制在-11米―40米之间,2058万元,2058万元,50万元,2019年7月8日8时至2019年7月17日10时,2019年7月8日8时,2019年7月19日10时,2019年7月17日10时,晋中开发区土地事务中心（开发区办公楼北607房间）,,0354-3368707,2020-05-15,http://zrzyt.shanxi.gov.cn/zwgk/zwgkjbml/tdgl_836/crgg/201906/t20190618_114356.shtml,b7d3057a689fca01647d55f6cf012d3a,
出让公告,晋中市规划和自然资源局国有建设用地使用权挂牌出让公告2019年7号,2019-06-28,晋中市规划和自然资源局,晋中自然告字[2019]7号,JZGT2019T17,蕴华街以南、汇通路以东,25084.42,,,商业、住宅用地,商业40、住宅70,≥1.0且≤2.8,,,≥-10且≤80,,14784,,2019年6月28日9时至2019年7月25日16时30分,2019年7月18日9时,2019年7月29日16时,2019年7月25日16时30分,晋中市榆次区定阳路500号晋中市民之家,张晋泽,18303545200,2020-05-15,http://zrzyt.shanxi.gov.cn/zwgk/zwgkjbml/tdgl_836/crgg/201906/t20190628_115699.shtml,a3b93d6976309b65b42b7804b53e5e5f,
出让公告,晋中市国土资源局开发区土地分局国有建设用地使用权挂牌出让公告2019年8号,2019-07-02,晋中市规划和自然资源局,晋中开土告字（2019）8号,GK2018-36号,晋中开发区广安东街北侧、吉利路西侧,176631.17平方米（合264.9468亩）,,,工业用地,50年,介于0.7与2.0之间,介于40％与70％之间,介于10％与25％之间,尺寸控制在-10米―60米之间,9785万元,4892.5万元,10万元,2019年7月22日8时至2019年7月31日10时,2019年7月22日8时,2019年8月2日10时,2019年7月31日10时,晋中开发区土地事务中心（开发区办公楼北607房间）,,0354-3368707,2020-05-15,http://zrzyt.shanxi.gov.cn/zwgk/zwgkjbml/tdgl_836/crgg/201907/t20190702_116835.shtml,02068875f2095e544ad5bbe01f686f61,
出让公告,山西转型综合改革示范区土地管理局国有土地使用权挂牌出让公告,2017-07-21,山西省自然资源厅,,XF2016-2 ,东至长治西巷、南至规划路、西至山西军威科技有限公司、北至山西军威科技有限公司 ,3325.38平方米 ,,,商务金融用地 ,40年 ,大于或等于3.5并且小于或等于4 ,小于或等于30 ,大于或等于30 ,小于或等于100 ,3050万元 ,3050万元 ,30万元 ,2017年07月24日至2017年08月18日,2017年08月21日09时00分 ,2017年09月01日15时00分 ,2017年08月30日17时00分,山西转型综合改革示范区学府园区高新街32号高科大厦8503室,邢宗龙,0351-7036399   ,2020-05-15,http://zrzyt.shanxi.gov.cn/zwgk/zwgkjbml/tdgl_836/crgg/201707/t20170721_79225.shtml,102c370dcc06852e67a92fb3205423cf,
出让公告,太原市国土资源局国有土地使用权挂牌转让公告(并国土公转告字[2017]22号),2017-05-12,山西省自然资源厅,,HGZ-1722,,16435.85平方米,,,小学,50年,1.0,绿化率(%)：,土地用途：,,5280万元,5280万元,,,2017年06月01日08时00分,2017年06月15日9时00分,2017年06月13日18时00分,,,0351-3586600 ,2020-05-15,http://zrzyt.shanxi.gov.cn/zwgk/zwgkjbml/tdgl_836/crgg/201705/t20170512_79210.shtml,30e408fee007d6ab040e2390d40b6cec,
出让公告,太原市国土资源局国有土地使用权挂牌转让公告(并国土公转告字[2017]15号),2017-04-13,山西省自然资源厅,,HGZ-1715,万柏林区山西涤纶厂以南以东、千峰北路以西、规划路以北,5648.34平方米,,,居住兼容商业,住宅70年,2.2,30,25,,3130万元,3130万元,,2017年04月28日至2017年05月11日,2017年04月28日08时00分,2017年05月15日09时00分,2017年05月11日18时00分,,,0351-3586600 ,2020-05-15,http://zrzyt.shanxi.gov.cn/zwgk/zwgkjbml/tdgl_836/crgg/201704/t20170413_79197.shtml,48588d060279869d7c80237bbe609f76,
出让公告,太原市国土资源局国有土地使用权挂牌转让公告(并国土公转告字[2017]16号),2017-04-13,山西省自然资源厅,,HGZ-1716,万柏林区山西涤纶厂以南以东、千峰北路以西、河西机械厂以北,4435.24平方米,,,居住兼容商业,住宅70年,3.7,35,25,,3320万元,3320万元,,2017年04月28日至2017年05月11日,2017年04月28日08时00分,2017年05月15日09时30分,2017年05月11日18时00分,,,0351-3586600 ,2020-05-15,http://zrzyt.shanxi.gov.cn/zwgk/zwgkjbml/tdgl_836/crgg/201704/t20170413_79198.shtml,ca75d9f5020bc07743a117309a57103d,
出让公告,太原市国土资源局国有土地使用权挂牌转让公告(并国土公转告字[2017]17号),2017-04-13,山西省自然资源厅,,HGZ-1717,万柏林区规划路以南以北、千峰北路以西、后北屯城改用地以东,4733.98平方米,,,商业,40年,5.6,40,15,,4850万元,4850万元,,2017年04月28日至2017年05月11日,2017年04月28日08时00分,2017年05月15日10时00分,2017年05月11日18时00分,,,0351-3586600 ,2020-05-15,http://zrzyt.shanxi.gov.cn/zwgk/zwgkjbml/tdgl_836/crgg/201704/t20170413_79199.shtml,9d7ce1dbcc4765b7ad16626e02bd0b29,
出让公告,太原市国土资源局国有土地使用权挂牌转让公告(并国土公转告字[2017]18号),2017-04-13,山西省自然资源厅,,HGZ-1718,万柏林区规划路以南以北以西、后北屯城改用地以东,14293.12平方米,,,居住兼容商业,住宅70年,4.0,35,25,,10350万元,10350万元,,2017年04月28日至2017年05月11日,2017年04月28日08时00分,2017年05月15日10时30分,2017年05月11日18时00分,,,0351-3586600 ,2020-05-15,http://zrzyt.shanxi.gov.cn/zwgk/zwgkjbml/tdgl_836/crgg/201704/t20170413_79200.shtml,7b05f2ddfe5a4877c7a4ea293ea1cc89,
出让公告,太原市国土资源局国有土地使用权挂牌转让公告(并国土公转告字[2017]19号),2017-04-13,山西省自然资源厅,,HGZ-1719,万柏林区规划路以南以北以东、工业设备安装公司以西,11545.16平方米,,,居住兼容商业,住宅70年,4.0,35,25,,8360万元,8360万元,,2017年04月28日至2017年05月11日,2017年04月28日08时00分,2017年05月15日11时00分,2017年05月11日18时00分,,,0351-3586600 ,2020-05-15,http://zrzyt.shanxi.gov.cn/zwgk/zwgkjbml/tdgl_836/crgg/201704/t20170413_79201.shtml,4f8fb0fc51a9af22ff7933aa9a388aca,
出让公告,太原市国土资源局国有土地使用权挂牌转让公告(并国土公转告字[2017]20号),2017-04-13,山西省自然资源厅,,HGZ-1720,万柏林区规划路以西、工业设备安装公司以南、后北屯城改用地以东以北,56184.36平方米,,,居住兼容商业,住宅70年,4.1,30,35,,40360万元,40360万元,,2017年04月28日至2017年05月11日,2017年04月28日08时00分,2017年05月15日11时30分,2017年05月11日18时00分,,,0351-3586600 ,2020-05-15,http://zrzyt.shanxi.gov.cn/zwgk/zwgkjbml/tdgl_836/crgg/201704/t20170413_79202.shtml,cbd6e1eaec6b5dc90f54b9c8af81d709,
出让公告,太原市国土资源局国有建设用地使用权挂牌出让公告(并国土公出告字[2017]11号),2017-05-10,山西省自然资源厅,,SG-1712,,6173.46平方米,,,住宅、商业,住宅70年,5.87,35.3,19,,2520万元,2520万元,,,2017年05月25日,2017年06月09日,2017年06月07日18时00分,,,0351-3586600,2020-05-15,http://zrzyt.shanxi.gov.cn/zwgk/zwgkjbml/tdgl_836/crgg/201705/t20170510_79208.shtml,db7f860c6bae35cba0060a5afa8263cc,
出让公告,太原市国土资源局国有土地使用权挂牌转让公告(并国土公转告字[2017]21号),2017-05-10,山西省自然资源厅,,HGZ-1721,,73333.09平方米,,,居住兼容商业,住宅70年,3.3,25,35,,52020万元,52020万元,,,2017年05月31日08时00分,2017年06月14日10时00分,2017年06月12日18时00分,,,0351-3586600 ,2020-05-15,http://zrzyt.shanxi.gov.cn/zwgk/zwgkjbml/tdgl_836/crgg/201705/t20170510_79209.shtml,b47dcfa9e49c1dac0cf819135c20591b,
出让公告,太原市国土资源局国有土地使用权挂牌转让公告(并国土公转告字[2017]23号),2017-05-12,山西省自然资源厅,,HGZ-1723,,11130.74平方米,,,住宅兼容商业、托幼,住宅70年,7.4,46,25,,6090万元,6090万元,,,2017年06月01日08时00分,2017年06月15日9时30分,2017年06月13日18时00分,,,0351-3586600 ,2020-05-15,http://zrzyt.shanxi.gov.cn/zwgk/zwgkjbml/tdgl_836/crgg/201705/t20170512_79211.shtml,e069281a42da08e872415e2d8c1ba3b8,
出让公告,太原市国土资源局国有土地使用权挂牌转让公告(并国土公转告字[2017]24号),2017-05-12,山西省自然资源厅,,HGZ-1724,,25844.62平方米,,,住宅兼容商业,住宅70年,7.0,35,25,,20060万元,20060万元,,,2017年06月01日08时00分,2017年06月15日10时00分,2017年06月13日18时00分,,,0351-3586600 ,2020-05-15,http://zrzyt.shanxi.gov.cn/zwgk/zwgkjbml/tdgl_836/crgg/201705/t20170512_79212.shtml,553cc7b4af7942ec85487f4d14f063a7,
出让公告,太原市国土资源局国有土地使用权挂牌转让公告(并国土公转告字[2017]25号),2017-05-12,山西省自然资源厅,,HGZ-1725,,89628.05平方米,,,居住兼容商业,住宅70年,3.5,20,35,,65490万元,65490万元,,,2017年06月01日08时00分,2017年06月15日10时30分,2017年06月13日18时00分,,,0351-3586600 ,2020-05-15,http://zrzyt.shanxi.gov.cn/zwgk/zwgkjbml/tdgl_836/crgg/201705/t20170512_79213.shtml,2e31ae590755f19b373dcf4e753534cc,
出让公告,太原市国土资源局国有建设用地使用权挂牌转让公告(并国土公转告字[2017]32号),2017-06-09,山西省自然资源厅,,HGZ-1732,位于东峰路以西、规划路以东、以南、以北,79365.74平方米,,,居住兼容商业,住宅70年,3.2,27,30,,25640万元,25640万元,,2017年6月27日至2017年7月7日,2017年6月27日,2017年7月11日,2017年7月7日18时00分,,,0351-3586600,2020-05-15,http://zrzyt.shanxi.gov.cn/zwgk/zwgkjbml/tdgl_836/crgg/201706/t20170609_79215.shtml,cdea2f764a47fd7d0ae0d86efa679b96,
出让公告,太原市国土资源局国有建设用地使用权挂牌转让公告(并国土公转告字[2017]33号),2017-06-09,山西省自然资源厅,,HGZ-1733,位于赵北峰村以南、以西，规划路以东、以北,14003.29平方米,,,小学,50年,1.0,/,/,,3070万元,3070万元,,2017年6月27日至2017年7月7日,2017年6月27日,2017年7月11日,2017年7月7日18时00分,,,0351-3586600,2020-05-15,http://zrzyt.shanxi.gov.cn/zwgk/zwgkjbml/tdgl_836/crgg/201706/t20170609_79216.shtml,81e1ee2d9a9cf1c6c61645e9e2cd01f2,
出让公告,太原市国土资源局国有建设用地使用权挂牌转让公告(并国土公转告字[2017]34号),2017-06-09,山西省自然资源厅,,HGZ-1734,位于东峰路以东，规划路以西、以南、以北,71292.83平方米,,,居住兼容商业,住宅70年,居住兼容商业3.7，托幼1.0.,28,30,,23920万元,23920万元,,2017年6月27日至2017年7月7日,2017年6月27日,2017年7月11日,2017年7月7日18时00分,,,0351-3586600,2020-05-15,http://zrzyt.shanxi.gov.cn/zwgk/zwgkjbml/tdgl_836/crgg/201706/t20170609_79217.shtml,32a40e6ed747c5a462f7348cf16de0ac,
出让公告,太原市国土资源局国有建设用地使用权挂牌转让公告(并国土公转告字[2017]35号),2017-06-09,山西省自然资源厅,,HGZ-1735,位于赵北峰储备用地西北、规划20米路以东,11560.16平方米,,,居住兼容商业,住宅70年,4.9,33,28,,4720万元,4720万元,,2017年6月27日至2017年7月7日,2017年6月27日,2017年7月11日,2017年7月7日18时00分,,,0351-3586600,2020-05-15,http://zrzyt.shanxi.gov.cn/zwgk/zwgkjbml/tdgl_836/crgg/201706/t20170609_79218.shtml,9650ee433953f834a19c3aacaf88606e,
出让公告,太原市国土资源局国有建设用地使用权挂牌转让公告(并国土公转告字[2017]36号),2017-06-09,山西省自然资源厅,,HGZ-1736,位于东峰路以西、南内环东街以北、规划绿化带以东、规划30米路以南,11852.23平方米,,,商业,40年,3.0,32,20,,3950万元,3950万元,,2017年6月27日至2017年7月7日,2017年6月27日,2017年7月11日,2017年7月7日18时00分,,,0351-3586600,2020-05-15,http://zrzyt.shanxi.gov.cn/zwgk/zwgkjbml/tdgl_836/crgg/201706/t20170609_79219.shtml,2c1ee3792a568b1314625f11657d3a76,
出让公告,太原市国土资源局国有建设用地使用权挂牌转让公告(并国土公转告字[2017]37号),2017-06-09,山西省自然资源厅,,HGZ-1737,位于东峰路以东，南内环东街以北、规划20米路以南,9601.06平方米,,,商业,40年,3.0,30,20,,3200万元,3200万元,,2017年6月27日至2017年7月7日,2017年6月27日,2017年7月11日,2017年7月7日18时00分,,,0351-3586600,2020-05-15,http://zrzyt.shanxi.gov.cn/zwgk/zwgkjbml/tdgl_836/crgg/201706/t20170609_79220.shtml,fbe191b196aaec667e2e24820ae823c6,
出让公告,太原市国土资源局国有建设用地使用权挂牌出让公告(并国土公出告字[2017]14号),2017-07-07,山西省自然资源厅,,SG-1715,位于东岗路310号，四至:南至狄村北街 北至太原刚玉五一房地产公司用地 东至建设路 西至太原刚玉五一房地产公司用地,9511.18平方米,,,居住兼容商业,住宅70年,3.5,25,35,,10480万元,10480万元,,2017年7月21日至2017年8月2日,2017年7月21日08时00分,2017年8月4日9时00分,2017年8月2日18时00分,,,0351-3586600,2020-05-15,http://zrzyt.shanxi.gov.cn/zwgk/zwgkjbml/tdgl_836/crgg/201707/t20170707_79222.shtml,12db011dcec5b05f3900c678fb39ebe3,
出让公告,太原市国土资源局国有建设用地使用权挂牌出让公告(并国土公出告字[2017]20号),2017-08-14,山西省自然资源厅,,SG-1720,西山煤电虎峪河南岸，四至：东至省军区教导大队、南至千禧街、北至山西焦煤集团用地、西至规划路,35222.21平方米,,,居住兼容商业,住宅70年商业40年,3.3,20,35,,12800万元,12800万元,,2017年08月31日至2017年09月12日,2017年08月31日,2017年09月14日,2017年09月12日18时00分,,,0351-3586600,2020-05-15,http://zrzyt.shanxi.gov.cn/zwgk/zwgkjbml/tdgl_836/crgg/201708/t20170814_79226.shtml,fd7970dda4cd84c9c3011c42e1d6dfe2,
出让公告,太原市国土资源局国有建设用地使用权网上挂牌出让公告(并国土公出告字[2017]21号),2017-09-06,山西省自然资源厅,,SWG-1721,万柏林区南上庄村，四至：东至旧晋祠路、西至南至北至南上庄村用地,16227.76平方米,,,住宅兼容商业,住宅70年,3.5,20-30,35,,12730万元,12797万元,,,2017年09月06日08时00分,2017年09月20日10时00分,2017年09月18日18时00分,太原市金刚堰路2号太原国土大楼一层,,0351-3586600,2020-05-15,http://zrzyt.shanxi.gov.cn/zwgk/zwgkjbml/tdgl_836/crgg/201709/t20170906_79227.shtml,6353073e6bcef3bf8ccee771918bc77b,
出让公告,太原市国土资源局国有建设用地使用权挂牌出让公告(并国土公出告字[2017]22号),2017-09-06,山西省自然资源厅,,SG-1722,,7646.48平方米,,,居住兼容商业,住宅70年,4.35,30,30,,9540万元,9540万元,,2017年9月7日至2017年9月19日,2017年9月7日08时,2017年9月21日10时,2017年9月19日18时00分,,,0351-3586600,2020-05-15,http://zrzyt.shanxi.gov.cn/zwgk/zwgkjbml/tdgl_836/crgg/201709/t20170906_79228.shtml,65c7736d1a3036b5b1bb7afad8154e73,
出让公告,太原市国土资源局国有建设用地使用权拍卖出让公告(并国土公出告字[2017]23号),2017-09-06,山西省自然资源厅,,SP-1723,位于并州路1号，四至：南至规划路；北至并州饭店；东至并州路；西至并州饭店用地,6719.31平方米,,,商务商业,40年,16.5,50,5,,13000万元,6500万元,,2017年9月14日至2017年9月25日,,,2017年9月25日18时00分,,,0351-3586600,2020-05-15,http://zrzyt.shanxi.gov.cn/zwgk/zwgkjbml/tdgl_836/crgg/201709/t20170906_79229.shtml,0fc3e7226cb7178b6a7b4f26f4e8dbd1,
出让公告,太原市国土资源局国有建设用地使用权挂牌出让公告(并国土公出告字[2017]24号),2017-09-21,山西省自然资源厅,,SG-1724,,20672.34平方米,,,居住兼容商业,住宅70年,3.0,35,30,,18720万元,18720万元,,2017年10月9日至2017年10月19日,2017年10月9日08时00分,2017年10月23日10时00分,2017年10月19日18时00分,,,0351-3586600,2020-05-15,http://zrzyt.shanxi.gov.cn/zwgk/zwgkjbml/tdgl_836/crgg/201709/t20170921_79230.shtml,2cb895496d5bd4d11b114008816b4a30,
出让公告,太原市国土资源局国有建设用地使用权挂牌出让公告(并国土公出告字[2017] 25号),2017-10-09,山西省自然资源厅,,SG-1725,,204.99平方米,,,居住兼容商业,住宅70年,3.5,35,25,,120万元,120万元,,2017年10月13日至2017年10月25日,2017年10月13日08时00分,2017年10月27日9时00分,2017年10月25日18时00分,,,0351-3586600,2020-05-15,http://zrzyt.shanxi.gov.cn/zwgk/zwgkjbml/tdgl_836/crgg/201710/t20171009_79231.shtml,66db03d9fd36c1f74851775ef05174bf,
出让公告,太原市国土资源局国有建设用地使用权挂牌出让公告(并国土公出告字[2017] 26 号),2017-10-09,山西省自然资源厅,,SG-1726,,5311.01平方米,,,居住兼容商业,住宅70年,2.5,35,25,,2370万元,2370万元,,2017年10月13日至2017年10月25日,2017年10月13日08时00分,2017年10月27日10时00分,2017年10月25日18时00分,,,0351-3586600,2020-05-15,http://zrzyt.shanxi.gov.cn/zwgk/zwgkjbml/tdgl_836/crgg/201710/t20171009_79232.shtml,9bd8ce1cb66e211b8eda7479c0e6487f,
出让公告,太原市国土资源局国有建设用地使用权挂牌出让公告(并国土公出告字[2017] 27号),2017-10-09,山西省自然资源厅,,SG-1727,,10408.16平方米,,,居住,70年,2.5,35,25,,4470万元,4470万元,,2017年10月13日至2017年10月25日,2017年10月13日08时00分,2017年10月27日11时00分,2017年10月25日18时00分,,,0351-3586600,2020-05-15,http://zrzyt.shanxi.gov.cn/zwgk/zwgkjbml/tdgl_836/crgg/201710/t20171009_79233.shtml,f81b6b39bdeab1b5d77716d9488280d1,
出让公告,太原市国土资源局国有建设用地使用权挂牌出让公告(并国土公出告字[2017]28号),2017-10-09,山西省自然资源厅,,SG-1728,位于迎泽区东岗东巷，四至：北至东岗东巷、东至流沙巷；,12226.14平方米,,,居住兼容商业,住宅70年,5.8,30,33,,17410万元,17410万元,,2017年10月17日至2017年10月27日,2017年10月17日08时,2017年10月31日9时,2017年10月27日18时00分,,,0351-3586600,2020-05-15,http://zrzyt.shanxi.gov.cn/zwgk/zwgkjbml/tdgl_836/crgg/201710/t20171009_79234.shtml,ee4810a04212734b96dda70f18c771b4,
出让公告,太原市国土资源局国有建设用地使用权挂牌出让公告(并国土公出告字[2017]29号),2017-10-09,山西省自然资源厅,,SG-1729,位于迎泽区东岗东巷，四至：北至东岗东巷、东至流沙巷；,10933.19平方米,,,居住兼容商业,住宅70年,5.8,21,38,,15520万元,15520万元,,2017年10月17日至2017年10月27日,2017年10月17日08时,2017年10月31日10时,2017年10月27日18时00分,,,0351-3586600,2020-05-15,http://zrzyt.shanxi.gov.cn/zwgk/zwgkjbml/tdgl_836/crgg/201710/t20171009_79235.shtml,0f96b3c32a892eba91d51e820bb570f4,
出让公告,太原市国土资源局国有建设用地使用权挂牌出让公告(并国土公出告字[2017]30号),2017-10-09,山西省自然资源厅,,SG-1730,位于迎泽区东岗东巷，四至：北至东岗东巷、东至流沙巷；,4862.90平方米,,,居住,70年,3.7,24,30,,5270万元,5270万元,,2017年10月17日至2017年10月27日,2017年10月17日08时,2017年10月31日11时,2017年10月27日18时00分,,,0351-3586600,2020-05-15,http://zrzyt.shanxi.gov.cn/zwgk/zwgkjbml/tdgl_836/crgg/201710/t20171009_79236.shtml,471f7e8e5fbb76658fd85c9620f9308b,
出让公告,太原市国土资源局国有建设用地使用权挂牌出让公告(并国土公出告字[2017]31号),2017-10-09,山西省自然资源厅,,SG-1731,,3699.58平方米,,,商务兼容商业,商业40年,3.0,不大于41,不小于25,,1930万元,1930万元,,2017年10月23日至2017年11月02日,2017年10月23日,2017年11月06日,2017年11月02日18时00分,,,0351-3586600,2020-05-15,http://zrzyt.shanxi.gov.cn/zwgk/zwgkjbml/tdgl_836/crgg/201710/t20171009_79237.shtml,fdca889eb2d16c4a1643543859ed322e,
出让公告,太原市国土资源局国有建设用地使用权挂牌出让公告(并国土公出告字[2017]08号),2017-03-15,山西省自然资源厅,,SG-1709,位于义井街办吴家堡村，东至冶峪河，南、西至山西省汾河水利管路局一坝分局，北至山西吴家堡坤源投资有限公司,390.05平方米,,,住宅,70年,4.0,32,25,,290万元,290万元,,2017年3月29日至2017年4月11日,2017年3月29日08时,2017年4月13日10时,2017年4月11日18时00分,,,0351-3586600,2020-05-15,http://zrzyt.shanxi.gov.cn/zwgk/zwgkjbml/tdgl_836/crgg/201703/t20170315_79180.shtml,da9bfcd20db5a8df3bc0e29915e4ab11,
出让公告,太原市国土资源局国有建设用地使用权挂牌出让公告(并国土公出告字[2016]54号),2016-12-24,山西省自然资源厅,,SG-1660,西山煤电虎峪河南岸，四至：东至煤机路；南至千禧街；北至虎峪河南岸；西至西山老年公寓用地,15818.31平方米,,,住宅,70年,2.0-3.5,20,35,,5940万元,5940万元,,,2017年01月13日,2017年01月25日,2017年01月23日18时00分,,,0351-3586600,2020-05-15,http://zrzyt.shanxi.gov.cn/zwgk/zwgkjbml/tdgl_836/crgg/201612/t20161224_79166.shtml,a23c2e2fa4a2fb8eb0e32e15a74b4763,
出让公告,太原市国土资源局国有建设用地使用权挂牌转让公告(并国土公转告字[2016]40号),2016-12-30,山西省自然资源厅,,HGZ-1639,位于晋源区长兴南街以北、和平南路以东、排洪渠以南,10229.73平方米,,,商业,40年,5.0,40,25,,12760万元,12760万元,,2017年1月16日至2017年1月24日,2017年1月16日,2017年1月26日,2017年1月24日18时00分,,,,2020-05-15,http://zrzyt.shanxi.gov.cn/zwgk/zwgkjbml/tdgl_836/crgg/201612/t20161230_79167.shtml,f0fb10a0353e837769f1c6146af9cb58,
出让公告,太原市国土资源局国有建设用地使用权挂牌转让公告(并国土公转告字[2016]37号),2016-12-30,山西省自然资源厅,,HGZ-1636,位于晋源区长兴南街以北、西中环以东、和平南路以西,17222.49平方米,,,商业,40年,4.6,50,15,,20650万元,20650万元,,2017年1月16日至2017年1月24日,2017年1月16日,2017年1月26日,2017年1月24日18时00分,,,0351-3586600,2020-05-15,http://zrzyt.shanxi.gov.cn/zwgk/zwgkjbml/tdgl_836/crgg/201612/t20161230_79168.shtml,8ece50ea4e006560571b85df68e51201,
出让公告,太原市国土资源局国有建设用地使用权挂牌转让公告(并国土公转告字[2016]38号),2016-12-30,山西省自然资源厅,,HGZ-1637,位于晋源区长兴南街以北、西中环以东、和平南路以西,10000.76平方米,,,小学,50,1.0,30,35,,4450万元,4450万元,,2017年1月16日至2017年1月24日,2017年1月16日,2017年1月26日,2017年1月24日18时00分,,,0351-3586600,2020-05-15,http://zrzyt.shanxi.gov.cn/zwgk/zwgkjbml/tdgl_836/crgg/201612/t20161230_79169.shtml,6a38ef23d6bc891f62e93aed3daa2c7d,
出让公告,太原市国土资源局国有建设用地使用权挂牌转让公告(并国土公转告字[2016]39号),2016-12-30,山西省自然资源厅,,HGZ-1638,位于晋源区长兴北街以北、西中环以西,42532.30平方米,,,居住兼容商业、配建托幼,住宅70年,5.0,35,25,,39280万元,39280万元,,2017年01月16日至2017年01月24日,2017年01月16日,2017年01月26日,2017年01月24日18时00分,,,0351-3586600,2020-05-15,http://zrzyt.shanxi.gov.cn/zwgk/zwgkjbml/tdgl_836/crgg/201612/t20161230_79170.shtml,70af4f4de9d96a8b31612dce69d115a8,
出让公告,太原市国土资源局国有建设用地使用权挂牌转让公告(并国土公转告字[2017]01号),2017-01-05,山西省自然资源厅,,HGZ-1701,位于晋源区西峪河以南、南中环西街以北、规划路以东以南,13660.43平方米,,,居住兼容商业,住宅70年商业40年,3.01,30,25,,9460万元,9460万元,,2017年1月26日至2017年2月13日,2017年1月26日,2017年2月15日,2017年2月13日18时00分,,,0351-3586600,2020-05-15,http://zrzyt.shanxi.gov.cn/zwgk/zwgkjbml/tdgl_836/crgg/201701/t20170105_79171.shtml,6b34da098106f207ccbe29ebfdb40d34,
出让公告,太原市国土资源局国有建设用地使用权拍卖出让公告(并国土公出告字[2017]01号),2017-01-25,山西省自然资源厅,,SP-1701,东至水峪村界、北至松庄村，西至松庄村，南至居民小区,22077.2,,,住宅,住宅70年,2.6-3.0,25,35,,6890万元,6890万元,,,,,2017年02月13日18时00分,,,0351-3586600,2020-05-15,http://zrzyt.shanxi.gov.cn/zwgk/zwgkjbml/tdgl_836/crgg/201701/t20170125_79173.shtml,fb0190ae22787d352634c2c6d62cbae1,
出让公告,太原市国土资源局国有建设用地使用权拍卖出让公告(并国土公出告字[2017]01号),2017-01-25,山西省自然资源厅,,SP-1702,,2393.4平方米,,,居住兼容商业,住宅70年,2.0-3.72,25,35,,1720万元,1720万元,,,,,2017年02月13日18时00分,,,0351-3586600,2020-05-15,http://zrzyt.shanxi.gov.cn/zwgk/zwgkjbml/tdgl_836/crgg/201701/t20170125_79173.shtml,fb0190ae22787d352634c2c6d62cbae1,
出让公告,太原市国土资源局国有建设用地使用权挂牌出让公告(并国土公出告字[2017]02号),2017-01-25,山西省自然资源厅,,SG-1703,位于晋阳街28号，东至日神集团，西至山西日神用地，南至大吴村，北至日神集团,64979.91平方米,,,居住兼容商业,住宅70年,2.6,25,35,,39070万元,39070万元,,2017年2月14日至2017年2月24日,2017年2月14日08时00分,2017年2月28日9时00分,2017年2月24日18时00分,,,0351-3586600,2020-05-15,http://zrzyt.shanxi.gov.cn/zwgk/zwgkjbml/tdgl_836/crgg/201701/t20170125_79174.shtml,42e30caf197bafe11ea1694daa06ae03,
出让公告,太原市国土资源局国有建设用地使用权挂牌出让公告(并国土公出告字[2017]03号),2017-01-25,山西省自然资源厅,,SG-1704,位于晋阳街28号，东至北营街办，西至日神公司，南至大吴村，北至市资产经营公司,40089.71平方米,,,居住兼容商业,住宅70年,2.28,27.2,35,,23890万元,23890万元,,2017年2月14日至2017年2月24日,2017年2月14日08时00分,2017年2月28日10时00分,2017年2月24日18时00分,,,0351-3586600,2020-05-15,http://zrzyt.shanxi.gov.cn/zwgk/zwgkjbml/tdgl_836/crgg/201701/t20170125_79175.shtml,cba3a210435c30bda318afb2feefe152,
出让公告,太原市国土资源局国有建设用地使用权挂牌出让公告(并国土公出告字[2017]04号),2017-01-25,山西省自然资源厅,,SG-1705,位于晋阳街80号，东至深圳日神实业公司，西至山针路，南至荣军北街，北至规划路,42018.49平方米,,,居住兼容商业,住宅70年,2.6,21,35,,24840万元,24840万元,,2017年2月14日至2017年2月24日,2017年2月14日08时00分,2017年2月28日11时00分,2017年2月24日18时00分,,,0351-3586600,2020-05-15,http://zrzyt.shanxi.gov.cn/zwgk/zwgkjbml/tdgl_836/crgg/201701/t20170125_79176.shtml,9c820fb4a7bf7b88979bf40a1b658aa7,
出让公告,太原市国土资源局国有建设用地使用权拍卖出让公告并国土公出告字[2017] 05 号),2017-02-13,山西省自然资源厅,,SP-1706,位于滨河西路以西，东至滨河西路、南至健康南街、西至健康西街，北至健康北街,23889.64平方米,,,体育用地,40年,5.0,38,22,,14340万元,14340万元,,,,,2017年02月27日18时00分,,,0351-3586600,2020-05-15,http://zrzyt.shanxi.gov.cn/zwgk/zwgkjbml/tdgl_836/crgg/201702/t20170213_79177.shtml,df95216a6c0289c0b836dd23a6dbe52b,
出让公告,太原市国土资源局国有建设用地使用权拍卖出让公告(并国土公出告字[2017] 06 号),2017-02-23,山西省自然资源厅,,SP-1707,,19985.93平方米,,,商业,40年,1.6-2.0,32-40,25,,13110万元,13110万元,,,,,2017年3月13日18时00分,,,0351-3586600,2020-05-15,http://zrzyt.shanxi.gov.cn/zwgk/zwgkjbml/tdgl_836/crgg/201702/t20170223_79178.shtml,a5431e9e19eb1ffb4ceff96a2df1f37e,
出让公告,太原市国土资源局国有建设用地使用权挂牌出让公告(并国土公出告字[2017]07号),2017-03-15,山西省自然资源厅,,SG-1708,位于义井街办吴家堡村，东至山西省汾河水利管理局一坝分局，南、西至冶峪河，北至山西吴家堡坤源投资有限公司,2381.18平方米,,,住宅,70年,4.0,32,25,,1740万元,1740万元,,2017年3月29日至2017年4月11日,2017年3月29日08时,2017年4月13日9时,2017年4月11日18时00分,,,0351-3586600,2020-05-15,http://zrzyt.shanxi.gov.cn/zwgk/zwgkjbml/tdgl_836/crgg/201703/t20170315_79179.shtml,6c03c5707444d21f33b507ee362e1513,
出让公告,太原市国土资源局国有建设用地使用权挂牌出让公告(并国土公出告字[2017]09号),2017-03-15,山西省自然资源厅,,SG-1710,迎泽区马庄村，西至东峰路、北至东至南至规划路,48902.47平方米,,,居住兼容商业,住宅70年,4.0,33,25,,17690万元,17690万元,,2017年4月5日至2017年4月17日,2017年4月5日08时00分,2017年4月19日10时00分,2017年4月17日18时00分,,,0351-3586600,2020-05-15,http://zrzyt.shanxi.gov.cn/zwgk/zwgkjbml/tdgl_836/crgg/201703/t20170315_79181.shtml,85266f74bd20965d04a4aaf042c82bc7,
出让公告,太原市国土资源局国有建设用地使用权挂牌转让公告(并国土公转告字[2017]02号),2017-03-17,山西省自然资源厅,,HGZ-1702,位于晋源区武家庄村，太原化学工业集团有限公司以东、规划路以南、南中环西街以北,35799.99平方米,,,住宅兼容商业,住宅70年商业40年,4.47,30,25,,34570万元,34570万元,,2017年4月6日至2017年4月18日,2017年4月6日,2017年4月20日,2017年4月18日18时00分,,,,2020-05-15,http://zrzyt.shanxi.gov.cn/zwgk/zwgkjbml/tdgl_836/crgg/201703/t20170317_79182.shtml,2819e5389b8cb2be2287a3d3747437ec,
出让公告,太原市国土资源局国有建设用地使用权挂牌转让公告(并国土公转告字[2017]03号),2017-03-17,山西省自然资源厅,,HGZ-1703,位于晋源区武家庄村，太原圣湖贸易有限公司用地以南，规划路以东、以西，冶峪北街以北,23761.84平方米,,,住宅兼容商业,住宅70年商业40年,4.17,25,25,,19190万元,19190万元,,2017年4月6日至2017年4月18日,2017年4月6日,2017年4月20日,2017年4月18日18时00分,,,0351-3586600,2020-05-15,http://zrzyt.shanxi.gov.cn/zwgk/zwgkjbml/tdgl_836/crgg/201703/t20170317_79183.shtml,d63377ad9d90a5a4cb22de098bd288a6,
出让公告,太原市国土资源局国有建设用地使用权挂牌转让公告(并国土公转告字[2017]04号),2017-03-17,山西省自然资源厅,,HGZ-1704,位于晋源区武家庄村，规划路以东、以西、以北，南中环西街以南,94702.32平方米,,,住宅兼容商业,住宅70年商业40年,4.09,30,25,,73250万元,73250万元,,2017年4月6日至2017年4月18日,2017年4月6日,2017年4月20日,2017年4月18日18时00分,,,0351-3586600,2020-05-15,http://zrzyt.shanxi.gov.cn/zwgk/zwgkjbml/tdgl_836/crgg/201703/t20170317_79184.shtml,9d5b42c0c5bcb539429469dd96d2e00a,
出让公告,太原市国土资源局国有建设用地使用权挂牌转让公告(并国土公转告字[2017]05号),2017-03-17,山西省自然资源厅,,HGZ-1705,位于晋源区武家庄村，规划路以东、以西，南中环西街以南、太原圣湖贸易有限公司用地以北,46321.57平方米,,,商业,40年,5.19,45,15,,59000万元,59000万元,,2017年4月6日至2017年4月18日,2017年4月6日,2017年4月20日,2017年4月18日18时00分,,,0351-3586600,2020-05-15,http://zrzyt.shanxi.gov.cn/zwgk/zwgkjbml/tdgl_836/crgg/201703/t20170317_79185.shtml,347e1f98c9e74b2fbbd486dca972d0a9,
出让公告,太原市国土资源局国有土地使用权挂牌转让公告(并国土公转告字[2017]06号),2017-04-01,山西省自然资源厅,,HGZ-1706,万柏林区闫家沟社区以西、市煤运公司宿舍以东、西矿街以南、闫家沟社区以北,5566.6平方米,,,商业,40年,5.46,48.42,3.64,,4410万元,4410万元,,2017年04月19日至2017年05月02日,2017年04月19日08时00分,2017年05月04日10时00分,2017年05月02日18时00分,,,0351-3586600 ,2020-05-15,http://zrzyt.shanxi.gov.cn/zwgk/zwgkjbml/tdgl_836/crgg/201704/t20170401_79186.shtml,40eb480f8aa38fc288d7efa3e5adfd2e,
出让公告,太原市国土资源局国有建设用地使用权挂牌出让公告(并国土公出告字[2017]10号),2017-04-06,山西省自然资源厅,,SG-1711,万柏林区东社村，西至规划绿地、北至南至太原国投房地产开发有限公司用地、东至规划路；,10594.14平方米,,,居住兼容商业,住宅70年商业40年,4.0,30,28,,5580万元,5580万元,,2017年04月24日至2017年05月05日,2017年04月24日,2016年05月09日,2017年05月05日18时00分,,,0351-3586600,2020-05-15,http://zrzyt.shanxi.gov.cn/zwgk/zwgkjbml/tdgl_836/crgg/201704/t20170406_79187.shtml,05d5d4ab765d923935f17c235dda813a,
出让公告,太原市国土资源局国有建设用地使用权挂牌转让公告(并国土公转告字[2017]07号),2017-04-06,山西省自然资源厅,,HGZ-1707,位于晋源区南中环西街以南、西干渠以西、南屯路以东,23333.8平方米,,,居住兼容商业,住宅70年,4.8,26,25,,19290万元,19290万元,,2017年04月24日至2017年05月05日,2017年04月24日,2017年05月09日,2017年05月05日18时00分,,,0351-3586600,2020-05-15,http://zrzyt.shanxi.gov.cn/zwgk/zwgkjbml/tdgl_836/crgg/201704/t20170406_79188.shtml,1c8a2be1de381ccfdd9605e69263f484,
出让公告,太原市国土资源局国有土地使用权挂牌转让公告(并国土公转告字[2017]08号),2017-04-06,山西省自然资源厅,,HGZ-1708,,16435.85平方米,,,小学,50年,1.0,绿化率(%)：,土地用途：,,5280万元,5280万元,,2017年04月24日至2017年05月05日,2017年04月24日08时00分,2017年05月09日9时00分,2017年05月05日18时00分,,,0351-3586600 ,2020-05-15,http://zrzyt.shanxi.gov.cn/zwgk/zwgkjbml/tdgl_836/crgg/201704/t20170406_79189.shtml,a052c198215618b480253d33ec1d1b03,
出让公告,太原市国土资源局国有土地使用权挂牌转让公告(并国土公转告字[2017]09号),2017-04-06,山西省自然资源厅,,HGZ-1709,,11130.74平方米,,,住宅兼容商业、托幼,住宅70年,7.4,46,25,,6090万元,6090万元,,2017年04月24日至2017年05月05日,2017年04月24日08时00分,2017年05月09日9时30分,2017年05月05日18时00分,,,0351-3586600 ,2020-05-15,http://zrzyt.shanxi.gov.cn/zwgk/zwgkjbml/tdgl_836/crgg/201704/t20170406_79190.shtml,2864b039ae2ea68eec6ad289a4ff3be1,
出让公告,太原市国土资源局国有土地使用权挂牌转让公告(并国土公转告字[2017]10号),2017-04-06,山西省自然资源厅,,HGZ-1710,,15309.59平方米,,,住宅兼容商业,住宅70年,6.6,35,25,,11200万元,11200万元,,2017年04月24日至2017年05月05日,2017年04月24日08时00分,2017年05月09日10时00分,2017年05月05日18时00分,,,0351-3586600 ,2020-05-15,http://zrzyt.shanxi.gov.cn/zwgk/zwgkjbml/tdgl_836/crgg/201704/t20170406_79191.shtml,060683006d99c7cf607932e1a6524d42,
出让公告,太原市国土资源局国有土地使用权挂牌转让公告(并国土公转告字[2017]11号),2017-04-06,山西省自然资源厅,,HGZ-1711,,25844.62平方米,,,住宅兼容商业,住宅70年,7.0,35,25,,20060万元,20060万元,,2017年04月24日至2017年05月05日,2017年04月24日08时00分,2017年05月09日10时30分,2017年05月05日18时00分,,,0351-3586600 ,2020-05-15,http://zrzyt.shanxi.gov.cn/zwgk/zwgkjbml/tdgl_836/crgg/201704/t20170406_79192.shtml,0eaf03e9e3b56d13236840606ba69d07,
出让公告,太原市国土资源局国有土地使用权挂牌转让公告(并国土公转告字[2017]12号),2017-04-06,山西省自然资源厅,,HGZ-1712,,9551.84平方米,,,住宅,70年,5.5,28,25,,6140万元,6140万元,,2017年04月24日至2017年05月05日,2017年04月24日08时00分,2017年05月09日11时00分,2017年05月05日18时00分,,,0351-3586600 ,2020-05-15,http://zrzyt.shanxi.gov.cn/zwgk/zwgkjbml/tdgl_836/crgg/201704/t20170406_79193.shtml,6b1efb9c69c4be38750a5afdb6eae927,
出让公告,太原市国土资源局国有土地使用权挂牌转让公告(并国土公转告字[2017]13号),2017-04-06,山西省自然资源厅,,HGZ-1713,,10598.25平方米,,,住宅,70年,6.0,28,25,,7140万元,7140万元,,2017年04月24日至2017年05月05日,2017年04月24日08时00分,2017年05月09日11时30分,2017年05月05日18时00分,,,0351-3586600 ,2020-05-15,http://zrzyt.shanxi.gov.cn/zwgk/zwgkjbml/tdgl_836/crgg/201704/t20170406_79194.shtml,4c754de4c81e5f3f85c57ef06a780372,
出让公告,太原市国土资源局国有土地使用权挂牌转让公告(并国土公转告字[2017]14号),2017-04-06,山西省自然资源厅,,HGZ-1714,,14523.94平方米,,,住宅兼容商业,住宅70年,4.1,28,25,,7960万元,7960万元,,2017年04月24日至2017年05月05日,2017年04月24日08时00分,2017年05月09日12时00分,2017年05月05日18时00分,,,0351-3586600 ,2020-05-15,http://zrzyt.shanxi.gov.cn/zwgk/zwgkjbml/tdgl_836/crgg/201704/t20170406_79195.shtml,5b1094acfeddbe4daf80bd4b56c15eae,
出让公告,太原市国土资源局国有土地使用权挂牌转让公告(并国土公转告字[2016] 33号),2016-11-24,山西省自然资源厅,,HGZ-1632,,11988.87平方米,,,居住兼容商业,住宅70年,4.0,32,25,,9200万元,9200万元,,2016年12月16日至2016年12月28日,,,2016年12月28日18时00分,,,0351-3586600,2020-05-15,http://zrzyt.shanxi.gov.cn/zwgk/zwgkjbml/tdgl_836/crgg/201611/t20161124_79151.shtml,80257e6a09ddb01724c05eb1cfaa21e0,
出让公告,太原市国土资源局国有建设用地使用权挂牌出让公告(并国土公出告字[2016]53号),2016-12-24,山西省自然资源厅,,SG-1659,尖草坪区三给片区内，四至为：西至西干渠、北至三给街,32246.13平方米,,,住宅兼容商业,住宅70年,4.0,30,25,,16980万元,16980万元,,2017年01月13日至2017年01月23日,2017年01月13日,2017年01月25日,2017年01月23日18时00分,,,0351-3586600,2020-05-15,http://zrzyt.shanxi.gov.cn/zwgk/zwgkjbml/tdgl_836/crgg/201612/t20161224_79165.shtml,530bc7fb9220b8ba0e881fc6f2294b1b,
出让公告,太原市国土资源局国有建设用地使用权挂牌出让公告(并国土公出告字[2016]39号),2016-11-08,山西省自然资源厅,,SG-1640,万柏林区黄坡村、寨沟村长风城郊森林公园内,80174.49平方米,,,居住兼容商业,住宅70年,1.05,25,40,,10230万元,10230万元,,2016年11月21日至2016年12月01日,2016年11月21日,2016年12月05日,2016年12月01日18时00分,,,0351-3586600,2020-05-15,http://zrzyt.shanxi.gov.cn/zwgk/zwgkjbml/tdgl_836/crgg/201611/t20161108_79135.shtml,7e26b3e1e8518f3e839e018742bc2697,
出让公告,太原市国土资源局国有建设用地使用权挂牌出让公告(并国土公出告字[2016]40号),2016-11-08,山西省自然资源厅,,SG-1641,万柏林区黄坡村、寨沟村长风城郊森林公园内,40799.46平方米,,,住宅,70年,1.05,25,40,,5210万元,5210万元,,2016年11月21日至2016年12月01日,2016年11月21日,2016年12月05日,2016年12月01日18时00分,,,0351-3586600,2020-05-15,http://zrzyt.shanxi.gov.cn/zwgk/zwgkjbml/tdgl_836/crgg/201611/t20161108_79136.shtml,ae0c1a3780282f265b91cb887be46812,
出让公告,太原市国土资源局国有建设用地使用权挂牌出让公告(并国土公出告字[2016]41号),2016-11-08,山西省自然资源厅,,SG-1642,万柏林区黄坡村、寨沟村长风城郊森林公园内,59986.8平方米,,,住宅,70年,1.05,25,40,,7650万元,7650万元,,2016年11月21日至2016年12月01日,2016年11月21日,2016年12月05日,2016年12月01日18时00分,,,0351-3586600,2020-05-15,http://zrzyt.shanxi.gov.cn/zwgk/zwgkjbml/tdgl_836/crgg/201611/t20161108_79137.shtml,e346e0f2248bc6f131fb70fc5b9b3e3d,
出让公告,太原市国土资源局国有建设用地使用权挂牌出让公告(并国土公出告字[2016]42号),2016-11-08,山西省自然资源厅,,SG-1643,万柏林区西峪煤矿以东、以北，万亩生态园以南，西北环高速公路以西,6721.95平方米,,,商业,商业40年,1.5,45,30,,860万元,860万元,,2016年11月21日至2016年12月01日,2016年11月21日,2016年12月05日,2016年12月01日18时00分,,,0351-3586600,2020-05-15,http://zrzyt.shanxi.gov.cn/zwgk/zwgkjbml/tdgl_836/crgg/201611/t20161108_79138.shtml,0cde5aca41a1d6a57d242ac83025ac94,
出让公告,太原市国土资源局国有建设用地使用权挂牌出让公告(并国土公出告字[2016]43号),2016-11-08,山西省自然资源厅,,SG-1644,万柏林区西峪煤矿以东、以北，万亩生态园以南，西北环高速公路以西,8938.55平方米,,,商业,商业40年,1.5,45,30,,1140万元,1140万元,,2016年11月21日至2016年12月01日,2016年11月21日,2016年12月05日,2016年12月01日18时00分,,,0351-3586600,2020-05-15,http://zrzyt.shanxi.gov.cn/zwgk/zwgkjbml/tdgl_836/crgg/201611/t20161108_79139.shtml,f3f916154bc63559f70bd80b8e22ae15,
出让公告,太原市国土资源局国有建设用地使用权挂牌出让公告(并国土公出告字[2016]44号),2016-11-08,山西省自然资源厅,,SG-1645,万柏林区西峪煤矿以东、以北，万亩生态园以南，西北环高速公路以西,584.14平方米,,,商业,商业40年,1.5,40,35,,75万元,75万元,,2016年11月21日至2016年12月01日,2016年11月21日,2016年12月05日,2016年12月01日18时00分,,,0351-3586600,2020-05-15,http://zrzyt.shanxi.gov.cn/zwgk/zwgkjbml/tdgl_836/crgg/201611/t20161108_79140.shtml,83b0da3808346d3a396705970140e3bd,
