标题,来源,时间,挂牌时间,土地编号,土地坐落,使用权面积,竞得人,成交价,爬取地址url,唯一标识,
郑州市自然资源和规划局挂牌出让结果公示〔2019年5月14日至2019年5月30日〕,本站,2019-06-05 16:30:47 ,2019年5月14日至2019年5月30日,〔2019〕36号（网）土地,兴隆铺路南、粮食西路西,42538.29平方米,郑州天地新城实业有限公司,44523万元,2020-05-11,http://zzland.zhengzhou.gov.cn/tdcr/1790579.jhtml,ecf94d990158a813d83e035e51a231f0,
郑州市国土资源局挂牌出让结果公示〔2018年9月7日至2018年9月21日〕,本站,2018-09-26 14:29:08 ,2018年9月7日至2018年9月21日,〔2018〕109号（网）土地,辅道南路南、站前大道西,33930.88平方米,郑州融亮春房地产开发有限公司,27376万元,2020-05-11,http://zzland.zhengzhou.gov.cn/tdcr/1739290.jhtml,e8792f5c18c80842d01e1e337d324fa4,
郑州市国土资源局挂牌出让结果公示〔2018年12月24日至2019年1月16日〕,本站,2019-01-18 09:33:51 ,2018年12月24日至2019年1月16日,〔2018〕165号（网）土地,经南十五路以北、经开第十五大街以东,28240.79平方米,河南鸿宝集团有限公司、河南鸿宝置地有限公司,142298万元,2020-05-11,http://zzland.zhengzhou.gov.cn/tdcr/1745908.jhtml,b34c3895db21c2370e71a67bb124c5a3,
郑州市国土资源局挂牌出让结果公示〔2019年1月2日至2019年1月16日〕,本站,2019-01-22 09:34:27 ,2019年1月2日至2019年1月16日,〔2018〕178号（网）土地,二里岗南街北、未来路西,28492.52平方米,河南融创晟元置业有限公司,10352万元,2020-05-11,http://zzland.zhengzhou.gov.cn/tdcr/1745915.jhtml,a44c67e370a2dcdfb88be8dfeab0bab6,
郑州市国土资源局挂牌出让结果公示〔2019年1月8日至2019年1月31日〕,本站,2019-02-01 09:34:58 ,2019年1月8日至2019年1月31日,〔2018〕183号（网）土地,三全路南、园田北路东,64596.08平方米,河南瀚宇天悦城置业有限公司,100775万元,2020-05-11,http://zzland.zhengzhou.gov.cn/tdcr/1745922.jhtml,1111ae22fc1a8c29bea4c9328e27b36a,
郑州市国土资源局挂牌出让结果公示〔2019年1月31日至2019年2月22日〕,本站,2019-02-27 09:26:44 ,,〔2019〕3号（网）土地,科学大道北、金柏路西,109305.29平方米,郑州郑锅电气科技有限公司,64871万元,2020-05-11,http://zzland.zhengzhou.gov.cn/tdcr/1745873.jhtml,667c0aeb3c81cb5821a26962f1e5f12d,
郑州市国土资源局挂牌出让结果公示〔2019年2月11日至2019年2月26日〕,本站,2019-03-05 08:44:12 ,,〔2019〕4号（网）土地,中原西路北辅道北、中州路西,35576.11平方米,郑州华侨城文化旅游开发有限公司,57125万元,2020-05-11,http://zzland.zhengzhou.gov.cn/tdcr/1748218.jhtml,c2889316d5d93ec64d82f529bd22b466,
郑州市国土资源局挂牌出让结果公示〔2019年2月18日至2019年3月11日〕,本站,2019-03-18 08:45:11 ,,〔2019〕10号（网）土地,林荫南路东、同欣路南,34626.81平方米,郑州高屋置业有限公司,31623万元,2020-05-11,http://zzland.zhengzhou.gov.cn/tdcr/1748222.jhtml,5dc7eec40c108bb490936415155008b4,
郑州市国土资源局挂牌出让结果公示〔2019年3月5日至2019年3月29日〕,本站,2019-03-30 14:40:05 ,2019年3月5日至2019年3月29日,〔2019〕15号（网）土地,郑港辅路西、鸿宝路北,48749.36平方米,郑州市二七新区建设投资开发有限公司,106652万元,2020-05-11,http://zzland.zhengzhou.gov.cn/tdcr/1771801.jhtml,fa1ef5e1e09a5d5181baebfaa6c10eb9,
郑州市国土资源局挂牌出让结果公示〔2019年3月21日至2019年4月11日〕,本站,2019-04-13 14:40:46 ,2019年3月21日至2019年4月11日,〔2019〕22号（网）土地,颍河西路南、石羊路东,29662.29平方米,郑州中贯新城置业有限公司,32133万元,2020-05-11,http://zzland.zhengzhou.gov.cn/tdcr/1771808.jhtml,d9a8cea430673ac90fd7d5e293384da2,
郑州市国土资源局挂牌出让结果公示〔2019年3月29日至2019年4月17日〕,本站,2019-04-24 16:29:29 ,2019年3月29日至2019年4月17日,〔2019〕29号（网）土地,郑少高速辅道南、景西一路东,88590.39平方米,河南省天伦乐居置业有限公司,83716万元,2020-05-11,http://zzland.zhengzhou.gov.cn/tdcr/1790565.jhtml,362b274a02c823c1b679771f5f82f73c,
郑州市国土资源局挂牌出让结果公示〔2019年4月9日至2019年4月23日〕,本站,2019-04-30 16:30:12 ,2019年4月9日至2019年4月23日,〔2019〕34号（网）土地,刘湾北路南、兴业路东,30711.58平方米,河南绿地商城置业有限公司,48457万元,2020-05-11,http://zzland.zhengzhou.gov.cn/tdcr/1790575.jhtml,65f1295a3b902dee0821b5997dcbc67e,
郑州市国土资源局挂牌出让结果公示〔2018年9月18日至2018年10月8日〕,本站,2018-10-11 15:14:44 ,2018年9月18日至2018年10月8日,〔2018〕111号（网）土地,丰产路北、政七街西,52192.13平方米,河南大树置业有限公司,112165万元,2020-05-11,http://zzland.zhengzhou.gov.cn/tdcr/1739297.jhtml,2fef545449444a31d452e798acbb3ab1,
郑州市国土资源局挂牌出让结果公示〔2018年9月25日至2018年10月15日〕,本站,2018-10-18 15:15:14 ,2018年9月25日至2018年10月15日,〔2018〕112号（网）土地,十八里河路南、飞达路西,21934.86平方米,河南绿地商城置业有限公司,17862万元,2020-05-11,http://zzland.zhengzhou.gov.cn/tdcr/1739307.jhtml,050e6af338de46784b66e1e52e7c0ce4,
郑州市国土资源局挂牌出让结果公示〔2018年10月3日至2018年10月26日〕,本站,2018-10-31 15:16:05 ,2018年10月3日至2018年10月26日,〔2018〕120号（网）土地,东风路北、信息学院路西,97225.98平方米,郑州市二七城乡更新建设开发有限公司,92122万元,2020-05-11,http://zzland.zhengzhou.gov.cn/tdcr/1739318.jhtml,da982243799e16fd35e61474fff406c3,
郑州市国土资源局挂牌出让结果公示〔2018年10月18日至2018年11月2日〕,本站,2018-11-08 15:16:43 ,2018年10月18日至2018年11月2日,〔2018〕134号（网）土地,站马屯路南、紫荆山南路西,89541.61平方米,河南建业恒新置业有限公司,78815万元,2020-05-11,http://zzland.zhengzhou.gov.cn/tdcr/1739328.jhtml,3fd1dd2c4405074f903af50a3813b2e5,
郑州市国土资源局挂牌出让结果公示〔2018年10月30日至2018年11月23日〕,本站,2018-11-29 09:28:38 ,2018年10月30日至2018年11月23日,〔2018〕137号（网）土地,大学南路东、张魏寨路南,49045.59平方米,郑州华侨城都市置业有限公司,44572万元,2020-05-11,http://zzland.zhengzhou.gov.cn/tdcr/1745880.jhtml,2290fe11a41ad5e61b021b0c2c14c7dc,
郑州市国土资源局挂牌出让结果公示〔2018年11月30日至2018年12月14日〕,本站,2018-12-20 09:29:58 ,2018年11月30日至2018年12月14日,〔2018〕146号（网）土地,书院街南、紫荆山路西,43968.03平方米,郑州商都商业发展有限公司,43695万元,2020-05-11,http://zzland.zhengzhou.gov.cn/tdcr/1745887.jhtml,36122e5f218a926fdf0b891c210fa141,
郑州市国土资源局挂牌出让结果公示〔2018年12月10日至2018年12月21日〕,本站,2018-12-25 09:30:46 ,2018年12月10日至2018年12月21日,〔2018〕147号土地,经南八路以北、经开第二十二大街以西,131806.17平方米,郑州市鸿盛钢友冶金材料有限公司,2080万元,2020-05-11,http://zzland.zhengzhou.gov.cn/tdcr/1745900.jhtml,db508f1a374c72a1a0e9d953522720fb,
郑州市国土资源局挂牌出让结果公示〔2018年12月12日至2018年12月27日〕,本站,2019-01-03 09:31:43 ,2018年12月12日至2018年12月27日,〔2018〕150号（网）土地,杓袁中二街西、杓袁北路南,12109.45平方米,郑州保利亨业房地产开发有限公司,72072万元,2020-05-11,http://zzland.zhengzhou.gov.cn/tdcr/1745901.jhtml,8bad804464529cc6ef01dc2c19147801,
郑州市国土资源局挂牌出让结果公示〔2018年12月17日至2018年12月29日〕,本站,2019-01-08 09:32:49 ,2018年12月17日至2018年12月29日,〔2018〕161号（网）土地,中原西路北辅道北、杭州路西,36894.48平方米,郑州华侨城文化旅游开发有限公司,37811万元,2020-05-11,http://zzland.zhengzhou.gov.cn/tdcr/1745907.jhtml,189f13148399d15b53b7667975b98e71,
郑州市自然资源和规划局挂牌出让结果公示〔2019年6月17日至2019年7月4日〕,本站,2019-07-10 17:40:04 ,2019年6月17日至2019年7月4日,〔2019〕48号（网）土地,泉州路西、文博大道北,55786.23平方米,河南省尚建置业有限公司,63661万元,2020-05-11,http://zzland.zhengzhou.gov.cn/tdcr/1798932.jhtml,cf0094faaa41704857f9c817a5240bce,
郑州市自然资源和规划局挂牌出让结果公示〔2019年6月26日至2019年7月10日〕,本站,2019-07-17 17:40:46 ,2019年6月26日至2019年7月10日,〔2019〕51号（网）土地,鸿宝南路北、鸿中路东,12431.35平方米,河南金汇建设投资股份有限公司,14178万元,2020-05-11,http://zzland.zhengzhou.gov.cn/tdcr/1798933.jhtml,efc6e6b24a41fb4e4b8d82946602a149,
郑州市自然资源和规划局挂牌出让结果公示（2019年8月12日至2019年8月29日）,本站,2019-09-05 10:30:03 ,2019年8月12日至2019年8月29日,〔2019〕60号（网）土地,冉屯北路南、嵩山北路西,30597.13平方米,郑州融亮春房地产开发有限公司,68073万元,2020-05-11,http://zzland.zhengzhou.gov.cn/tdcr/1844685.jhtml,0209f69bec66cf07f17516f4bdb329c0,
郑州市自然资源和规划局挂牌出让结果公示（2019年8月26日至2019年9月9日）,本站,2019-09-18 10:31:40 ,2019年8月26日至2019年9月9日,〔2019〕67号（网）土地,站马屯路南、郑新大道西,44111.96平方米,郑州益通汇泓房地产有限公司,46163万元,2020-05-11,http://zzland.zhengzhou.gov.cn/tdcr/1844689.jhtml,130dc88d0fcd7553518cf16d13b14495,
郑州市自然资源和规划局挂牌出让结果公示（2019年9月19日至2019年10月10日）,本站,2019-10-14 14:57:43 ,2019年9月19日至2019年10月10日,〔2019〕71号（网）土地,经南八北二路以南、经开第十六大街以东,59888.35平方米,郑州保利亨业房地产开发有限公司,77053万元,2020-05-11,http://zzland.zhengzhou.gov.cn/tdcr/1890644.jhtml,970e4bb8937e693906057906b34b7ceb,
郑州市自然资源和规划局挂牌出让结果公示（2019年10月8日至2019年10月21日）,本站,2019-10-24 14:58:45 ,,〔2019〕78号（网）土地,经一路东、明鸿路南,15094.79平方米,河南常绿卓屹置业有限公司,29924万元,2020-05-11,http://zzland.zhengzhou.gov.cn/tdcr/1890647.jhtml,d554d5c02cd0f373934b0946009a3a5e,
郑州市自然资源和规划局挂牌出让结果公示（2019年11月28日至2019年12月20日）,本站,2019-12-24 14:59:28 ,2019年11月28日至2019年12月20日,〔2019〕80号（网）土地,经南十三路以南、经开第十七大街以东,120278.23平方米,河南惠花城乡建设发展有限公司,147604万元,2020-05-11,http://zzland.zhengzhou.gov.cn/tdcr/1890651.jhtml,e42f7f0dff184f6f492be1d44b23d265,
郑州市自然资源和规划局挂牌出让结果公示（2019年12月31日至2020年1月19日）,本站,2020-02-04 13:01:06 ,2019年12月31日至2020年1月19日,〔2019〕91号（网）土地,杓袁中一街西、杓袁北路南,81208.12平方米,郑州市二七城乡更新建设开发有限公司,105142万元,2020-05-11,http://zzland.zhengzhou.gov.cn/tdcr/1902266.jhtml,d237b079bb2171b9797de88a4bed4a15,
郑州市自然资源和规划局挂牌出让结果公示（2020年1月16日至2020年2月17日）,本站,2020-02-21 13:01:57 ,2020年1月16日至2020年2月17日,〔2020〕1号（网）土地,北岗路南、支八路西,28880.66平方米,郑州名兴置业有限公司,42717万元,2020-05-11,http://zzland.zhengzhou.gov.cn/tdcr/1902273.jhtml,1014c829ff4980a92fc98723a579bb8a,
郑州市国土资源局挂牌出让结果公示〔2018年7月11日至2018年7月26日〕,本站,2018-07-28 14:20:05 ,2018年7月11日至2018年7月26日,〔2018〕91号（网）土地,二里岗南街南、未来路西,48705.73平方米,郑州兴和置业有限公司,36715万元,2020-05-11,http://zzland.zhengzhou.gov.cn/tdcr/1739202.jhtml,901d552c0bd96744f1ea8a1b4830ac42,
郑州市国土资源局挂牌出让结果公示〔2018年3月13日至2018年3月26日〕,本站,2018-03-29 09:32:47 ,2018年3月13日至2018年3月26日,〔2018〕34号（网）土地,高铁南路南、青铜西路西,13107.46平方米,郑州昌之盛置业有限公司,13133万元,2020-05-11,http://zzland.zhengzhou.gov.cn/tdcr/1727946.jhtml,aa824731fbd470705c3941b89a5c3a4a,
郑州市国土资源局挂牌出让结果公示〔2018年1月12日至2018年1月25日〕,本站,2018-01-31 09:24:33 ,2018年1月12日至2018年1月25日,〔2017〕98号（网）土地,开元路南、田园路西,14904.46平方米,河南建业恒新置业有限公司,12122万元,2020-05-11,http://zzland.zhengzhou.gov.cn/tdcr/1727910.jhtml,64390ce0c94450e791ddacab9eb96e24,
郑州市国土资源局挂牌出让结果公示〔2018年1月19日至2018年2月1日〕,本站,2018-02-06 09:25:31 ,2018年1月19日至2018年2月1日,〔2017〕100号（网）土地,商城路南、职工路东,30473.85平方米,郑州商都控股集团有限公司,32604万元,2020-05-11,http://zzland.zhengzhou.gov.cn/tdcr/1727911.jhtml,f06236ea0d16df73a08f6a6d60767828,
郑州市国土资源局挂牌出让结果公示〔2018年1月19日至2018年2月1日〕,本站,2018-02-06 09:26:25 ,2018年1月19日至2018年2月1日,〔2017〕105号（网）土地,站马屯路北、霞飞东路西,13650.42平方米,郑州高新碧桂园房地产开发有限公司,10649万元,2020-05-11,http://zzland.zhengzhou.gov.cn/tdcr/1727917.jhtml,a4fe6ee7b985c2f031c95357dca564c5,
郑州市国土资源局挂牌出让结果公示〔2018年1月19日至2018年2月2日〕,本站,2018-02-06 09:27:08 ,2018年1月19日至2018年2月2日,〔2017〕100号（网）土地,金盏街北、西四环辅道西,103815.64平方米,中国石化润滑油有限公司郑州分公司,32604万元,2020-05-11,http://zzland.zhengzhou.gov.cn/tdcr/1727918.jhtml,a8a9bec593f78338cc0295bc65e7b8fa,
郑州市国土资源局挂牌出让结果公示〔2018年2月13日至2018年3月2日〕,本站,2018-03-03 09:28:59 ,2018年2月13日至2018年3月2日,〔2018〕1号土地,雪梅街北、红杉路东,16666.88平方米,郑州捷安高科股份有限公司,1271万元,2020-05-11,http://zzland.zhengzhou.gov.cn/tdcr/1727924.jhtml,55dac3ee56c42937e4d6ec0790651402,
郑州市国土资源局挂牌出让结果公示〔2018年2月22日至2018年3月6日〕,本站,2018-03-07 09:29:35 ,2018年2月22日至2018年3月6日,〔2018〕2号土地,明晖路东、振兴路北,29814.12平方米,郑州丰捷商贸有限公司,2341万元,2020-05-11,http://zzland.zhengzhou.gov.cn/tdcr/1727925.jhtml,096be9f21e31f65be7227aca3d31a511,
郑州市国土资源局挂牌出让结果公示〔2018年2月22日至2018年3月7日〕,本站,2018-03-09 09:30:10 ,2018年2月22日至2018年3月7日,〔2018〕3号（网）土地,金京西环东、祥云大道北,39223.29平方米,河南惠花城乡建设发展有限公司,30273万元,2020-05-11,http://zzland.zhengzhou.gov.cn/tdcr/1727932.jhtml,1a213ac9f1aafc407a8ca49c1664ec8c,
郑州市国土资源局挂牌出让结果公示〔2018年2月27日至2018年3月12日〕,本站,2018-03-15 09:30:53 ,2018年2月27日至2018年3月12日,〔2018〕10号（网）土地,莲花街北、须水河东路东,43107.16平方米,郑州高新实业有限公司,29348万元,2020-05-11,http://zzland.zhengzhou.gov.cn/tdcr/1727938.jhtml,79f071bcf47b87f14617623acc57f065,
郑州市国土资源局挂牌出让结果公示〔2018年3月5日至2018年3月16日〕,本站,2018-03-21 09:31:31 ,2018年3月5日至2018年3月16日,〔2018〕18号（网）土地,国泰北路南、中州大道西,58813.13平方米,河南中之祥置业有限公司,51385万元,2020-05-11,http://zzland.zhengzhou.gov.cn/tdcr/1727939.jhtml,6a44662c466d44faaf4538a3bea63da7,
郑州市国土资源局挂牌出让结果公示〔2018年3月8日至2018年3月21日〕,本站,2018-03-27 09:32:18 ,2018年3月8日至2018年3月21日,〔2018〕26号（网）土地,苏屯路北、清华园路西,46745.14平方米,河南省美景之州地产开发有限公司,32451万元,2020-05-11,http://zzland.zhengzhou.gov.cn/tdcr/1727945.jhtml,40b9b071674946a4127d12989cc415e8,
郑州市国土资源局挂牌出让结果公示〔2018年3月20日至2018年4月2日〕,本站,2018-04-03 09:33:59 ,2018年3月20日至2018年4月2日,〔2018〕42号（网）土地,紫荆山南路东、白桦路南,35181.08平方米,河南鑫苑广晟置业有限公司,40329万元,2020-05-11,http://zzland.zhengzhou.gov.cn/tdcr/1727952.jhtml,128f8ed352d867475e14d3f45cf97262,
郑州市国土资源局挂牌出让结果公示〔2018年3月27日至2018年4月10日〕,本站,2018-04-14 09:35:26 ,2018年3月27日至2018年4月10日,〔2018〕43号（网）土地,泉州路东、金龙路北,38171.73平方米,河南正商华府置业有限公司,26499万元,2020-05-11,http://zzland.zhengzhou.gov.cn/tdcr/1727953.jhtml,ebc0dd0d9708d0d213e6b9944f62db09,
郑州市国土资源局挂牌出让结果公示〔2018年3月28日至2018年4月12日〕,本站,2018-04-19 09:35:55 ,2018年3月28日至2018年4月12日,〔2018〕48号（网）土地,冬青西街南、须水河东路东,45860.42平方米,郑州瑞信房地产开发有限公司,38161万元,2020-05-11,http://zzland.zhengzhou.gov.cn/tdcr/1727960.jhtml,710e8a81bc52168435460cd1dd15d60f,
郑州市国土资源局挂牌出让结果公示〔2018年4月13日至2018年4月27日〕,本站,2018-05-05 09:37:20 ,2018年4月13日至2018年4月27日,〔2018〕53号（网）土地,五龙口南路南、化肥西路东,20909.08平方米,河南鑫苑广晟置业有限公司,22131万元,2020-05-11,http://zzland.zhengzhou.gov.cn/tdcr/1727966.jhtml,fe6aa6f780a2fd5cb5f75004d1f15cf0,
郑州市国土资源局挂牌出让结果公示〔2018年4月20日至2018年5月7日〕,本站,2018-05-11 09:37:54 ,2018年4月20日至2018年5月7日,〔2018〕59号（网）土地,环保北路北、化肥西路西,45534.82平方米,河南鑫苑广晟置业有限公司,48195万元,2020-05-11,http://zzland.zhengzhou.gov.cn/tdcr/1727967.jhtml,67c4169787579029bb89be8322d517ee,
郑州市国土资源局挂牌出让结果公示〔2018年5月24日至2018年6月15日〕,本站,2018-06-19 14:16:38 ,2018年5月24日至2018年6月15日,〔2018〕63号（网）土地,丰产路南、政六街西,76813.62平方米,河南惠昌城乡建设发展有限公司,11963万元,2020-05-11,http://zzland.zhengzhou.gov.cn/tdcr/1739174.jhtml,03d854f10880e44b9625803bd9494a42,
郑州市国土资源局挂牌出让结果公示〔2018年6月8日至2018年6月25日〕,本站,2018-06-29 14:17:00 ,2018年6月8日至2018年6月25日,〔2018〕66号（网）土地,国基路北、黄家庵北路东,52314.14平方米,郑州市金水碧海房地产开发有限公司,38237万元,2020-05-11,http://zzland.zhengzhou.gov.cn/tdcr/1739178.jhtml,5810a0b4058083f61b8101e0264201b0,
郑州市国土资源局挂牌出让结果公示〔2018年6月28日至2018年7月16日〕,本站,2018-07-19 14:19:09 ,2018年6月28日至2018年7月16日,〔2018〕70号（网）土地,滨河路北、天山南路东,56972.98平方米,河南康桥美景房地产开发有限责任公司,109346万元,2020-05-11,http://zzland.zhengzhou.gov.cn/tdcr/1739185.jhtml,45796451833cacb170722004a3b35f25,
郑州市国土资源局挂牌出让结果公示〔2018年7月2日至2018年7月16日〕,本站,2018-07-20 14:19:40 ,2018年7月2日至2018年7月16日,〔2018〕82号（网）土地,郑上南辅道南、爱民东路东,12478.77平方米,河南荣田房地产开发有限公司,16904万元,2020-05-11,http://zzland.zhengzhou.gov.cn/tdcr/1958558.jhtml,6dd7bc99ccf051fe309e184b103fa991,
郑州市国土资源局挂牌出让结果公示〔2018年7月18日至2018年8月1日〕,本站,2018-08-03 14:20:34 ,2018年7月18日至2018年8月1日,〔2018〕93号（网）土地,二里岗南街南、魏庄西街东,20648.69平方米,郑州鼎发置业有限公司,28258万元,2020-05-11,http://zzland.zhengzhou.gov.cn/tdcr/1739209.jhtml,41b6546542119ac7391b909268cad430,
郑州市国土资源局挂牌出让结果公示〔2018年7月30日至2018年8月13日〕,本站,2018-08-16 14:21:53 ,2018年7月30日至2018年8月13日,〔2018〕96号（网）土地,桐柏路西、医院南路北,30641.09平方米,河南融创晟元置业有限公司,32295万元,2020-05-11,http://zzland.zhengzhou.gov.cn/tdcr/1739216.jhtml,aa67aa7b8f86d5b3e68bde6db75ffd24,
郑州市国土资源局挂牌出让结果公示〔2018年8月10日至2018年8月24日〕,本站,2018-08-29 14:22:21 ,2018年8月10日至2018年8月24日,〔2018〕98号（网）土地,南北大街东、新城路南,44426.12平方米,河南兴汉正商置业有限公司,24164万元,2020-05-11,http://zzland.zhengzhou.gov.cn/tdcr/1739223.jhtml,78def6fa41c6aa2f00f70bff483639c8,
郑州市国土资源局挂牌出让结果公示〔2018年8月14日至2018年8月29日〕,本站,2018-09-04 14:22:47 ,2018年8月14日至2018年8月29日,〔2018〕100号（网）土地,石化路南、二里岗街西,46421.43平方米,河南惠昌城乡建设发展有限公司,30815万元,2020-05-11,http://zzland.zhengzhou.gov.cn/tdcr/1739234.jhtml,13522431dd4bb53af107a15bcfe78feb,
郑州市国土资源局挂牌出让结果公示〔2018年8月17日至2018年8月31日〕,本站,2018-09-06 14:23:14 ,2018年8月17日至2018年8月31日,〔2018〕102号（网）土地,景怡路北、经三街西,21240.28平方米,河南太极汇生科技产业园发展有限公司,16258万元,2020-05-11,http://zzland.zhengzhou.gov.cn/tdcr/1739241.jhtml,84a4c76a94631dc7f8589cbc891abd7a,
郑州市国土资源局挂牌出让结果公示〔2018年8月24日至2018年9月7日〕,本站,2018-09-11 14:23:40 ,2018年8月24日至2018年9月7日,〔2018〕104号（网）土地,贺江路南、紫荆山南路东,69679.74平方米,郑州绿基置业有限公司,63132万元,2020-05-11,http://zzland.zhengzhou.gov.cn/tdcr/1958572.jhtml,914dcdb25f0cf091f327d53bd2021d6a,
郑州市国土资源局挂牌出让结果公示〔2018年8月28日至2018年9月11日〕,本站,2018-09-13 14:24:32 ,2018年8月28日至2018年9月11日,〔2018〕105号（网）土地,冉屯北路东、农业路北,4290.6平方米,河南鑫利置业有限公司,5901万元,2020-05-11,http://zzland.zhengzhou.gov.cn/tdcr/1739258.jhtml,7ee123645243eb17611d3fe84e42b6f9,
郑州市国土资源局挂牌出让结果公示〔2018年8月31日至2018年9月14日〕,本站,2018-09-15 14:28:07 ,2018年8月31日至2018年9月14日,〔2018〕106号（网）土地,国泰北路北、中州大道西,44215.14平方米,河南中永置业有限公司,66300万元,2020-05-11,http://zzland.zhengzhou.gov.cn/tdcr/1739269.jhtml,a892374b75de24243a53e4805aca684b,
郑州市国土资源局挂牌出让结果公示〔2018年8月31日至2018年9月14日〕,本站,2018-09-21 14:28:39 ,2018年9月6日至2018年9月20日,〔2018〕107号（网）土地,杓袁北路北、杓袁东路东,41309.62平方米,郑州保利亨业房地产开发有限公司,37336万元,2020-05-11,http://zzland.zhengzhou.gov.cn/tdcr/1739279.jhtml,8f9c3696c483320b4b4dfb9b30752cd4,
郑州市国土资源局挂牌出让结果公示〔2017年10月10日至2017年10月23日〕,本站,2017-10-27 17:46:30 ,,〔2017〕54号（网）土地,紫荆山南路东、郑航北路南,49722.57平方米,河南晨光正商置业有限公司,52417万元,2020-05-11,http://zzland.zhengzhou.gov.cn/tdcr/1724180.jhtml,393d665ddd23f23b853dd2cc69cc2fca,
郑州市国土资源局挂牌出让结果公示〔2017年6月1日至2017年6月14日〕,本站原创,2017-06-17 16:31:00 ,,〔2017〕11号（网）土地,花溪东路南、紫荆山南路西,33174.72平方米,郑州宏略房地产开发有限公司,22393万元,2020-05-11,http://zzland.zhengzhou.gov.cn/tdcr/1712175.jhtml,9655818b937d43366ef05181083fe460,
郑州市国土资源局挂牌出让结果公示〔2016年12月2日至2016年12月16日〕,本站原创,2016-12-23 16:34:34 ,,〔2016〕121号（网）土地,国泰北路北、黄家庵东路西,37130.78平方米,郑州市建设投资集团有限公司,24006万元,2020-05-11,http://zzland.zhengzhou.gov.cn/tdcr/1714226.jhtml,f890581f4886df91be9385d83529b650,
郑州市国土资源局挂牌出让结果公示〔2016年12月12日至2016年12月23日〕,本站原创,2016-12-29 15:53:32 ,,〔2016〕139号（网）土地,孟砦中街东、孟砦北街北,35845.31平方米,河南骏惠房地产开发有限公司,43097万元,2020-05-11,http://zzland.zhengzhou.gov.cn/tdcr/1714303.jhtml,082de4f0dfd155d69798406992519482,
郑州市国土资源局挂牌出让结果公示〔2016年12月15日至2016年1月4日〕,本站原创,2017-01-10 15:57:07 ,,〔2016〕148号（网）土地,创新大道东、河阳路北,89055.27平方米,郑州泉舜中州上城房地产有限公司,120609万元,2020-05-11,http://zzland.zhengzhou.gov.cn/tdcr/1714380.jhtml,7944649e57388ba65dd20be4fd074d0d,
郑州市国土资源局挂牌出让结果公示〔2017年1月3日至2016年1月18日〕,本站原创,2017-01-21 16:07:36 ,,〔2016〕168号（网）土地,宜居西路北、景西二路西,118926.95平方米,河南骏惠房地产开发有限公司,26317万元,2020-05-11,http://zzland.zhengzhou.gov.cn/tdcr/1714457.jhtml,29cc0e35da4f1837fb2562e0d70586b5,
郑州市国土资源局挂牌出让结果公示〔2017年1月9日至2016年1月25日〕,本站原创,2017-02-04 16:09:38 ,,〔2016〕190号（网）土地,站马屯路南、紫荆山南路东,52109.26平方米,郑州马寨工业园建设开发有限公司,41487万元,2020-05-11,http://zzland.zhengzhou.gov.cn/tdcr/1714534.jhtml,3c3d38d73312b8d3a2489993799157e1,
郑州市国土资源局挂牌出让结果公示〔2017年1月18日至2016年2月6日〕,本站原创,2017-02-10 16:12:17 ,,〔2016〕204号（网）土地,高铁南路南、荆胡路西,77621.42平方米,郑州市二七新区建设投资开发有限公司,47146万元,2020-05-11,http://zzland.zhengzhou.gov.cn/tdcr/1714611.jhtml,564ee202ee224a825f36c76ff4a445b7,
郑州市国土资源局挂牌出让结果公示〔2017年1月20日至2016年2月15日〕,本站原创,2017-02-18 16:15:46 ,,〔2016〕218号（网）土地,新兴路北、东风渠滨河路东,39025.72平方米,郑州市二七新区建设投资开发有限公司,28745万元,2020-05-11,http://zzland.zhengzhou.gov.cn/tdcr/1711948.jhtml,bdde7d8222f60ee868f25342976c04cc,
郑州市国土资源局挂牌出让结果公示〔2017年3月27日至2017年4月12日〕,本站原创,2017-04-15 16:18:11 ,,〔2017〕1号（网）土地,新兴路南、假日东路西,28916.31平方米,郑州市二七城乡更新建设开发有限公司,21830万元,2020-05-11,http://zzland.zhengzhou.gov.cn/tdcr/1712014.jhtml,afd8d613db53229db6d98eb924ae6b29,
郑州市国土资源局挂牌出让结果公示〔2017年4月10日至2017年4月26日〕,本站原创,2017-04-29 16:28:52 ,,〔2017〕10号（网）土地,鸿宝南路南、姚店堤西路东,322184.6平方米,郑州高新碧桂园房地产开发有限公司,99076万元,2020-05-11,http://zzland.zhengzhou.gov.cn/tdcr/1712074.jhtml,35d3a5e505225238e433642c0b4d8bdb,
郑州市国土资源局挂牌出让结果公示〔2017年5月23日至2017年6月6日〕,本站原创,2017-06-10 16:32:02 ,,〔2017〕27号（网）土地,北三环北、长兴路东,48300.53平方米,郑州宜家家居有限公司,38465万元,2020-05-11,http://zzland.zhengzhou.gov.cn/tdcr/1712116.jhtml,ac182045823b5da5d8f17c91b2d7961e,
郑州市国土资源局挂牌出让结果公示〔2017年6月7日至2017年6月20日〕,本站原创,2017-06-23 16:35:41 ,,〔2017〕29号（网）土地,孟砦环路南、铁西路西,23368.42平方米,郑州保利永和房地产开发有限公司,30311万元,2020-05-11,http://zzland.zhengzhou.gov.cn/tdcr/1712399.jhtml,2d8b77f8b414526c1e46563e9f7c97a7,
郑州市国土资源局挂牌出让结果公示〔2017年6月21日至2017年7月4日〕,本站原创,2017-07-06 16:37:21 ,,〔2017〕32号（网）土地,国基路南、丰庆北路西,12677.19平方米,河南福汇泽置业有限公司,17021万元,2020-05-11,http://zzland.zhengzhou.gov.cn/tdcr/1713134.jhtml,bc26600a7740d4f550493f587a49a694,
郑州市国土资源局挂牌出让结果公示〔2017年7月5日至2017年7月18日〕,本站原创,2017-07-25 16:42:05 ,,〔2017〕33号土地,化工路南、碧桃路西,11379.36平方米,河南纵横精工机械科技有限公司,562.1万元,2020-05-11,http://zzland.zhengzhou.gov.cn/tdcr/1713897.jhtml,548fcc43164461dc397b101078aed86a,
郑州市国土资源局挂牌出让结果公示〔2017年8月11日至2017年8月25日〕,本站,2017-08-28 17:41:17 ,,〔2017〕37号（网）土地,鸿发路南、鸿苑路西,132359.13平方米,河南瀚海布兰登置业有限公司,47270万元,2020-05-11,http://zzland.zhengzhou.gov.cn/tdcr/1724149.jhtml,6103f0d4952aab50295fa1f650a458ed,
郑州市国土资源局挂牌出让结果公示〔2017年8月16日至2017年8月29日〕,本站,2017-08-31 17:41:59 ,,〔2017〕42号（网）土地,石苏路南、中央东路西,151579.96平方米,郑州荣益华房地产开发有限责任公司,41690万元,2020-05-11,http://zzland.zhengzhou.gov.cn/tdcr/1724156.jhtml,45b5945cf0bb329acb7d5cc6f95f7717,
郑州市国土资源局挂牌出让结果公示〔2017年8月24日至2017年9月6日〕,本站,2017-09-08 17:43:24 ,,〔2017〕47号（网）土地,科学大道北、石楠路西,21069.55平方米,郑州金航置业有限公司,17427万元,2020-05-11,http://zzland.zhengzhou.gov.cn/tdcr/1724163.jhtml,5280e43be9728830b8b3a9306aa888d2,
郑州市国土资源局挂牌出让结果公示〔2017年9月12日至2017年9月25日〕,本站,2017-09-28 17:44:16 ,,〔2017〕48号（网）土地,南阳路西、宋寨南街南,8785.05平方米,河南裕华置业有限公司,7421万元,2020-05-11,http://zzland.zhengzhou.gov.cn/tdcr/1724170.jhtml,dbeb6aa4d134d9580141b365aa2c85fd,
郑州市国土资源局挂牌出让结果公示〔2017年10月9日至2017年10月20日〕,本站,2017-10-23 17:45:18 ,,,,,,,2020-05-11,http://zzland.zhengzhou.gov.cn/tdcr/1724172.jhtml,9b424a5bb84cfb87f1e03ff976c68fc1,
郑州市国土资源局挂牌出让结果公示〔2017年10月9日至2017年10月20日〕,本站,2017-10-24 17:45:54 ,,〔2017〕49号（网）土地,红松路西、枫香街北,129526.75平方米,河南省美景之州地产开发有限公司,78021万元,2020-05-11,http://zzland.zhengzhou.gov.cn/tdcr/1724177.jhtml,3181f9ea2545c0481046c00641902014,
郑州市国土资源局挂牌出让结果公示〔2017年10月12日至2017年10月26日〕,本站,2017-10-30 17:47:50 ,2017年10月12日至2017年10月26日,〔2017〕61号（网）土地,姚庄南路南、文德路西,46390.59平方米,郑州中鑫云谷手机科技园有限公司,33840万元,2020-05-11,http://zzland.zhengzhou.gov.cn/tdcr/1724187.jhtml,4b5eca80bf6eb4624c83295d9099cf3e,
郑州市国土资源局挂牌出让结果公示〔2017年11月15日至2017年11月28日〕,本站,2017-11-29 17:48:32 ,2017年11月15日至2017年11月28日,〔2017〕71号（网）土地,电厂西路东、西流湖路南,25804.49平方米,郑州元年房地产开发有限公司,32969万元,2020-05-11,http://zzland.zhengzhou.gov.cn/tdcr/1724193.jhtml,2c8f4276ee026da8d3748dbcdd3dd7ee,
郑州市国土资源局挂牌出让结果公示〔2017年11月20日至2017年12月4日〕,本站,2017-12-06 17:49:11 ,2017年11月20日至2017年12月4日,〔2017〕73号（网）土地,电厂西路西、西流湖路北,63387.67平方米,河南荣福房地产开发有限公司,55250万元,2020-05-11,http://zzland.zhengzhou.gov.cn/tdcr/1724198.jhtml,f3bb45e5629f334b81d6c096be90c44c,
郑州市国土资源局挂牌出让结果公示〔2017年11月27日至2017年12月11日〕,本站,2017-12-13 17:49:44 ,2017年11月27日至2017年12月11日,〔2017〕80号（网）土地,南三环路北、岗东路东,27599.26平方米,郑州市金岱鼎城置业有限公司,44025万元,2020-05-11,http://zzland.zhengzhou.gov.cn/tdcr/1724201.jhtml,6201218f165c415109489535c1a412bf,
郑州市国土资源局挂牌出让结果公示〔2017年12月13日至2017年12月27日〕,本站,2017-12-28 09:19:43 ,,〔2017〕85号（网）土地,飞翔路北、绕城高速辅道东,29220.26平方米,郑州华瑞紫韵置业有限公司,28943万元,2020-05-11,http://zzland.zhengzhou.gov.cn/tdcr/1727896.jhtml,d6f50192892d6484fd43f58f51b66e46,
郑州市国土资源局挂牌出让结果公示〔2017年12月13日至2017年12月27日〕,本站,2017-12-28 17:50:13 ,2017年12月13日至2017年12月27日,〔2017〕85号（网）土地,飞翔路北、绕城高速辅道东,29220.26平方米,郑州华瑞紫韵置业有限公司,28943万元,2020-05-11,http://zzland.zhengzhou.gov.cn/tdcr/1724208.jhtml,9762b65212121cee418f0f8011aebe35,
郑州市国土资源局挂牌出让结果公示〔2017年12月6日至2018年1月2日〕,本站,2018-01-03 17:51:16 ,2017年12月6日至2018年1月2日,〔2017〕83号（网）土地,桐柏路东、弯婉小道南,12036.87平方米,河南融创晟元置业有限公司,27059万元,2020-05-11,http://zzland.zhengzhou.gov.cn/tdcr/1724212.jhtml,ebf6a160b6b40929c6828a6dffb14832,
郑州市国土资源局挂牌出让结果公示〔2018年1月16日至2018年1月26日〕,本站,2018-01-16 09:22:33 ,2018年1月16日至2018年1月26日,〔2017〕93号（网）土地,科学大道北、郁香路西,82432.15平方米,河南晟和祥实业有限公司,74390万元,2020-05-11,http://zzland.zhengzhou.gov.cn/tdcr/1727897.jhtml,9d55bdf4afeaa3a9dbc5b48da2be3e69,
郑州市国土资源局挂牌出让结果公示〔2018年1月8日至2018年1月19日〕,本站,2018-01-24 09:23:04 ,,〔2017〕94号（网）土地,荷花街东、梅园路南,27699.94平方米,郑州市金水碧海房地产开发有限公司,22529万元,2020-05-11,http://zzland.zhengzhou.gov.cn/tdcr/1727904.jhtml,1bfdefe97c4b63343fdc076ce2091d68,
郑州市国土资源局挂牌出让结果公示〔2016年6月24日至2016年7月7日〕.,本站原创,2016-07-12 11:39:28 ,,〔2016〕73号（网）土地,翠竹街南、郁香路西,25920.45平方米,河南晟和祥实业有限公司,35021万元,2020-05-11,http://zzland.zhengzhou.gov.cn/tdcr/1713519.jhtml,5e95d354b4c2725b7ebd081589dae9fb,
郑州市国土资源局挂牌出让结果公示〔2016年3月10日至2016年3月25日〕,本站原创,2016-03-30 10:33:37 ,,〔2016〕35号土地,龙源街北、桂圆南街东,18141.43平方米,河南锦家置业有限公司,17933万元,2020-05-11,http://zzland.zhengzhou.gov.cn/tdcr/1712672.jhtml,1c92aba116db8bdba4c400fa2808ed18,
郑州市国土资源局挂牌出让结果公示〔2015年12月23日至2016年1月7日〕,本站原创,2016-01-08 10:19:58 ,,〔2015〕112号土地,少林路南、丰庆北路东,29501.43平方米,河南锦家置业有限公司,28334万元,2020-05-11,http://zzland.zhengzhou.gov.cn/tdcr/1712196.jhtml,abff3a26450638db9c8df9cd835b687a,
郑州市国土资源局挂牌出让结果公示〔2016年1月4日至2016年1月15日〕,本站原创,2016-01-20 10:22:49 ,,〔2015〕116号（网）土地,鼎盛大道南、嵩山南路东,20222.63平方米,郑州广运房地产开发有限公司,25510万元,2020-05-11,http://zzland.zhengzhou.gov.cn/tdcr/1712203.jhtml,7d1efb537aebb58e91537c6ce41bd4fe,
郑州市国土资源局挂牌出让结果公示〔2016年1月11日至2016年1月27日〕,本站原创,2016-01-28 10:24:14 ,,〔2015〕122号土地,冬青街北、月桂路东,128370.23平方米,郑州美景置业有限责任公司,87960万元,2020-05-11,http://zzland.zhengzhou.gov.cn/tdcr/1712207.jhtml,35b4fae45d2d3dca973e7460d0b5b6ac,
郑州市国土资源局挂牌出让结果公示〔2016年1月25日至2016年2月5日〕,本站原创,2016-02-06 10:25:26 ,,〔2015〕131号(网)土地,玉兰街南、月桂路西,10360.26平方米,郑州新银科置业有限公司,11180万元,2020-05-11,http://zzland.zhengzhou.gov.cn/tdcr/1712210.jhtml,1d682ebd59b0b07871c9d5754ab84284,
郑州市国土资源局挂牌出让结果公示〔2016年1月29日至2016年2月18日〕,本站原创,2016-02-19 10:26:48 ,,〔2016〕7号(网)土地,双铺路北、信息学院路西,116496.45平方米,河南大京江房地产发展有限公司,53298万元,2020-05-11,http://zzland.zhengzhou.gov.cn/tdcr/1712273.jhtml,771ba474d0efd23f876796cea37c62ca,
郑州市国土资源局挂牌出让结果公示〔2016年2月3日至2016年2月19日〕,本站原创,2016-02-20 10:28:22 ,,〔2016〕10号土地,站马屯路北、建兴路东,58673.47平方米,河南永威置业有限公司,34254万元,2020-05-11,http://zzland.zhengzhou.gov.cn/tdcr/1712336.jhtml,c267ad3adcb94609f003c63b893b0308,
郑州市国土资源局挂牌出让结果公示〔2016年2月14日至2016年2月25日〕,本站原创,2016-02-26 10:29:44 ,,〔2016〕19号网土地,二砂路东、颍河西路南,33811.67平方米,河南国信乐达房地产有限公司,27958万元,2020-05-11,http://zzland.zhengzhou.gov.cn/tdcr/1712392.jhtml,2e5c693125035977d5fb36375d1c97ef,
郑州市国土资源局挂牌出让结果公示〔2016年2月17日至2016年3月2日〕,本站原创,2016-03-03 10:31:08 ,,〔2016〕23号网土地,金宝路北、马头岗中街西,37352.34平方米,郑州市惠济区迎宾路街道弓庄村村民委员会,116873万元,2020-05-11,http://zzland.zhengzhou.gov.cn/tdcr/1712462.jhtml,898d8735fc6db4238406fdcbc2a05e1f,
郑州市国土资源局挂牌出让结果公示〔2016年2月3日至2016年3月4日〕,本站原创,2016-03-05 10:42:50 ,,〔2016〕18号土地,枫杨街南、雪松路西,2998.95平方米,河南朗格置业有限公司,1656万元,2020-05-11,http://zzland.zhengzhou.gov.cn/tdcr/1712525.jhtml,38cd1400b777c113ee997afe559d2c6b,
郑州市国土资源局挂牌出让结果公示〔2016年2月25日至2016年3月9日〕,本站原创,2016-03-11 10:32:21 ,,〔2016〕32号网土地,石化路西、西冷路南,33400.05平方米,河南龙源地产有限公司,23039万元,2020-05-11,http://zzland.zhengzhou.gov.cn/tdcr/1712595.jhtml,4430bc6b6e8880e153f0b745f77f1718,
郑州市国土资源局挂牌出让结果公示〔2016年3月18日至2016年3月31日〕,本站原创,2016-04-01 10:34:50 ,,〔2016〕40号土地,冬青街北、月桂路西,90539.77平方米,郑州新银科置业有限公司,51180万元,2020-05-11,http://zzland.zhengzhou.gov.cn/tdcr/1712749.jhtml,224b3a4b9f29cded60154bea53456618,
郑州市国土资源局挂牌出让结果公示〔2016年3月30日至2016年4月13日〕,本站原创,2016-04-14 10:36:04 ,,〔2016〕47号网土地,金枝路北、玉轩路西,69671.97平方米,郑州汇泉置业有限公司,24691万元,2020-05-11,http://zzland.zhengzhou.gov.cn/tdcr/1712826.jhtml,8e54ba72ecca594f3d9d5359dd7b06f3,
郑州市国土资源局挂牌出让结果公示〔2016年4月11日至2016年4月22日〕,本站原创,2016-05-04 10:38:27 ,,〔2016〕53号网土地,金城大道北、河村中街东,22863.18平方米,河南美商置业有限公司,19635万元,2020-05-11,http://zzland.zhengzhou.gov.cn/tdcr/1712903.jhtml,af170bb46e80cefb1264eab131c86309,
郑州市国土资源局挂牌出让结果公示〔2016年4月15日至2016年5月3日〕,本站原创,2016-05-06 10:40:42 ,,〔2016〕58号网土地,煤机路北、热电厂路西,25730.58平方米,郑州和润投资有限公司,21869万元,2020-05-11,http://zzland.zhengzhou.gov.cn/tdcr/1712980.jhtml,9587a3dee38da9dc952f1b73282e0bf9,
郑州市国土资源局挂牌出让结果公示〔2016年4月22日至2016年5月6日〕,本站原创,2016-05-07 10:41:50 ,,〔2016〕60号土地,杨金路南、杨金三街西,17096.56平方米,河南朗驰科技有限公司,10640万元,2020-05-11,http://zzland.zhengzhou.gov.cn/tdcr/1713057.jhtml,05684b0fcb8530a443553f4770485eac,
2016年1-5月划拨结果,本站原创,2016-05-20 17:16:01 ,,,,,,,2020-05-11,http://zzland.zhengzhou.gov.cn/tdcr/1713211.jhtml,ee7634cb4376146cb00e76fcce2f61e1,
郑州市国土资源局挂牌出让结果公示〔2016年5月24日至2016年6月8日〕,本站原创,2016-06-15 11:34:46 ,,〔2016〕61号（网）土地,新龙路南、芙蓉路西,39802.82平方米,郑州玖智房地产开发有限公司,22957万元,2020-05-11,http://zzland.zhengzhou.gov.cn/tdcr/1713288.jhtml,ec4e6dd665efd0683f63cd281272d4dc,
郑州市国土资源局挂牌出让结果公示〔2016年5月31日至2016年6月17日〕,本站原创,2016-06-24 11:35:35 ,,〔2016〕62号（网）土地,金城大道南、河村中街西,65233.43平方米,郑州天伦万科房地产开发有限公司,41990万元,2020-05-11,http://zzland.zhengzhou.gov.cn/tdcr/1713365.jhtml,2b8c76d86a589b8a581a230d59f0c5b3,
郑州市国土资源局挂牌出让结果公示〔2016年6月13日至2016年7月1日〕,本站原创,2016-07-05 11:38:10 ,,〔2016〕67号（网）土地,绿洲路南、天山路东,112248.94平方米,河南惠昌城乡建设发展有限公司,50682万元,2020-05-11,http://zzland.zhengzhou.gov.cn/tdcr/1713442.jhtml,678641ab80f5d9494e9937c984b631a5,
郑州市国土资源局挂牌出让结果公示〔2016年6月29日至2016年7月13日〕,本站原创,2016-07-18 11:41:41 ,,〔2016〕75号（网）土地,玉轩路东、文博大道北、西四环西,62196.59平方米,郑州万科美景房地产开发有限责任公司,250240万元,2020-05-11,http://zzland.zhengzhou.gov.cn/tdcr/1713596.jhtml,1672502e635f7f03cd56f1b18ec05398,
郑州市国土资源局挂牌出让结果公示〔2016年6月24日至2016年7月7日〕,本站原创,2016-07-20 11:37:26 ,,〔2016〕72号（网）土地,翠竹街南、垂柳路东,81631.89平方米,,,2020-05-11,http://zzland.zhengzhou.gov.cn/tdcr/1713673.jhtml,9a3ea4a4a3c2e96ef6f4e30fcee537df,
郑州市国土资源局挂牌出让结果公示〔2016年7月28日至2016年8月10日〕,本站原创,2016-08-11 11:42:26 ,,〔2016〕80号土地,绿竹路西、文竹街北、西四环西,34819.58平方米,中钢集团郑州金属制品研究院有限公司,2314万元,2020-05-11,http://zzland.zhengzhou.gov.cn/tdcr/1713750.jhtml,3546c0cff98e335ef4afbb91e74f0d71,
郑州市国土资源局挂牌出让结果公示〔2016年9月19日至2016年9月30日〕,本站原创,2016-10-01 11:43:06 ,,〔2016〕91号土地,春兰路西、街坊路北,9639.96平方米,郑州华硕精密陶瓷股份有限公司,558万元,2020-05-11,http://zzland.zhengzhou.gov.cn/tdcr/1713813.jhtml,a6b607a5ba82bc9601d2e2512b411f62,
郑州市国土资源局挂牌出让结果公示〔2016年10月31日至2016年11月11日〕,本站原创,2016-11-15 10:46:16 ,,〔2016〕100号土地,渠南路南、站前大道东,50942.97平方米,郑州市建设投资集团有限公司,11175万元,2020-05-11,http://zzland.zhengzhou.gov.cn/tdcr/1713890.jhtml,488d797ffd25fa6f531b03fedef46faa,
郑州市国土资源局挂牌出让结果公示〔2016年11月10日至2016年11月25日〕,本站原创,2016-11-29 15:34:52 ,,〔2016〕109号土地,化工路北、凯旋路西,17272.68平方米,河南旭鑫置业有限公司,87332万元,2020-05-11,http://zzland.zhengzhou.gov.cn/tdcr/1713960.jhtml,8775b7e1f8f15035572bf26e0d260e43,
2016年6月-11月郑州市土地划拨出让结果公示,本站原创,2016-12-02 11:55:13 ,,,,,,,2020-05-11,http://zzland.zhengzhou.gov.cn/tdcr/1714013.jhtml,6711356d9fe925db8edac1525106e7bf,
郑州市国土资源局挂牌出让结果公示〔2016年11月22日至2016年12月7日〕,本站原创,2016-12-12 15:32:03 ,,〔2016〕102号（网）土地,月湖南路南、假日西路东,13046.23平方米,河南碧源滨湖置业有限公司,1180万元,2020-05-11,http://zzland.zhengzhou.gov.cn/tdcr/1714079.jhtml,1c8dff27631adb8d0fac28d6fc9823d2,
郑州市国土资源局挂牌出让结果公示〔2016年11月25日至2016年12月9日〕,本站原创,2016-12-14 15:37:04 ,,〔2016〕112号（网）土地,月湖北路南、假日西路西,34122.16平方米,郑州天伦万科房地产开发有限公司,17748万元,2020-05-11,http://zzland.zhengzhou.gov.cn/tdcr/1714149.jhtml,d9ee77116861877e191a5001afe98424,
郑州市国土资源局挂牌出让结果公示〔2015年11月20日至2015年12月3日〕,本站原创,2015-12-17 14:33:17 ,,〔2015〕86号土地,太康西路北、彭公祠街东,39768.44平方米,河南新田叁陆零置业有限公司,34922万元,2020-05-11,http://zzland.zhengzhou.gov.cn/tdcr/1712133.jhtml,ddadbea6b97eb3d4cf3788b221a1fdec,
郑州市国土资源局挂牌出让结果公示〔2015年9月23日至2015年10月12日〕,本站原创,2015-10-13 09:14:24 ,,〔2015〕55号土地,西站路北、电厂西路东,150471.57平方米,郑州元年房地产开发有限公司,25701万元,2020-05-11,http://zzland.zhengzhou.gov.cn/tdcr/1712084.jhtml,95335d53d4819ff21c33ccc7b991cd07,
郑州市国土资源局挂牌出让结果公示[2015年5月20日至2015年6月3日],本站原创,2015-06-04 16:15:25 ,,〔2015〕34号土地,天河路东、新苑路北,42313.63平方米,河南锦轩置业有限公司,21725万元,2020-05-11,http://zzland.zhengzhou.gov.cn/tdcr/1712028.jhtml,bf1ae58b455f23820e7f9df00d839422,
郑州市国土资源局挂牌出让结果公示[2015年6月1日至2015年6月12日],本站原创,2015-06-12 18:23:05 ,,〔2015〕36号（网）土地,药厂街北、西四环东,10476.16平方米,郑州中盟文化生态旅游开发有限公司,6432万元,2020-05-11,http://zzland.zhengzhou.gov.cn/tdcr/1712035.jhtml,244f6360fda245b0d8084785d999031e,
国有建设用地出让、划拨一览表（2015年1月-2015年5月）,本站原创,2015-06-16 18:09:43 ,,,,,,,2020-05-11,http://zzland.zhengzhou.gov.cn/tdcr/1712042.jhtml,e53690e2c3d37ea4dd6ea474ee35a367,
2015年1-6月市本级划拨结果,本站原创,2015-06-16 18:28:01 ,,,,,,,2020-05-11,http://zzland.zhengzhou.gov.cn/tdcr/1712046.jhtml,96f1a642cbdb26eb097677cc66833677,
国有建设用地使用权协议出让公示（河南能源化工集团龙城建设投资有限公司、中国石油天然气股份有限公司河南销售分公司）,本站原创,2015-06-18 09:13:28 ,,,,,,,2020-05-11,http://zzland.zhengzhou.gov.cn/tdcr/1712056.jhtml,d3da82dccc3b23155b3cda7dc022f71d,
郑州市国土资源局挂牌出让结果公示[2015年7月6日至2015年7月17日],本站原创,2015-07-21 10:05:29 ,,〔2015〕37号土地,少林路南、消防路西,21406.33平方米,郑州大有永固置业有限公司,10490万元,2020-05-11,http://zzland.zhengzhou.gov.cn/tdcr/1712063.jhtml,7f101e70a0bc412afcf80535fa1aca5b,
郑州市国土资源局挂牌出让结果公示[2015年7月17日至2015年7月31日],本站原创,2015-08-10 16:37:54 ,,〔2015〕38号土地,未来路东、德风街东,16160.99平方米,河南瑞鼎置业有限公司,11600万元,2020-05-11,http://zzland.zhengzhou.gov.cn/tdcr/1712067.jhtml,99cf9105a7b3a872c5757de2d0b6a175,
郑州市国土资源局挂牌出让结果公示[2015年8月11日至2015年8月26日],本站原创,2015-08-27 11:31:57 ,,〔2015〕43号土地,枫杨街南、春藤路西,56822.43平方米,河南朗格置业有限公司,23777万元,2020-05-11,http://zzland.zhengzhou.gov.cn/tdcr/1712070.jhtml,1b82b6f5b1b5d25e3d0a9db84fb7b866,
郑州市国土资源局挂牌出让结果公示[2015年9月6日至2015年9月17日],本站原创,2015-09-18 18:29:58 ,,〔2015〕44号土地,站前大道东、郑上南辅道南,37756.24平方米,郑州华瑞紫韵置业有限公司,17081万元,2020-05-11,http://zzland.zhengzhou.gov.cn/tdcr/1712077.jhtml,5acf3ef2b55a5ff910017e035958fff4,
郑州市国土资源局国有土地使用权协议出让公示（豫郑利用意告字2015028号）,本站原创,2015-09-25 18:14:39 ,,,,,,,2020-05-11,http://zzland.zhengzhou.gov.cn/tdcr/1712081.jhtml,9a517a7bd291f7be7e226be3a9607f9c,
郑州市国土资源局挂牌出让结果公示〔2015年9月21日至2015年10月10日〕,本站原创,2015-10-14 09:17:33 ,,〔2015〕52号（网）土地,童心路南、文治路东,9037.54平方米,河南润盈置业有限公司,5076万元,2020-05-11,http://zzland.zhengzhou.gov.cn/tdcr/1712088.jhtml,14908ec1c128d5dbe859aa5fb638124f,
郑州市国土资源局挂牌出让结果公示〔2015年9月23日至2015年 10月12日〕,本站原创,2015-10-15 11:13:21 ,,〔2015〕53号（网）土地,北四环路南、园北路西,50505.53平方米,郑州天伦万科房地产开发有限公司,51208万元,2020-05-11,http://zzland.zhengzhou.gov.cn/tdcr/1712091.jhtml,8f928eeb63922ec2a77f58d28532b215,
郑州市国土资源局挂牌出让结果公示〔2015年10月8日至2015年10月21日〕,本站原创,2015-12-17 09:53:07 ,,〔2015〕60号（网）土地,中州大道东、石化路南,10047.35平方米,河南爱丁堡置业有限公司,5439万元,2020-05-11,http://zzland.zhengzhou.gov.cn/tdcr/1712095.jhtml,8edd6d4e7cfba0d9adf0dac724dc73d9,
郑州市国土资源局挂牌出让结果公示〔2015年10月14日至2015年11月6日〕,本站原创,2015-12-17 09:54:23 ,,〔2015〕63号土地,创新大道东、杜兰街北,100728.35平方米,河南省美景之州地产开发有限公司,32637万元,2020-05-11,http://zzland.zhengzhou.gov.cn/tdcr/1712098.jhtml,a37650947f2f021e991b17ae4b8124e1,
郑州市国土资源局挂牌出让结果公示〔2015年10月14日至2015年10月28日〕,本站原创,2015-12-17 14:22:40 ,,〔2015〕65号土地,航海路南、伏牛路西,36666.36平方米,河南民祥置业有限公司,26536万元,2020-05-11,http://zzland.zhengzhou.gov.cn/tdcr/1712102.jhtml,df3c2a563abe500a1d36a701b2f92c61,
郑州市国土资源局挂牌出让结果公示〔2015年10月14日 至2015年10月28日〕,本站原创,2015-12-17 14:23:49 ,,〔2015〕68号（网）土地,文清南路南、河村东街东,83927.97平方米,河南鸿宝置地有限公司,47818万元,2020-05-11,http://zzland.zhengzhou.gov.cn/tdcr/1712105.jhtml,89f6022ada3f12650cce3625ed915b04,
郑州市国土资源局挂牌出让结果公示〔2015年11月2日至2015年11月13日〕,本站原创,2015-12-17 14:25:43 ,,〔2015〕70号土地,农场东路东、鸿发路北,74523.35平方米,河南榕基信息技术有限公司,17417万元,2020-05-11,http://zzland.zhengzhou.gov.cn/tdcr/1712112.jhtml,f8bd16286d795af9957f33a6b3820788,
郑州市国土资源局挂牌出让结果公示〔2015年10月29日至2015年11月12日〕,本站原创,2015-12-17 14:28:53 ,,〔2015〕71号土地,鼎盛大道北、荆胡路西,64702.2平方米,郑州康桥房地产开发有限责任公司,27065万元,2020-05-11,http://zzland.zhengzhou.gov.cn/tdcr/1712119.jhtml,24012a617fad55a4852df90281182ca9,
郑州市国土资源局挂牌出让结果公示〔2015年10月30日至2015年11月13日〕,本站原创,2015-12-17 14:31:02 ,,〔2015〕72号（网）土地,南环路北、郑密路辅道西,307416.45平方米,中国电信集团公司河南省郑州市电信分公司,11009.04万元,2020-05-11,http://zzland.zhengzhou.gov.cn/tdcr/1712126.jhtml,4f72f5a98102de99f02836c462e15b06,
郑州市国土资源局挂牌出让结果公示〔2015年11月20日至 2015年12月3日〕,本站原创,2015-12-17 15:01:04 ,,〔2015〕90号土地,科学大道北、春藤路东,18088.26平方米,郑州市轨道交通置业有限公司,16300万元,2020-05-11,http://zzland.zhengzhou.gov.cn/tdcr/1712140.jhtml,381b5052cdbbd73c4654558283d7eb88,
郑州市国土资源局挂牌出让结果公示〔2015年11月30日至2015年12月11日〕,本站原创,2015-12-17 15:03:43 ,,〔2015〕103号土地,中原西路北、图强路西,53997.99平方米,郑州发展投资集团有限公司,28380万元,2020-05-11,http://zzland.zhengzhou.gov.cn/tdcr/1712144.jhtml,59fa2146a2ecb8a6eaa9b489899fab4a,
郑州市国土资源局挂牌出让结果公示〔2015年12月2日至2015年12月16日〕,本站原创,2015-12-17 15:04:53 ,,〔2015〕100号土地,棉纺西路南、协和路西,37452.33平方米,河南五建置业有限公司,35353万元,2020-05-11,http://zzland.zhengzhou.gov.cn/tdcr/1712147.jhtml,220855edcdc982bf4601b9a4ec478afc,
郑州市国土资源局挂牌出让结果公示〔2015 年10月8日至2015年10月21日〕,本站原创,2015-12-17 15:06:14 ,,〔2015〕57号土地,红松路西、化工路辅道北,28268.93平方米,郑州市长城房屋开发集团有限公司,18912万元,2020-05-11,http://zzland.zhengzhou.gov.cn/tdcr/1712154.jhtml,ddaf1ac00de68e6cbac5e0a852b96226,
郑州市国土资源局更正公告,本站原创,2015-12-17 15:08:18 ,,〔2015〕47号土地,,,,更正为15635万元,2020-05-11,http://zzland.zhengzhou.gov.cn/tdcr/1712158.jhtml,0a81c5ab32e0ee34524de181f3127a29,
郑州市国土资源局挂牌出让结果公示〔2015年12月3日至2015年12月17日〕,本站原创,2015-12-19 10:13:28 ,,〔2015〕106号土地,孙庄北路北、站前西路东,12761.18平方米,郑州华瑞紫商置业有限公司,12315万元,2020-05-11,http://zzland.zhengzhou.gov.cn/tdcr/1712161.jhtml,5089d69bdab2d901002784f9fe572453,
2014年11月-2015划拨结果,本站原创,2015-12-19 15:42:08 ,,,,,,,2020-05-11,http://zzland.zhengzhou.gov.cn/tdcr/1712168.jhtml,95e0a78540315b7f79962d18ff8cdd45,
郑州市国土资源局挂牌出让结果公示〔2015年12月14日至2015年12月25日〕,本站原创,2015-12-29 10:18:34 ,,〔2015〕111号（网）土地,郑航南路北、淮南街西,12761.18平方米,河南省锦美置业有限公司,9540万元,2020-05-11,http://zzland.zhengzhou.gov.cn/tdcr/1712186.jhtml,942f707841eea429ab1b46f599cc6221,
郑州市国土资源局挂牌出让结果公示〔2015年12月16日至2015年12月30日〕,本站原创,2015-12-31 10:15:00 ,,〔2015〕108号土地,金宝路北、景泰路西,123674.83平方米,河南杨金科技外包产业园建设投资有限公司,38043万元,2020-05-11,http://zzland.zhengzhou.gov.cn/tdcr/1712189.jhtml,0bfd4073925e614edaa973a101247ca5,
郑州市国土资源局挂牌出让结果公示[2015年1月5日至2015年1月16日],本站原创,2015-03-04 16:32:04 ,,〔2014〕154号（网）土地,月季街南、垂柳路西,88000.47平方米,恒大地产集团郑州有限公司,96133万元,2020-05-11,http://zzland.zhengzhou.gov.cn/tdcr/1711958.jhtml,a1ee7dba8d1aff0ee482fdc7bc3747bc,
郑州市国土资源局挂牌出让结果公示[2013年6月13日至2013年6月27日],本站原创,2015-01-13 14:32:57 ,,〔2013〕50号土地,鸿业路北、鸿苑路东,51195.71平方米,河南鸿宝置业有限公司,21675万元,2020-05-11,http://zzland.zhengzhou.gov.cn/tdcr/1714569.jhtml,1471834f3ac5301f5104af01e7688930,
郑州市国有土地使用权协议出让成交公示,本站原创,2015-01-13 14:32:57 ,,,,,,,2020-05-11,http://zzland.zhengzhou.gov.cn/tdcr/1714492.jhtml,486e8a9cc8d21e3135b8d7ca55306dc6,
郑州市国土资源局挂牌出让结果公示[2012年9月14日至2012年9月27日],本站原创,2015-01-13 14:32:57 ,,〔2012〕46号土地,姚庄南路南、文德路西,26217.48平方米,河南国香茶城管理有限公司,4641万元,2020-05-11,http://zzland.zhengzhou.gov.cn/tdcr/1714499.jhtml,e664c73e71fa37ddf3f6214c56c135f4,
郑州市国土资源局挂牌出让结果公示[2012年10月16日至2012年10月31日],本站原创,2015-01-13 14:32:57 ,,〔2012〕72号土地,科学大道南、黄栌路西,68469.42平方米,郑州赛微云计算产业园发展有限公司,8840万元,2020-05-11,http://zzland.zhengzhou.gov.cn/tdcr/1714506.jhtml,2032cfc391a28c5dfaafa554257bc829,
郑州市国土资源局挂牌出让结果公示[2012年11月2日至2012年11月15日],本站原创,2015-01-13 14:32:57 ,,〔2012〕78号土地,鼎盛大道南、望桥街西,26123.11平方米,郑州地产集团都市开发有限公司,13959万元,2020-05-11,http://zzland.zhengzhou.gov.cn/tdcr/1714513.jhtml,a5cbad7e9f6828c6521be6721b7bae07,
郑州市国土资源局挂牌出让结果公示[2012年11月19日至2012年12月5日],本站原创,2015-01-13 14:32:57 ,,〔2012〕91号土地,满星路北、郑少高速辅道西,60742.55平方米,河南花花牛生物科技有限公司,3007万元,2020-05-11,http://zzland.zhengzhou.gov.cn/tdcr/1714520.jhtml,503fe7bfb70fff202ebcf1b41ccc1d3d,
郑州市国土资源局挂牌出让结果公示[2012年12月7日至2012年12月21日],本站原创,2015-01-13 14:32:57 ,,,,,,,2020-05-11,http://zzland.zhengzhou.gov.cn/tdcr/1714527.jhtml,956af8774751564d5908f6f8cd26795c,
郑州市国土资源局挂牌出让结果公示[2013年1月4日至2013年1月17日],本站原创,2015-01-13 14:32:57 ,,〔2012〕109号土地,梧桐街南、石楠路东,100296.61平方米,郑州高新区枫杨管区大谢村村民委员会,15206万元,2020-05-11,http://zzland.zhengzhou.gov.cn/tdcr/1714541.jhtml,2a4de5d0480f6410fc754e6d35542279,
郑州市国土资源局挂牌出让结果公示[2013年1月25日至2013年2月7日],本站原创,2015-01-13 14:32:57 ,,〔2013〕1号土地,冉屯北路南、、桐柏路东,40695.30平方米,郑州元发置业有限公司,21361万元,2020-05-11,http://zzland.zhengzhou.gov.cn/tdcr/1714548.jhtml,06a43eecd328883e82627a3d1b9f34fa,
郑州市国土资源局挂牌出让结果公示[2013年4月22日至2013年5月8日],本站原创,2015-01-13 14:32:57 ,,〔2013〕20号土地,须水河东路东、锦和北街北,25000.89平方米,河南花花牛生物科技有限公司,16937万元,2020-05-11,http://zzland.zhengzhou.gov.cn/tdcr/1714555.jhtml,740d044ca941bd03d3d6fa8e4ff783d2,
郑州市国土资源局挂牌出让结果公示[2013年5月17日至2013年5月31日],本站原创,2015-01-13 14:32:57 ,,〔2013〕32号土地,双铁路南、地泰路东,11154.88平方米,郑州市二七区嵩山路街道办事处刘砦社区,10676万元,2020-05-11,http://zzland.zhengzhou.gov.cn/tdcr/1714562.jhtml,f5a40ae4474f97ef721c82d25d3792a7,
郑州市国土资源局挂牌出让结果公示[2013年7月1日至2013年7月12日],本站原创,2015-01-13 14:32:57 ,,〔2013〕63号土地,紫辰路东、刘庄南街南,7116.73平方米,河南小皇后置业有限公司,5729万元,2020-05-11,http://zzland.zhengzhou.gov.cn/tdcr/1714576.jhtml,f7229a9acff8c3384e13b90383ccfd51,
郑州市国土资源局挂牌出让结果公示[2013年11月13日至2013年11月27日],本站原创,2015-01-13 14:32:57 ,,〔2013〕105号土地,金梭路东、玉兰街北,45405.86平方米,河南正弘高新实业有限公司,27780万元,2020-05-11,http://zzland.zhengzhou.gov.cn/tdcr/1714583.jhtml,4ecb6c511e9dddfbeb10fc306dc68a13,
郑州市国有土地使用权出让意向公示（郑州海洋科普有限公司）,本站原创,2015-01-13 14:32:57 ,,,,,,,2020-05-11,http://zzland.zhengzhou.gov.cn/tdcr/1714590.jhtml,43a1cade78ae77baf7af49067904b363,
郑州市自然资源和规划局挂牌出让结果公示〔2019年5月14日至2019年5月30日〕,本站,2019-06-05 16:30:47 ,2019年5月14日至2019年5月30日,〔2019〕36号（网）土地,兴隆铺路南、粮食西路西,42538.29平方米,郑州天地新城实业有限公司,44523万元,2020-05-11,http://zzland.zhengzhou.gov.cn/tdcr/1790579.jhtml,ecf94d990158a813d83e035e51a231f0,
郑州市国土资源局挂牌出让结果公示〔2018年9月7日至2018年9月21日〕,本站,2018-09-26 14:29:08 ,2018年9月7日至2018年9月21日,〔2018〕109号（网）土地,辅道南路南、站前大道西,33930.88平方米,郑州融亮春房地产开发有限公司,27376万元,2020-05-11,http://zzland.zhengzhou.gov.cn/tdcr/1739290.jhtml,e8792f5c18c80842d01e1e337d324fa4,
郑州市国土资源局挂牌出让结果公示〔2018年12月24日至2019年1月16日〕,本站,2019-01-18 09:33:51 ,2018年12月24日至2019年1月16日,〔2018〕165号（网）土地,经南十五路以北、经开第十五大街以东,28240.79平方米,河南鸿宝集团有限公司、河南鸿宝置地有限公司,142298万元,2020-05-11,http://zzland.zhengzhou.gov.cn/tdcr/1745908.jhtml,b34c3895db21c2370e71a67bb124c5a3,
郑州市国土资源局挂牌出让结果公示〔2019年1月2日至2019年1月16日〕,本站,2019-01-22 09:34:27 ,2019年1月2日至2019年1月16日,〔2018〕178号（网）土地,二里岗南街北、未来路西,28492.52平方米,河南融创晟元置业有限公司,10352万元,2020-05-11,http://zzland.zhengzhou.gov.cn/tdcr/1745915.jhtml,a44c67e370a2dcdfb88be8dfeab0bab6,
郑州市国土资源局挂牌出让结果公示〔2019年1月8日至2019年1月31日〕,本站,2019-02-01 09:34:58 ,2019年1月8日至2019年1月31日,〔2018〕183号（网）土地,三全路南、园田北路东,64596.08平方米,河南瀚宇天悦城置业有限公司,100775万元,2020-05-11,http://zzland.zhengzhou.gov.cn/tdcr/1745922.jhtml,1111ae22fc1a8c29bea4c9328e27b36a,
郑州市国土资源局挂牌出让结果公示〔2019年1月31日至2019年2月22日〕,本站,2019-02-27 09:26:44 ,,〔2019〕3号（网）土地,科学大道北、金柏路西,109305.29平方米,郑州郑锅电气科技有限公司,64871万元,2020-05-11,http://zzland.zhengzhou.gov.cn/tdcr/1745873.jhtml,667c0aeb3c81cb5821a26962f1e5f12d,
郑州市国土资源局挂牌出让结果公示〔2019年2月11日至2019年2月26日〕,本站,2019-03-05 08:44:12 ,,〔2019〕4号（网）土地,中原西路北辅道北、中州路西,35576.11平方米,郑州华侨城文化旅游开发有限公司,57125万元,2020-05-11,http://zzland.zhengzhou.gov.cn/tdcr/1748218.jhtml,c2889316d5d93ec64d82f529bd22b466,
郑州市国土资源局挂牌出让结果公示〔2019年2月18日至2019年3月11日〕,本站,2019-03-18 08:45:11 ,,〔2019〕10号（网）土地,林荫南路东、同欣路南,34626.81平方米,郑州高屋置业有限公司,31623万元,2020-05-11,http://zzland.zhengzhou.gov.cn/tdcr/1748222.jhtml,5dc7eec40c108bb490936415155008b4,
郑州市国土资源局挂牌出让结果公示〔2019年3月5日至2019年3月29日〕,本站,2019-03-30 14:40:05 ,2019年3月5日至2019年3月29日,〔2019〕15号（网）土地,郑港辅路西、鸿宝路北,48749.36平方米,郑州市二七新区建设投资开发有限公司,106652万元,2020-05-11,http://zzland.zhengzhou.gov.cn/tdcr/1771801.jhtml,fa1ef5e1e09a5d5181baebfaa6c10eb9,
郑州市国土资源局挂牌出让结果公示〔2019年3月21日至2019年4月11日〕,本站,2019-04-13 14:40:46 ,2019年3月21日至2019年4月11日,〔2019〕22号（网）土地,颍河西路南、石羊路东,29662.29平方米,郑州中贯新城置业有限公司,32133万元,2020-05-11,http://zzland.zhengzhou.gov.cn/tdcr/1771808.jhtml,d9a8cea430673ac90fd7d5e293384da2,
郑州市国土资源局挂牌出让结果公示〔2019年3月29日至2019年4月17日〕,本站,2019-04-24 16:29:29 ,2019年3月29日至2019年4月17日,〔2019〕29号（网）土地,郑少高速辅道南、景西一路东,88590.39平方米,河南省天伦乐居置业有限公司,83716万元,2020-05-11,http://zzland.zhengzhou.gov.cn/tdcr/1790565.jhtml,362b274a02c823c1b679771f5f82f73c,
郑州市国土资源局挂牌出让结果公示〔2019年4月9日至2019年4月23日〕,本站,2019-04-30 16:30:12 ,2019年4月9日至2019年4月23日,〔2019〕34号（网）土地,刘湾北路南、兴业路东,30711.58平方米,河南绿地商城置业有限公司,48457万元,2020-05-11,http://zzland.zhengzhou.gov.cn/tdcr/1790575.jhtml,65f1295a3b902dee0821b5997dcbc67e,
