标题,来源,时间,行政区,电子监管号,项目名称,项目位置,面积,土地来源,土地用途,供地方式,土地使用年限,行业分类,土地级别,成交价格,分期支付约定―支付期号,分期支付约定―约定支付日期,分期支付约定―约定支付金额,分期支付约定―备注,土地使用权人,约定容积率――下限,约定容积率――上限,约定交地时间,约定开工时间,约定竣工时间,实际开工时间,实际竣工时间,批准单位,合同签订日期,爬取地址url,唯一标识,
2014年9-12月协议出让结果,本站原创,2015-01-06 18:26:52 ,,,,				刘砦路南、丰乐路西,				0.982452,,				其他普通商品住房用地 ,				协议出让,,,				三级,				2249.687,,,,,				郑州嘉润置业有限公司,,,,,,,,,				2014-12-04,2020-05-12,http://zzland.zhengzhou.gov.cn/xycrjg/1712231.jhtml,fd13efa19eed07cc8a4f18405c482842,
2014年9-12月协议出让结果,本站原创,2015-01-06 18:26:52 ,,,,				西大街南、延陵街西,				0.593929,,				批发零售用地 ,				协议出让,,,				一级,				4380.226,,,,,				河南兴业投资发展有限公司,,,,,,,,,				2014-12-01,2020-05-12,http://zzland.zhengzhou.gov.cn/xycrjg/1712231.jhtml,fd13efa19eed07cc8a4f18405c482842,
2014年9-12月协议出让结果,本站原创,2015-01-06 18:26:52 ,,,,				水磨村南侧,				0.04,,				管道运输用地 ,				协议出让,,,				五级,				21.92,,,,,				河南蓝天燃气股份有限公司,,,,,,,,,				2014-11-24,2020-05-12,http://zzland.zhengzhou.gov.cn/xycrjg/1712231.jhtml,fd13efa19eed07cc8a4f18405c482842,
2014年9-12月协议出让结果,本站原创,2015-01-06 18:26:52 ,,,,				水磨村南侧,				0.01,,				管道运输用地 ,				协议出让,,,				五级,				5.43,,,,,				河南蓝天燃气股份有限公司,,,,,,,,,				2014-11-24,2020-05-12,http://zzland.zhengzhou.gov.cn/xycrjg/1712231.jhtml,fd13efa19eed07cc8a4f18405c482842,
2014年9-12月协议出让结果,本站原创,2015-01-06 18:26:52 ,,,,				丰乐路东、拖厂路北,				1.766175,,				其他普通商品住房用地 ,				协议出让,,,				三级,				4887.006,,,,,				郑州嘉润置业有限公司,,,,,,,,,				2014-11-19,2020-05-12,http://zzland.zhengzhou.gov.cn/xycrjg/1712231.jhtml,fd13efa19eed07cc8a4f18405c482842,
2014年9-12月协议出让结果,本站原创,2015-01-06 18:26:52 ,,,,				城北路南、司庄路东,				0.229588,,				工业用地 ,				协议出让,,,				一级,				97.5749,,,,,				闫云霞,,,,,,,,,				2014-11-18,2020-05-12,http://zzland.zhengzhou.gov.cn/xycrjg/1712231.jhtml,fd13efa19eed07cc8a4f18405c482842,
2015年1-6月市本级协议出让结果,本站原创,2015-06-16 18:29:34 ,,,,				黄河路北、经七路东,				0.42461,,				商务金融用地 ,				协议出让,,,				三级,				979.3205,,,,,				河南省第一建筑工程集团有限责任公司,,,,,,,,,				2015-01-05,2020-05-12,http://zzland.zhengzhou.gov.cn/xycrjg/1712049.jhtml,6637d9ed068f4fe8446f4cc4df67b68f,
2015年1-6月市本级协议出让结果,本站原创,2015-06-16 18:29:34 ,,,,				沙口路东、王府坟南街,				0.78383,,				仓储用地 ,				协议出让,,,				二级,				468.0876,,,,,				河南省第一建筑工程集团有限责任公司,,,,,,,,,				2015-01-05,2020-05-12,http://zzland.zhengzhou.gov.cn/xycrjg/1712049.jhtml,6637d9ed068f4fe8446f4cc4df67b68f,
2015年1-6月市本级协议出让结果,本站原创,2015-06-16 18:29:34 ,,,,				煤炭北街南、文化路西,				1.029945,,				科教用地 ,				协议出让,,,				三级,				1655.33,,,,,				河南省煤炭科学研究院有限公司,,,,,,,,,				2015-02-12,2020-05-12,http://zzland.zhengzhou.gov.cn/xycrjg/1712049.jhtml,6637d9ed068f4fe8446f4cc4df67b68f,
2015年1-6月市本级协议出让结果,本站原创,2015-06-16 18:29:34 ,,,,				黄河路北、铁西路西,				2.485985,,				工业用地 ,				协议出让,,,				三级,				847.7209,,,,,				河南省兴达置业有限公司,,,,,,,,,				2015-01-14,2020-05-12,http://zzland.zhengzhou.gov.cn/xycrjg/1712049.jhtml,6637d9ed068f4fe8446f4cc4df67b68f,
2015年1-6月市本级协议出让结果,本站原创,2015-06-16 18:29:34 ,,,,				政七街东、红专路北,				0.12805,,				商务金融用地 ,				协议出让,,,				四级,				1508.05,,,,,				中国长城资产管理公司郑州办事处,,,,,,,,,				2015-01-09,2020-05-12,http://zzland.zhengzhou.gov.cn/xycrjg/1712049.jhtml,6637d9ed068f4fe8446f4cc4df67b68f,
2015年1-6月市本级协议出让结果,本站原创,2015-06-16 18:29:34 ,,,,				福寿街东、大同路北,				0.028487,,				商务金融用地 ,				协议出让,,,				二级,				276.95,,,,,				郑州国际经济技术合作集团有限公司,,,,,,,,,				2015-01-29,2020-05-12,http://zzland.zhengzhou.gov.cn/xycrjg/1712049.jhtml,6637d9ed068f4fe8446f4cc4df67b68f,
2015年1-6月市本级协议出让结果,本站原创,2015-06-16 18:29:34 ,,,,				福寿街东、大同路北,				0.118541,,				住宿餐饮用地 ,				协议出让,,,				二级,				1201.3,,,,,				郑州国际经济技术合作集团有限公司,,,,,,,,,				2015-01-29,2020-05-12,http://zzland.zhengzhou.gov.cn/xycrjg/1712049.jhtml,6637d9ed068f4fe8446f4cc4df67b68f,
2015年1-6月市本级协议出让结果,本站原创,2015-06-16 18:29:34 ,,,,				桂圆路东、范庄南路北,				8.110332,,				工业用地 ,				协议出让,,,				未评估地区,				3423.47,,,,,				河南聚丰饲料科技有限公司,,,,,,,,,				2015-02-02,2020-05-12,http://zzland.zhengzhou.gov.cn/xycrjg/1712049.jhtml,6637d9ed068f4fe8446f4cc4df67b68f,
2015年1-6月市本级协议出让结果,本站原创,2015-06-16 18:29:34 ,,,,				北下街东、人民路南,				0.183585,,				其他商服用地 ,				协议出让,,,				一级,				853.8538,,,,,				郑州中诚置业发展有限公司,,,,,,,,,				2015-04-12,2020-05-12,http://zzland.zhengzhou.gov.cn/xycrjg/1712049.jhtml,6637d9ed068f4fe8446f4cc4df67b68f,
2015年1-6月市本级协议出让结果,本站原创,2015-06-16 18:29:34 ,,,,				二七区康复中街18号/号楼南单元,				0.004039,,				其他普通商品住房用地 ,				协议出让,,,				三级,				24.08,,,,,				郑州银行股份有限公司,,,,,,,,,				2015-04-16,2020-05-12,http://zzland.zhengzhou.gov.cn/xycrjg/1712049.jhtml,6637d9ed068f4fe8446f4cc4df67b68f,
2015年1-6月市本级协议出让结果,本站原创,2015-06-16 18:29:34 ,,,,				东风路北、南阳路东,				0.003697,,				其他普通商品住房用地 ,				协议出让,,,				四级,				19.49,,,,,				郑州银行股份有限公司,,,,,,,,,				2015-04-27,2020-05-12,http://zzland.zhengzhou.gov.cn/xycrjg/1712049.jhtml,6637d9ed068f4fe8446f4cc4df67b68f,
2015年1-6月市本级协议出让结果,本站原创,2015-06-16 18:29:34 ,,,,				金水路南,				0.018272,,				商务金融用地 ,				协议出让,,,				二级,				77.9,,,,,				郑州银行股份有限公司,,,,,,,,,				2015-04-17,2020-05-12,http://zzland.zhengzhou.gov.cn/xycrjg/1712049.jhtml,6637d9ed068f4fe8446f4cc4df67b68f,
2015年1-6月市本级协议出让结果,本站原创,2015-06-16 18:29:34 ,,,,				郑密公路南、规划路西,				5.014681,,				工业用地 ,				协议出让,,,				未评估地区,				742.1,,,,,				河南正大制管有限公司,,,,,,,,,				2015-05-05,2020-05-12,http://zzland.zhengzhou.gov.cn/xycrjg/1712049.jhtml,6637d9ed068f4fe8446f4cc4df67b68f,
2015年1-6月市本级协议出让结果,本站原创,2015-06-16 18:29:34 ,,,,				友爱路南、嵩山南路西,				0.00282,,				其他普通商品住房用地 ,				协议出让,,,				三级,				22.3344,,,,,				郑州银行股份有限公司,,,,,,,,,				2015-04-28,2020-05-12,http://zzland.zhengzhou.gov.cn/xycrjg/1712049.jhtml,6637d9ed068f4fe8446f4cc4df67b68f,
2015年1-6月市本级协议出让结果,本站原创,2015-06-16 18:29:34 ,,,,				二七区民主路2号主楼1层,				0.005104,,				商务金融用地 ,				协议出让,,,				二级,				63.39,,,,,				郑州银行股份有限公司,,,,,,,,,				2015-06-10,2020-05-12,http://zzland.zhengzhou.gov.cn/xycrjg/1712049.jhtml,6637d9ed068f4fe8446f4cc4df67b68f,
2014年11月-2015协议出让结果,本站原创,2015-12-19 15:46:15 ,,,,				城北路南、司庄路东,				0.229588,,				工业用地,				协议出让,,,,				97.5749,,,,,				闫云霞,,,,,,,,,				2014-11-18,2020-05-12,http://zzland.zhengzhou.gov.cn/xycrjg/1712182.jhtml,652a9129e8edf8db2ceb745a8656786e,
2014年11月-2015协议出让结果,本站原创,2015-12-19 15:46:15 ,,,,				丰乐路东、拖厂路北,				1.766175,,				其他普通商品住房用地,				协议出让,,,,				4887.006,,,,,				郑州嘉润置业有限公司,,,,,,,,,				2014-11-19,2020-05-12,http://zzland.zhengzhou.gov.cn/xycrjg/1712182.jhtml,652a9129e8edf8db2ceb745a8656786e,
2014年11月-2015协议出让结果,本站原创,2015-12-19 15:46:15 ,,,,				水磨村南侧,				0.01,,				管道运输用地,				协议出让,,,,				5.43,,,,,				河南蓝天燃气股份有限公司,,,,,,,,,				2014-11-24,2020-05-12,http://zzland.zhengzhou.gov.cn/xycrjg/1712182.jhtml,652a9129e8edf8db2ceb745a8656786e,
2014年11月-2015协议出让结果,本站原创,2015-12-19 15:46:15 ,,,,				水磨村南侧,				0.04,,				管道运输用地,				协议出让,,,,				21.92,,,,,				河南蓝天燃气股份有限公司,,,,,,,,,				2014-11-24,2020-05-12,http://zzland.zhengzhou.gov.cn/xycrjg/1712182.jhtml,652a9129e8edf8db2ceb745a8656786e,
2014年11月-2015协议出让结果,本站原创,2015-12-19 15:46:15 ,,,,				西大街南、延陵街西,				0.593929,,				批发零售用地,				协议出让,,,,				4380.226,,,,,				河南兴业投资发展有限公司,,,,,,,,,				2014-12-01,2020-05-12,http://zzland.zhengzhou.gov.cn/xycrjg/1712182.jhtml,652a9129e8edf8db2ceb745a8656786e,
2014年11月-2015协议出让结果,本站原创,2015-12-19 15:46:15 ,,,,				刘砦路南、丰乐路西,				0.982452,,				其他普通商品住房用地,				协议出让,,,,				2249.687,,,,,				郑州嘉润置业有限公司,,,,,,,,,				2014-12-04,2020-05-12,http://zzland.zhengzhou.gov.cn/xycrjg/1712182.jhtml,652a9129e8edf8db2ceb745a8656786e,
2014年11月-2015协议出让结果,本站原创,2015-12-19 15:46:15 ,,,,				沙口路东、王府坟南街,				0.78383,,				仓储用地,				协议出让,,,,				468.0876,,,,,				河南省第一建筑工程集团有限责任公司,,,,,,,,,				2015-01-05,2020-05-12,http://zzland.zhengzhou.gov.cn/xycrjg/1712182.jhtml,652a9129e8edf8db2ceb745a8656786e,
2014年11月-2015协议出让结果,本站原创,2015-12-19 15:46:15 ,,,,				黄河路北、经七路东,				0.42461,,				商务金融用地,				协议出让,,,,				979.3205,,,,,				河南省第一建筑工程集团有限责任公司,,,,,,,,,				2015-01-05,2020-05-12,http://zzland.zhengzhou.gov.cn/xycrjg/1712182.jhtml,652a9129e8edf8db2ceb745a8656786e,
2014年11月-2015协议出让结果,本站原创,2015-12-19 15:46:15 ,,,,				政七街东、红专路北,				0.12805,,				商务金融用地,				协议出让,,,,				1508.05,,,,,				中国长城资产管理公司郑州办事处,,,,,,,,,				2015-01-09,2020-05-12,http://zzland.zhengzhou.gov.cn/xycrjg/1712182.jhtml,652a9129e8edf8db2ceb745a8656786e,
2014年11月-2015协议出让结果,本站原创,2015-12-19 15:46:15 ,,,,				黄河路北、铁西路西,				2.485985,,				工业用地,				协议出让,,,,				847.7209,,,,,				河南省兴达置业有限公司,,,,,,,,,				2015-01-14,2020-05-12,http://zzland.zhengzhou.gov.cn/xycrjg/1712182.jhtml,652a9129e8edf8db2ceb745a8656786e,
2014年11月-2015协议出让结果,本站原创,2015-12-19 15:46:15 ,,,,				福寿街东、大同路北,				0.028487,,				商务金融用地,				协议出让,,,,				276.95,,,,,				郑州国际经济技术合作集团有限公司,,,,,,,,,				2015-01-29,2020-05-12,http://zzland.zhengzhou.gov.cn/xycrjg/1712182.jhtml,652a9129e8edf8db2ceb745a8656786e,
2014年11月-2015协议出让结果,本站原创,2015-12-19 15:46:15 ,,,,				福寿街东、大同路北,				0.118541,,				住宿餐饮用地,				协议出让,,,,				1201.3,,,,,				郑州国际经济技术合作集团有限公司,,,,,,,,,				2015-01-29,2020-05-12,http://zzland.zhengzhou.gov.cn/xycrjg/1712182.jhtml,652a9129e8edf8db2ceb745a8656786e,
2014年11月-2015协议出让结果,本站原创,2015-12-19 15:46:15 ,,,,				桂圆路东、范庄南路北,				8.110332,,				工业用地,				协议出让,,,,				3423.47,,,,,				河南聚丰饲料科技有限公司,,,,,,,,,				2015-02-02,2020-05-12,http://zzland.zhengzhou.gov.cn/xycrjg/1712182.jhtml,652a9129e8edf8db2ceb745a8656786e,
2014年11月-2015协议出让结果,本站原创,2015-12-19 15:46:15 ,,,,				煤炭北街南、文化路西,				1.029945,,				科教用地,				协议出让,,,,				1655.33,,,,,				河南省煤炭科学研究院有限公司,,,,,,,,,				2015-02-12,2020-05-12,http://zzland.zhengzhou.gov.cn/xycrjg/1712182.jhtml,652a9129e8edf8db2ceb745a8656786e,
2014年11月-2015协议出让结果,本站原创,2015-12-19 15:46:15 ,,,,				北下街东、人民路南,				0.183585,,				其他商服用地,				协议出让,,,,				853.8538,,,,,				郑州中诚置业发展有限公司,,,,,,,,,				2015-04-12,2020-05-12,http://zzland.zhengzhou.gov.cn/xycrjg/1712182.jhtml,652a9129e8edf8db2ceb745a8656786e,
2014年11月-2015协议出让结果,本站原创,2015-12-19 15:46:15 ,,,,				二七区康复中街18号/号楼南单元,				0.004039,,				其他普通商品住房用地,				协议出让,,,,				24.08,,,,,				郑州银行股份有限公司,,,,,,,,,				2015-04-16,2020-05-12,http://zzland.zhengzhou.gov.cn/xycrjg/1712182.jhtml,652a9129e8edf8db2ceb745a8656786e,
2014年11月-2015协议出让结果,本站原创,2015-12-19 15:46:15 ,,,,				金水路南,				0.018272,,				商务金融用地,				协议出让,,,,				77.9,,,,,				郑州银行股份有限公司,,,,,,,,,				2015-04-17,2020-05-12,http://zzland.zhengzhou.gov.cn/xycrjg/1712182.jhtml,652a9129e8edf8db2ceb745a8656786e,
2014年11月-2015协议出让结果,本站原创,2015-12-19 15:46:15 ,,,,				东风路北、南阳路东,				0.003697,,				其他普通商品住房用地,				协议出让,,,,				19.49,,,,,				郑州银行股份有限公司,,,,,,,,,				2015-04-27,2020-05-12,http://zzland.zhengzhou.gov.cn/xycrjg/1712182.jhtml,652a9129e8edf8db2ceb745a8656786e,
2014年11月-2015协议出让结果,本站原创,2015-12-19 15:46:15 ,,,,				友爱路南、嵩山南路西,				0.00282,,				其他普通商品住房用地,				协议出让,,,,				22.3344,,,,,				郑州银行股份有限公司,,,,,,,,,				2015-04-28,2020-05-12,http://zzland.zhengzhou.gov.cn/xycrjg/1712182.jhtml,652a9129e8edf8db2ceb745a8656786e,
2014年11月-2015协议出让结果,本站原创,2015-12-19 15:46:15 ,,,,				郑密公路南、规划路西,				5.014681,,				工业用地,				协议出让,,,,				742.1,,,,,				河南正大制管有限公司,,,,,,,,,				2015-05-05,2020-05-12,http://zzland.zhengzhou.gov.cn/xycrjg/1712182.jhtml,652a9129e8edf8db2ceb745a8656786e,
2014年11月-2015协议出让结果,本站原创,2015-12-19 15:46:15 ,,,,				二七区民主路2号主楼1层,				0.005104,,				商务金融用地,				协议出让,,,,				63.39,,,,,				郑州银行股份有限公司,,,,,,,,,				2015-06-10,2020-05-12,http://zzland.zhengzhou.gov.cn/xycrjg/1712182.jhtml,652a9129e8edf8db2ceb745a8656786e,
2014年11月-2015协议出让结果,本站原创,2015-12-19 15:46:15 ,,,,				中原路南、前进路东,				0.210432,,				科教用地,				协议出让,,,,				149.4067,,,,,				机械工业第六设计研究院有限公司,,,,,,,,,				2015-06-23,2020-05-12,http://zzland.zhengzhou.gov.cn/xycrjg/1712182.jhtml,652a9129e8edf8db2ceb745a8656786e,
2014年11月-2015协议出让结果,本站原创,2015-12-19 15:46:15 ,,,,				中原路南、前进路东,				1.144206,,				科教用地,				协议出让,,,,				976.0077,,,,,				机械工业第六设计研究院有限公司,,,,,,,,,				2015-06-23,2020-05-12,http://zzland.zhengzhou.gov.cn/xycrjg/1712182.jhtml,652a9129e8edf8db2ceb745a8656786e,
2014年11月-2015协议出让结果,本站原创,2015-12-19 15:46:15 ,,,,				中州大道东、贾鲁河南,				28.87858,,				公共设施用地,				协议出让,,,,				12417.8,,,,,				郑州市污水净化有限公司,,,,,,,,,				2015-06-25,2020-05-12,http://zzland.zhengzhou.gov.cn/xycrjg/1712182.jhtml,652a9129e8edf8db2ceb745a8656786e,
2014年11月-2015协议出让结果,本站原创,2015-12-19 15:46:15 ,,,,				中州大道东、贾鲁河南,				1.680024,,				公共设施用地,				协议出让,,,,				730.8104,,,,,				郑州市污水净化有限公司,,,,,,,,,				2015-06-25,2020-05-12,http://zzland.zhengzhou.gov.cn/xycrjg/1712182.jhtml,652a9129e8edf8db2ceb745a8656786e,
2014年11月-2015协议出让结果,本站原创,2015-12-19 15:46:15 ,,,,				长椿路西、合欢街北,				3.138079,,				其他普通商品住房用地,				协议出让,,,,				4424.69,,,,,				郑州高新区梧桐办事处郭庄村村民委员会,,,,,,,,,				2015-06-26,2020-05-12,http://zzland.zhengzhou.gov.cn/xycrjg/1712182.jhtml,652a9129e8edf8db2ceb745a8656786e,
2014年11月-2015协议出让结果,本站原创,2015-12-19 15:46:15 ,,,,				五龙口路北、蓝天路西,				8.631992,,				公共设施用地,				协议出让,,,,				5377.731,,,,,				郑州市污水净化有限公司,,,,,,,,,				2015-06-30,2020-05-12,http://zzland.zhengzhou.gov.cn/xycrjg/1712182.jhtml,652a9129e8edf8db2ceb745a8656786e,
2014年11月-2015协议出让结果,本站原创,2015-12-19 15:46:15 ,,,,				五龙口南路北、蓝天路西,				2.168721,,				公共设施用地,				协议出让,,,,				1351.113,,,,,				郑州市污水净化有限公司,,,,,,,,,				2015-06-30,2020-05-12,http://zzland.zhengzhou.gov.cn/xycrjg/1712182.jhtml,652a9129e8edf8db2ceb745a8656786e,
2014年11月-2015协议出让结果,本站原创,2015-12-19 15:46:15 ,,,,				冉屯东路东、五龙口南路北,				9.773633,,				公共设施用地,				协议出让,,,,				6088.973,,,,,				郑州市污水净化有限公司,,,,,,,,,				2015-06-30,2020-05-12,http://zzland.zhengzhou.gov.cn/xycrjg/1712182.jhtml,652a9129e8edf8db2ceb745a8656786e,
2014年11月-2015协议出让结果,本站原创,2015-12-19 15:46:15 ,,,,				开元路北、文化路西,				1.346263,,				批发零售用地,				协议出让,,,,				8999.77,,,,,				河南能源化工集团龙城建设投资有限公司,,,,,,,,,				2015-07-08,2020-05-12,http://zzland.zhengzhou.gov.cn/xycrjg/1712182.jhtml,652a9129e8edf8db2ceb745a8656786e,
2014年11月-2015协议出让结果,本站原创,2015-12-19 15:46:15 ,,,,				贾鲁河南、迎宾东路西,				26.27806,,				公共设施用地,				协议出让,,,,				11325.84,,,,,				郑州市污水净化有限公司,,,,,,,,,				2015-07-13,2020-05-12,http://zzland.zhengzhou.gov.cn/xycrjg/1712182.jhtml,652a9129e8edf8db2ceb745a8656786e,
2014年11月-2015协议出让结果,本站原创,2015-12-19 15:46:15 ,,,,				郑峪路南、日照路东,				4.4202,,				公共设施用地,				协议出让,,,,				1821.122,,,,,				郑州市污水净化有限公司,,,,,,,,,				2015-07-13,2020-05-12,http://zzland.zhengzhou.gov.cn/xycrjg/1712182.jhtml,652a9129e8edf8db2ceb745a8656786e,
2014年11月-2015协议出让结果,本站原创,2015-12-19 15:46:15 ,,,,				南三环南、紫辰路东,				7.261689,,				公共设施用地,				协议出让,,,,				3108.003,,,,,				郑州市污水净化有限公司,,,,,,,,,				2015-07-13,2020-05-12,http://zzland.zhengzhou.gov.cn/xycrjg/1712182.jhtml,652a9129e8edf8db2ceb745a8656786e,
2014年11月-2015协议出让结果,本站原创,2015-12-19 15:46:15 ,,,,				郑邙公路西、古花公路北,				2.857924,,				仓储用地,				协议出让,,,,				1263.202,,,,,				中国石油天然气股份有限公司河南销售分公司,,,,,,,,,				2015-07-15,2020-05-12,http://zzland.zhengzhou.gov.cn/xycrjg/1712182.jhtml,652a9129e8edf8db2ceb745a8656786e,
2014年11月-2015协议出让结果,本站原创,2015-12-19 15:46:15 ,,,,				新城路北、天河路西,				16.70767,,				其他普通商品住房用地,				协议出让,,,,				61450.81,,,,,				河南明韬实业股份有限公司,,,,,,,,,				2015-07-21,2020-05-12,http://zzland.zhengzhou.gov.cn/xycrjg/1712182.jhtml,652a9129e8edf8db2ceb745a8656786e,
2014年11月-2015协议出让结果,本站原创,2015-12-19 15:46:15 ,,,,				南阳路西、农业路北,				0.181457,,				工业用地,				协议出让,,,,				154.97,,,,,				郑州冠森置业有限责任公司,,,,,,,,,				2015-07-24,2020-05-12,http://zzland.zhengzhou.gov.cn/xycrjg/1712182.jhtml,652a9129e8edf8db2ceb745a8656786e,
2014年11月-2015协议出让结果,本站原创,2015-12-19 15:46:15 ,,,,				西环路东、振兴路南,				6.071882,,				工业用地,				协议出让,,,,				3770.639,,,,,				河南灏宇纸品有限公司,,,,,,,,,				2015-07-29,2020-05-12,http://zzland.zhengzhou.gov.cn/xycrjg/1712182.jhtml,652a9129e8edf8db2ceb745a8656786e,
2014年11月-2015协议出让结果,本站原创,2015-12-19 15:46:15 ,,,,				寒山路北、嵩山南路西,				0.396661,,				批发零售用地,				协议出让,,,,				3406.525,,,,,				河南动力源燃气有限公司,,,,,,,,,				2015-07-29,2020-05-12,http://zzland.zhengzhou.gov.cn/xycrjg/1712182.jhtml,652a9129e8edf8db2ceb745a8656786e,
2014年11月-2015协议出让结果,本站原创,2015-12-19 15:46:15 ,,,,				航海路南、碧云路西,				3.541402,,				其他普通商品住房用地,				协议出让,,,,				11427.18,,,,,				郑州市二七区京广路街道办事处冯庄社区居民管理委员会,,,,,,,,,				2015-08-04,2020-05-12,http://zzland.zhengzhou.gov.cn/xycrjg/1712182.jhtml,652a9129e8edf8db2ceb745a8656786e,
2014年11月-2015协议出让结果,本站原创,2015-12-19 15:46:15 ,,,,				同兴街南、通用路西,				6.943674,,				工业用地,				协议出让,,,,				3867.626,,,,,				郑州三中收获实业有限公司,,,,,,,,,				2015-08-04,2020-05-12,http://zzland.zhengzhou.gov.cn/xycrjg/1712182.jhtml,652a9129e8edf8db2ceb745a8656786e,
2014年11月-2015协议出让结果,本站原创,2015-12-19 15:46:15 ,,,,				中原西路南、杏湾路两侧,				1.379655,,				仓储用地,				协议出让,,,,				402.86,,,,,				河南省冶金建材物资供销有限公司,,,,,,,,,				2015-09-14,2020-05-12,http://zzland.zhengzhou.gov.cn/xycrjg/1712182.jhtml,652a9129e8edf8db2ceb745a8656786e,
2014年11月-2015协议出让结果,本站原创,2015-12-19 15:46:15 ,,,,				前进路东、建设西路南,				0.006156,,				其他普通商品住房用地,				协议出让,,,,				14.68,,,,,				郑州市郑通机电设备有限责任公司,,,,,,,,,				2015-09-22,2020-05-12,http://zzland.zhengzhou.gov.cn/xycrjg/1712182.jhtml,652a9129e8edf8db2ceb745a8656786e,
2014年11月-2015协议出让结果,本站原创,2015-12-19 15:46:15 ,,,,				建设西路南、前进路东,				0.233923,,				其他普通商品住房用地,				协议出让,,,,				554.62,,,,,				郑州市郑通机电设备有限责任公司,,,,,,,,,				2015-09-22,2020-05-12,http://zzland.zhengzhou.gov.cn/xycrjg/1712182.jhtml,652a9129e8edf8db2ceb745a8656786e,
2014年11月-2015协议出让结果,本站原创,2015-12-19 15:46:15 ,,,,				建设西路南、前进路东,				0.002471,,				其他普通商品住房用地,				协议出让,,,,				5.91,,,,,				郑州市郑通机电设备有限责任公司,,,,,,,,,				2015-09-22,2020-05-12,http://zzland.zhengzhou.gov.cn/xycrjg/1712182.jhtml,652a9129e8edf8db2ceb745a8656786e,
2014年11月-2015协议出让结果,本站原创,2015-12-19 15:46:15 ,,,,				建设西路南、前进路东,				0.011151,,				其他普通商品住房用地,				协议出让,,,,				26.07,,,,,				郑州市郑通机电设备有限责任公司,,,,,,,,,				2015-09-22,2020-05-12,http://zzland.zhengzhou.gov.cn/xycrjg/1712182.jhtml,652a9129e8edf8db2ceb745a8656786e,
2014年11月-2015协议出让结果,本站原创,2015-12-19 15:46:15 ,,,,				前进路东、中原路北,				0.0756,,				工业用地,				协议出让,,,,				401.8956,,,,,				郑州晟禾实业有限公司,,,,,,,,,				2015-10-13,2020-05-12,http://zzland.zhengzhou.gov.cn/xycrjg/1712182.jhtml,652a9129e8edf8db2ceb745a8656786e,
2014年11月-2015协议出让结果,本站原创,2015-12-19 15:46:15 ,,,,				明晖路东、发展路南,				9.067152,,				工业用地,				协议出让,,,,				5032.269,,,,,				郑州新大方重工科技有限公司,,,,,,,,,				2015-10-15,2020-05-12,http://zzland.zhengzhou.gov.cn/xycrjg/1712182.jhtml,652a9129e8edf8db2ceb745a8656786e,
2014年11月-2015协议出让结果,本站原创,2015-12-19 15:46:15 ,,,,				明晖路东、发展路北,				4.811052,,				工业用地,				协议出让,,,,				2660.512,,,,,				郑州新大方重工科技有限公司,,,,,,,,,				2015-10-15,2020-05-12,http://zzland.zhengzhou.gov.cn/xycrjg/1712182.jhtml,652a9129e8edf8db2ceb745a8656786e,
2014年11月-2015协议出让结果,本站原创,2015-12-19 15:46:15 ,,,,				西四环辅道西、昌达路南,				0.957288,,				工业用地,				协议出让,,,,				697.86,,,,,				河南新成纺织贸易有限公司,,,,,,,,,				2015-10-19,2020-05-12,http://zzland.zhengzhou.gov.cn/xycrjg/1712182.jhtml,652a9129e8edf8db2ceb745a8656786e,
2014年11月-2015协议出让结果,本站原创,2015-12-19 15:46:15 ,,,,				西四环辅道西、新达路北,				1.711017,,				工业用地,				协议出让,,,,				1247.33,,,,,				郑州新达服饰有限公司,,,,,,,,,				2015-10-19,2020-05-12,http://zzland.zhengzhou.gov.cn/xycrjg/1712182.jhtml,652a9129e8edf8db2ceb745a8656786e,
2014年11月-2015协议出让结果,本站原创,2015-12-19 15:46:15 ,,,,				须水河东路东、荣达路南,				0.952646,,				工业用地,				协议出让,,,,				683.05,,,,,				郑州市美芙妮服饰有限公司,,,,,,,,,				2015-10-19,2020-05-12,http://zzland.zhengzhou.gov.cn/xycrjg/1712182.jhtml,652a9129e8edf8db2ceb745a8656786e,
2014年11月-2015协议出让结果,本站原创,2015-12-19 15:46:15 ,,,,				须水河东路东、荣达路北,				1.500031,,				工业用地,				协议出让,,,,				1080.02,,,,,				郑州纳兰尔服饰有限公司,,,,,,,,,				2015-10-19,2020-05-12,http://zzland.zhengzhou.gov.cn/xycrjg/1712182.jhtml,652a9129e8edf8db2ceb745a8656786e,
2014年11月-2015协议出让结果,本站原创,2015-12-19 15:46:15 ,,,,				须水河东路东、昌达路北,				1.999423,,				工业用地,				协议出让,,,,				1439.58,,,,,				郑州若宇服饰有限公司,,,,,,,,,				2015-10-19,2020-05-12,http://zzland.zhengzhou.gov.cn/xycrjg/1712182.jhtml,652a9129e8edf8db2ceb745a8656786e,
2014年11月-2015协议出让结果,本站原创,2015-12-19 15:46:15 ,,,,				须水河东路东、昌达路南,				2.705668,,				工业用地,				协议出让,,,,				1948.08,,,,,				郑州渡森服饰有限公司,,,,,,,,,				2015-10-19,2020-05-12,http://zzland.zhengzhou.gov.cn/xycrjg/1712182.jhtml,652a9129e8edf8db2ceb745a8656786e,
2014年11月-2015协议出让结果,本站原创,2015-12-19 15:46:15 ,,,,				西四环辅道西、昌达路北,				5.322941,,				工业用地,				协议出让,,,,				3880.42,,,,,				郑州市娅丽达服饰有限公司,,,,,,,,,				2015-10-19,2020-05-12,http://zzland.zhengzhou.gov.cn/xycrjg/1712182.jhtml,652a9129e8edf8db2ceb745a8656786e,
2014年11月-2015协议出让结果,本站原创,2015-12-19 15:46:15 ,,,,				西四环辅道西、顺达路南,				1.632439,,				工业用地,				协议出让,,,,				1190.05,,,,,				郑州迪尔服饰有限公司,,,,,,,,,				2015-10-19,2020-05-12,http://zzland.zhengzhou.gov.cn/xycrjg/1712182.jhtml,652a9129e8edf8db2ceb745a8656786e,
2014年11月-2015协议出让结果,本站原创,2015-12-19 15:46:15 ,,,,				须水河东路东、顺达路南,				4.486429,,				工业用地,				协议出让,,,,				3230.23,,,,,				郑州云顶服饰有限公司,,,,,,,,,				2015-10-19,2020-05-12,http://zzland.zhengzhou.gov.cn/xycrjg/1712182.jhtml,652a9129e8edf8db2ceb745a8656786e,
2014年11月-2015协议出让结果,本站原创,2015-12-19 15:46:15 ,,,,				须水河东路东、新达路南,				7.470975,,				工业用地,				协议出让,,,,				5491.17,,,,,				郑州领秀服饰有限公司,,,,,,,,,				2015-10-19,2020-05-12,http://zzland.zhengzhou.gov.cn/xycrjg/1712182.jhtml,652a9129e8edf8db2ceb745a8656786e,
2014年11月-2015协议出让结果,本站原创,2015-12-19 15:46:15 ,,,,				须水河东路东、荣达路南,				0.830197,,				工业用地,				协议出让,,,,				592.76,,,,,				郑州奥法罗服饰有限公司,,,,,,,,,				2015-10-19,2020-05-12,http://zzland.zhengzhou.gov.cn/xycrjg/1712182.jhtml,652a9129e8edf8db2ceb745a8656786e,
2014年11月-2015协议出让结果,本站原创,2015-12-19 15:46:15 ,,,,				西四环辅道西、通达路南,				4.000545,,				工业用地,				协议出让,,,,				2916.4,,,,,				河南纽伦钱塘服饰有限公司,,,,,,,,,				2015-10-19,2020-05-12,http://zzland.zhengzhou.gov.cn/xycrjg/1712182.jhtml,652a9129e8edf8db2ceb745a8656786e,
2014年11月-2015协议出让结果,本站原创,2015-12-19 15:46:15 ,,,,				南阳新街南、天明路西,				1.048422,,				其他普通商品住房用地,				协议出让,,,,				4786.36,,,,,				河南正道房地产开发有限公司,,,,,,,,,				2015-11-02,2020-05-12,http://zzland.zhengzhou.gov.cn/xycrjg/1712182.jhtml,652a9129e8edf8db2ceb745a8656786e,
2014年11月-2015协议出让结果,本站原创,2015-12-19 15:46:15 ,,,,				郑上路南、石庙路东,				11.84156,,				工业用地,				协议出让,,,,				8431.19,,,,,				郑州水工机械有限公司,,,,,,,,,				2015-11-19,2020-05-12,http://zzland.zhengzhou.gov.cn/xycrjg/1712182.jhtml,652a9129e8edf8db2ceb745a8656786e,
2014年11月-2015协议出让结果,本站原创,2015-12-19 15:46:15 ,,,,				迎欣南路南、西四环辅道西,				0.637078,,				商务金融用地,				协议出让,,,,				4263.96,,,,,				郑州市纺织产业园建设开发有限公司,,,,,,,,,				2015-11-19,2020-05-12,http://zzland.zhengzhou.gov.cn/xycrjg/1712182.jhtml,652a9129e8edf8db2ceb745a8656786e,
2014年11月-2015协议出让结果,本站原创,2015-12-19 15:46:15 ,,,,				农业路南、南阳路西,				0.040362,,				其他普通商品住房用地,				协议出让,,,,				62.64,,,,,				郑州市郑通机电设备有限责任公司,,,,,,,,,				2015-11-25,2020-05-12,http://zzland.zhengzhou.gov.cn/xycrjg/1712182.jhtml,652a9129e8edf8db2ceb745a8656786e,
2014年11月-2015协议出让结果,本站原创,2015-12-19 15:46:15 ,,,,				须水河东路东、通达路南,				1.518615,,				工业用地,				协议出让,,,,				1093.4,,,,,				郑州丽丽服饰有限公司,,,,,,,,,				2015-11-27,2020-05-12,http://zzland.zhengzhou.gov.cn/xycrjg/1712182.jhtml,652a9129e8edf8db2ceb745a8656786e,
2014年11月-2015协议出让结果,本站原创,2015-12-19 15:46:15 ,,,,				郑上路北、153医院东,				3.489283,,				工业用地,				协议出让,,,,				2772.823,,,,,				郑州市巨象环保建材有限公司,,,,,,,,,				2015-12-12,2020-05-12,http://zzland.zhengzhou.gov.cn/xycrjg/1712182.jhtml,652a9129e8edf8db2ceb745a8656786e,
2014年9-12月协议出让结果,本站原创,2015-01-06 18:26:52 ,,,,				刘砦路南、丰乐路西,				0.982452,,				其他普通商品住房用地 ,				协议出让,,,				三级,				2249.687,,,,,				郑州嘉润置业有限公司,,,,,,,,,				2014-12-04,2020-05-12,http://zzland.zhengzhou.gov.cn/xycrjg/1712231.jhtml,fd13efa19eed07cc8a4f18405c482842,
2014年9-12月协议出让结果,本站原创,2015-01-06 18:26:52 ,,,,				西大街南、延陵街西,				0.593929,,				批发零售用地 ,				协议出让,,,				一级,				4380.226,,,,,				河南兴业投资发展有限公司,,,,,,,,,				2014-12-01,2020-05-12,http://zzland.zhengzhou.gov.cn/xycrjg/1712231.jhtml,fd13efa19eed07cc8a4f18405c482842,
2014年9-12月协议出让结果,本站原创,2015-01-06 18:26:52 ,,,,				水磨村南侧,				0.04,,				管道运输用地 ,				协议出让,,,				五级,				21.92,,,,,				河南蓝天燃气股份有限公司,,,,,,,,,				2014-11-24,2020-05-12,http://zzland.zhengzhou.gov.cn/xycrjg/1712231.jhtml,fd13efa19eed07cc8a4f18405c482842,
2014年9-12月协议出让结果,本站原创,2015-01-06 18:26:52 ,,,,				水磨村南侧,				0.01,,				管道运输用地 ,				协议出让,,,				五级,				5.43,,,,,				河南蓝天燃气股份有限公司,,,,,,,,,				2014-11-24,2020-05-12,http://zzland.zhengzhou.gov.cn/xycrjg/1712231.jhtml,fd13efa19eed07cc8a4f18405c482842,
2014年9-12月协议出让结果,本站原创,2015-01-06 18:26:52 ,,,,				丰乐路东、拖厂路北,				1.766175,,				其他普通商品住房用地 ,				协议出让,,,				三级,				4887.006,,,,,				郑州嘉润置业有限公司,,,,,,,,,				2014-11-19,2020-05-12,http://zzland.zhengzhou.gov.cn/xycrjg/1712231.jhtml,fd13efa19eed07cc8a4f18405c482842,
2014年9-12月协议出让结果,本站原创,2015-01-06 18:26:52 ,,,,				城北路南、司庄路东,				0.229588,,				工业用地 ,				协议出让,,,				一级,				97.5749,,,,,				闫云霞,,,,,,,,,				2014-11-18,2020-05-12,http://zzland.zhengzhou.gov.cn/xycrjg/1712231.jhtml,fd13efa19eed07cc8a4f18405c482842,
2015年1-6月市本级协议出让结果,本站原创,2015-06-16 18:29:34 ,,,,				黄河路北、经七路东,				0.42461,,				商务金融用地 ,				协议出让,,,				三级,				979.3205,,,,,				河南省第一建筑工程集团有限责任公司,,,,,,,,,				2015-01-05,2020-05-12,http://zzland.zhengzhou.gov.cn/xycrjg/1712049.jhtml,6637d9ed068f4fe8446f4cc4df67b68f,
2015年1-6月市本级协议出让结果,本站原创,2015-06-16 18:29:34 ,,,,				沙口路东、王府坟南街,				0.78383,,				仓储用地 ,				协议出让,,,				二级,				468.0876,,,,,				河南省第一建筑工程集团有限责任公司,,,,,,,,,				2015-01-05,2020-05-12,http://zzland.zhengzhou.gov.cn/xycrjg/1712049.jhtml,6637d9ed068f4fe8446f4cc4df67b68f,
2015年1-6月市本级协议出让结果,本站原创,2015-06-16 18:29:34 ,,,,				煤炭北街南、文化路西,				1.029945,,				科教用地 ,				协议出让,,,				三级,				1655.33,,,,,				河南省煤炭科学研究院有限公司,,,,,,,,,				2015-02-12,2020-05-12,http://zzland.zhengzhou.gov.cn/xycrjg/1712049.jhtml,6637d9ed068f4fe8446f4cc4df67b68f,
2015年1-6月市本级协议出让结果,本站原创,2015-06-16 18:29:34 ,,,,				黄河路北、铁西路西,				2.485985,,				工业用地 ,				协议出让,,,				三级,				847.7209,,,,,				河南省兴达置业有限公司,,,,,,,,,				2015-01-14,2020-05-12,http://zzland.zhengzhou.gov.cn/xycrjg/1712049.jhtml,6637d9ed068f4fe8446f4cc4df67b68f,
2015年1-6月市本级协议出让结果,本站原创,2015-06-16 18:29:34 ,,,,				政七街东、红专路北,				0.12805,,				商务金融用地 ,				协议出让,,,				四级,				1508.05,,,,,				中国长城资产管理公司郑州办事处,,,,,,,,,				2015-01-09,2020-05-12,http://zzland.zhengzhou.gov.cn/xycrjg/1712049.jhtml,6637d9ed068f4fe8446f4cc4df67b68f,
2015年1-6月市本级协议出让结果,本站原创,2015-06-16 18:29:34 ,,,,				福寿街东、大同路北,				0.028487,,				商务金融用地 ,				协议出让,,,				二级,				276.95,,,,,				郑州国际经济技术合作集团有限公司,,,,,,,,,				2015-01-29,2020-05-12,http://zzland.zhengzhou.gov.cn/xycrjg/1712049.jhtml,6637d9ed068f4fe8446f4cc4df67b68f,
2015年1-6月市本级协议出让结果,本站原创,2015-06-16 18:29:34 ,,,,				福寿街东、大同路北,				0.118541,,				住宿餐饮用地 ,				协议出让,,,				二级,				1201.3,,,,,				郑州国际经济技术合作集团有限公司,,,,,,,,,				2015-01-29,2020-05-12,http://zzland.zhengzhou.gov.cn/xycrjg/1712049.jhtml,6637d9ed068f4fe8446f4cc4df67b68f,
2015年1-6月市本级协议出让结果,本站原创,2015-06-16 18:29:34 ,,,,				桂圆路东、范庄南路北,				8.110332,,				工业用地 ,				协议出让,,,				未评估地区,				3423.47,,,,,				河南聚丰饲料科技有限公司,,,,,,,,,				2015-02-02,2020-05-12,http://zzland.zhengzhou.gov.cn/xycrjg/1712049.jhtml,6637d9ed068f4fe8446f4cc4df67b68f,
2015年1-6月市本级协议出让结果,本站原创,2015-06-16 18:29:34 ,,,,				北下街东、人民路南,				0.183585,,				其他商服用地 ,				协议出让,,,				一级,				853.8538,,,,,				郑州中诚置业发展有限公司,,,,,,,,,				2015-04-12,2020-05-12,http://zzland.zhengzhou.gov.cn/xycrjg/1712049.jhtml,6637d9ed068f4fe8446f4cc4df67b68f,
2015年1-6月市本级协议出让结果,本站原创,2015-06-16 18:29:34 ,,,,				二七区康复中街18号/号楼南单元,				0.004039,,				其他普通商品住房用地 ,				协议出让,,,				三级,				24.08,,,,,				郑州银行股份有限公司,,,,,,,,,				2015-04-16,2020-05-12,http://zzland.zhengzhou.gov.cn/xycrjg/1712049.jhtml,6637d9ed068f4fe8446f4cc4df67b68f,
2015年1-6月市本级协议出让结果,本站原创,2015-06-16 18:29:34 ,,,,				东风路北、南阳路东,				0.003697,,				其他普通商品住房用地 ,				协议出让,,,				四级,				19.49,,,,,				郑州银行股份有限公司,,,,,,,,,				2015-04-27,2020-05-12,http://zzland.zhengzhou.gov.cn/xycrjg/1712049.jhtml,6637d9ed068f4fe8446f4cc4df67b68f,
2015年1-6月市本级协议出让结果,本站原创,2015-06-16 18:29:34 ,,,,				金水路南,				0.018272,,				商务金融用地 ,				协议出让,,,				二级,				77.9,,,,,				郑州银行股份有限公司,,,,,,,,,				2015-04-17,2020-05-12,http://zzland.zhengzhou.gov.cn/xycrjg/1712049.jhtml,6637d9ed068f4fe8446f4cc4df67b68f,
2015年1-6月市本级协议出让结果,本站原创,2015-06-16 18:29:34 ,,,,				郑密公路南、规划路西,				5.014681,,				工业用地 ,				协议出让,,,				未评估地区,				742.1,,,,,				河南正大制管有限公司,,,,,,,,,				2015-05-05,2020-05-12,http://zzland.zhengzhou.gov.cn/xycrjg/1712049.jhtml,6637d9ed068f4fe8446f4cc4df67b68f,
2015年1-6月市本级协议出让结果,本站原创,2015-06-16 18:29:34 ,,,,				友爱路南、嵩山南路西,				0.00282,,				其他普通商品住房用地 ,				协议出让,,,				三级,				22.3344,,,,,				郑州银行股份有限公司,,,,,,,,,				2015-04-28,2020-05-12,http://zzland.zhengzhou.gov.cn/xycrjg/1712049.jhtml,6637d9ed068f4fe8446f4cc4df67b68f,
2015年1-6月市本级协议出让结果,本站原创,2015-06-16 18:29:34 ,,,,				二七区民主路2号主楼1层,				0.005104,,				商务金融用地 ,				协议出让,,,				二级,				63.39,,,,,				郑州银行股份有限公司,,,,,,,,,				2015-06-10,2020-05-12,http://zzland.zhengzhou.gov.cn/xycrjg/1712049.jhtml,6637d9ed068f4fe8446f4cc4df67b68f,
2014年11月-2015协议出让结果,本站原创,2015-12-19 15:46:15 ,,,,				城北路南、司庄路东,				0.229588,,				工业用地,				协议出让,,,,				97.5749,,,,,				闫云霞,,,,,,,,,				2014-11-18,2020-05-12,http://zzland.zhengzhou.gov.cn/xycrjg/1712182.jhtml,652a9129e8edf8db2ceb745a8656786e,
2014年11月-2015协议出让结果,本站原创,2015-12-19 15:46:15 ,,,,				丰乐路东、拖厂路北,				1.766175,,				其他普通商品住房用地,				协议出让,,,,				4887.006,,,,,				郑州嘉润置业有限公司,,,,,,,,,				2014-11-19,2020-05-12,http://zzland.zhengzhou.gov.cn/xycrjg/1712182.jhtml,652a9129e8edf8db2ceb745a8656786e,
2014年11月-2015协议出让结果,本站原创,2015-12-19 15:46:15 ,,,,				水磨村南侧,				0.01,,				管道运输用地,				协议出让,,,,				5.43,,,,,				河南蓝天燃气股份有限公司,,,,,,,,,				2014-11-24,2020-05-12,http://zzland.zhengzhou.gov.cn/xycrjg/1712182.jhtml,652a9129e8edf8db2ceb745a8656786e,
2014年11月-2015协议出让结果,本站原创,2015-12-19 15:46:15 ,,,,				水磨村南侧,				0.04,,				管道运输用地,				协议出让,,,,				21.92,,,,,				河南蓝天燃气股份有限公司,,,,,,,,,				2014-11-24,2020-05-12,http://zzland.zhengzhou.gov.cn/xycrjg/1712182.jhtml,652a9129e8edf8db2ceb745a8656786e,
2014年11月-2015协议出让结果,本站原创,2015-12-19 15:46:15 ,,,,				西大街南、延陵街西,				0.593929,,				批发零售用地,				协议出让,,,,				4380.226,,,,,				河南兴业投资发展有限公司,,,,,,,,,				2014-12-01,2020-05-12,http://zzland.zhengzhou.gov.cn/xycrjg/1712182.jhtml,652a9129e8edf8db2ceb745a8656786e,
2014年11月-2015协议出让结果,本站原创,2015-12-19 15:46:15 ,,,,				刘砦路南、丰乐路西,				0.982452,,				其他普通商品住房用地,				协议出让,,,,				2249.687,,,,,				郑州嘉润置业有限公司,,,,,,,,,				2014-12-04,2020-05-12,http://zzland.zhengzhou.gov.cn/xycrjg/1712182.jhtml,652a9129e8edf8db2ceb745a8656786e,
2014年11月-2015协议出让结果,本站原创,2015-12-19 15:46:15 ,,,,				沙口路东、王府坟南街,				0.78383,,				仓储用地,				协议出让,,,,				468.0876,,,,,				河南省第一建筑工程集团有限责任公司,,,,,,,,,				2015-01-05,2020-05-12,http://zzland.zhengzhou.gov.cn/xycrjg/1712182.jhtml,652a9129e8edf8db2ceb745a8656786e,
2014年11月-2015协议出让结果,本站原创,2015-12-19 15:46:15 ,,,,				黄河路北、经七路东,				0.42461,,				商务金融用地,				协议出让,,,,				979.3205,,,,,				河南省第一建筑工程集团有限责任公司,,,,,,,,,				2015-01-05,2020-05-12,http://zzland.zhengzhou.gov.cn/xycrjg/1712182.jhtml,652a9129e8edf8db2ceb745a8656786e,
2014年11月-2015协议出让结果,本站原创,2015-12-19 15:46:15 ,,,,				政七街东、红专路北,				0.12805,,				商务金融用地,				协议出让,,,,				1508.05,,,,,				中国长城资产管理公司郑州办事处,,,,,,,,,				2015-01-09,2020-05-12,http://zzland.zhengzhou.gov.cn/xycrjg/1712182.jhtml,652a9129e8edf8db2ceb745a8656786e,
2014年11月-2015协议出让结果,本站原创,2015-12-19 15:46:15 ,,,,				黄河路北、铁西路西,				2.485985,,				工业用地,				协议出让,,,,				847.7209,,,,,				河南省兴达置业有限公司,,,,,,,,,				2015-01-14,2020-05-12,http://zzland.zhengzhou.gov.cn/xycrjg/1712182.jhtml,652a9129e8edf8db2ceb745a8656786e,
2014年11月-2015协议出让结果,本站原创,2015-12-19 15:46:15 ,,,,				福寿街东、大同路北,				0.028487,,				商务金融用地,				协议出让,,,,				276.95,,,,,				郑州国际经济技术合作集团有限公司,,,,,,,,,				2015-01-29,2020-05-12,http://zzland.zhengzhou.gov.cn/xycrjg/1712182.jhtml,652a9129e8edf8db2ceb745a8656786e,
2014年11月-2015协议出让结果,本站原创,2015-12-19 15:46:15 ,,,,				福寿街东、大同路北,				0.118541,,				住宿餐饮用地,				协议出让,,,,				1201.3,,,,,				郑州国际经济技术合作集团有限公司,,,,,,,,,				2015-01-29,2020-05-12,http://zzland.zhengzhou.gov.cn/xycrjg/1712182.jhtml,652a9129e8edf8db2ceb745a8656786e,
2014年11月-2015协议出让结果,本站原创,2015-12-19 15:46:15 ,,,,				桂圆路东、范庄南路北,				8.110332,,				工业用地,				协议出让,,,,				3423.47,,,,,				河南聚丰饲料科技有限公司,,,,,,,,,				2015-02-02,2020-05-12,http://zzland.zhengzhou.gov.cn/xycrjg/1712182.jhtml,652a9129e8edf8db2ceb745a8656786e,
2014年11月-2015协议出让结果,本站原创,2015-12-19 15:46:15 ,,,,				煤炭北街南、文化路西,				1.029945,,				科教用地,				协议出让,,,,				1655.33,,,,,				河南省煤炭科学研究院有限公司,,,,,,,,,				2015-02-12,2020-05-12,http://zzland.zhengzhou.gov.cn/xycrjg/1712182.jhtml,652a9129e8edf8db2ceb745a8656786e,
2014年11月-2015协议出让结果,本站原创,2015-12-19 15:46:15 ,,,,				北下街东、人民路南,				0.183585,,				其他商服用地,				协议出让,,,,				853.8538,,,,,				郑州中诚置业发展有限公司,,,,,,,,,				2015-04-12,2020-05-12,http://zzland.zhengzhou.gov.cn/xycrjg/1712182.jhtml,652a9129e8edf8db2ceb745a8656786e,
2014年11月-2015协议出让结果,本站原创,2015-12-19 15:46:15 ,,,,				二七区康复中街18号/号楼南单元,				0.004039,,				其他普通商品住房用地,				协议出让,,,,				24.08,,,,,				郑州银行股份有限公司,,,,,,,,,				2015-04-16,2020-05-12,http://zzland.zhengzhou.gov.cn/xycrjg/1712182.jhtml,652a9129e8edf8db2ceb745a8656786e,
2014年11月-2015协议出让结果,本站原创,2015-12-19 15:46:15 ,,,,				金水路南,				0.018272,,				商务金融用地,				协议出让,,,,				77.9,,,,,				郑州银行股份有限公司,,,,,,,,,				2015-04-17,2020-05-12,http://zzland.zhengzhou.gov.cn/xycrjg/1712182.jhtml,652a9129e8edf8db2ceb745a8656786e,
2014年11月-2015协议出让结果,本站原创,2015-12-19 15:46:15 ,,,,				东风路北、南阳路东,				0.003697,,				其他普通商品住房用地,				协议出让,,,,				19.49,,,,,				郑州银行股份有限公司,,,,,,,,,				2015-04-27,2020-05-12,http://zzland.zhengzhou.gov.cn/xycrjg/1712182.jhtml,652a9129e8edf8db2ceb745a8656786e,
2014年11月-2015协议出让结果,本站原创,2015-12-19 15:46:15 ,,,,				友爱路南、嵩山南路西,				0.00282,,				其他普通商品住房用地,				协议出让,,,,				22.3344,,,,,				郑州银行股份有限公司,,,,,,,,,				2015-04-28,2020-05-12,http://zzland.zhengzhou.gov.cn/xycrjg/1712182.jhtml,652a9129e8edf8db2ceb745a8656786e,
2014年11月-2015协议出让结果,本站原创,2015-12-19 15:46:15 ,,,,				郑密公路南、规划路西,				5.014681,,				工业用地,				协议出让,,,,				742.1,,,,,				河南正大制管有限公司,,,,,,,,,				2015-05-05,2020-05-12,http://zzland.zhengzhou.gov.cn/xycrjg/1712182.jhtml,652a9129e8edf8db2ceb745a8656786e,
2014年11月-2015协议出让结果,本站原创,2015-12-19 15:46:15 ,,,,				二七区民主路2号主楼1层,				0.005104,,				商务金融用地,				协议出让,,,,				63.39,,,,,				郑州银行股份有限公司,,,,,,,,,				2015-06-10,2020-05-12,http://zzland.zhengzhou.gov.cn/xycrjg/1712182.jhtml,652a9129e8edf8db2ceb745a8656786e,
2014年11月-2015协议出让结果,本站原创,2015-12-19 15:46:15 ,,,,				中原路南、前进路东,				0.210432,,				科教用地,				协议出让,,,,				149.4067,,,,,				机械工业第六设计研究院有限公司,,,,,,,,,				2015-06-23,2020-05-12,http://zzland.zhengzhou.gov.cn/xycrjg/1712182.jhtml,652a9129e8edf8db2ceb745a8656786e,
2014年11月-2015协议出让结果,本站原创,2015-12-19 15:46:15 ,,,,				中原路南、前进路东,				1.144206,,				科教用地,				协议出让,,,,				976.0077,,,,,				机械工业第六设计研究院有限公司,,,,,,,,,				2015-06-23,2020-05-12,http://zzland.zhengzhou.gov.cn/xycrjg/1712182.jhtml,652a9129e8edf8db2ceb745a8656786e,
2014年11月-2015协议出让结果,本站原创,2015-12-19 15:46:15 ,,,,				中州大道东、贾鲁河南,				28.87858,,				公共设施用地,				协议出让,,,,				12417.8,,,,,				郑州市污水净化有限公司,,,,,,,,,				2015-06-25,2020-05-12,http://zzland.zhengzhou.gov.cn/xycrjg/1712182.jhtml,652a9129e8edf8db2ceb745a8656786e,
2014年11月-2015协议出让结果,本站原创,2015-12-19 15:46:15 ,,,,				中州大道东、贾鲁河南,				1.680024,,				公共设施用地,				协议出让,,,,				730.8104,,,,,				郑州市污水净化有限公司,,,,,,,,,				2015-06-25,2020-05-12,http://zzland.zhengzhou.gov.cn/xycrjg/1712182.jhtml,652a9129e8edf8db2ceb745a8656786e,
2014年11月-2015协议出让结果,本站原创,2015-12-19 15:46:15 ,,,,				长椿路西、合欢街北,				3.138079,,				其他普通商品住房用地,				协议出让,,,,				4424.69,,,,,				郑州高新区梧桐办事处郭庄村村民委员会,,,,,,,,,				2015-06-26,2020-05-12,http://zzland.zhengzhou.gov.cn/xycrjg/1712182.jhtml,652a9129e8edf8db2ceb745a8656786e,
2014年11月-2015协议出让结果,本站原创,2015-12-19 15:46:15 ,,,,				五龙口路北、蓝天路西,				8.631992,,				公共设施用地,				协议出让,,,,				5377.731,,,,,				郑州市污水净化有限公司,,,,,,,,,				2015-06-30,2020-05-12,http://zzland.zhengzhou.gov.cn/xycrjg/1712182.jhtml,652a9129e8edf8db2ceb745a8656786e,
2014年11月-2015协议出让结果,本站原创,2015-12-19 15:46:15 ,,,,				五龙口南路北、蓝天路西,				2.168721,,				公共设施用地,				协议出让,,,,				1351.113,,,,,				郑州市污水净化有限公司,,,,,,,,,				2015-06-30,2020-05-12,http://zzland.zhengzhou.gov.cn/xycrjg/1712182.jhtml,652a9129e8edf8db2ceb745a8656786e,
2014年11月-2015协议出让结果,本站原创,2015-12-19 15:46:15 ,,,,				冉屯东路东、五龙口南路北,				9.773633,,				公共设施用地,				协议出让,,,,				6088.973,,,,,				郑州市污水净化有限公司,,,,,,,,,				2015-06-30,2020-05-12,http://zzland.zhengzhou.gov.cn/xycrjg/1712182.jhtml,652a9129e8edf8db2ceb745a8656786e,
2014年11月-2015协议出让结果,本站原创,2015-12-19 15:46:15 ,,,,				开元路北、文化路西,				1.346263,,				批发零售用地,				协议出让,,,,				8999.77,,,,,				河南能源化工集团龙城建设投资有限公司,,,,,,,,,				2015-07-08,2020-05-12,http://zzland.zhengzhou.gov.cn/xycrjg/1712182.jhtml,652a9129e8edf8db2ceb745a8656786e,
2014年11月-2015协议出让结果,本站原创,2015-12-19 15:46:15 ,,,,				贾鲁河南、迎宾东路西,				26.27806,,				公共设施用地,				协议出让,,,,				11325.84,,,,,				郑州市污水净化有限公司,,,,,,,,,				2015-07-13,2020-05-12,http://zzland.zhengzhou.gov.cn/xycrjg/1712182.jhtml,652a9129e8edf8db2ceb745a8656786e,
2014年11月-2015协议出让结果,本站原创,2015-12-19 15:46:15 ,,,,				郑峪路南、日照路东,				4.4202,,				公共设施用地,				协议出让,,,,				1821.122,,,,,				郑州市污水净化有限公司,,,,,,,,,				2015-07-13,2020-05-12,http://zzland.zhengzhou.gov.cn/xycrjg/1712182.jhtml,652a9129e8edf8db2ceb745a8656786e,
2014年11月-2015协议出让结果,本站原创,2015-12-19 15:46:15 ,,,,				南三环南、紫辰路东,				7.261689,,				公共设施用地,				协议出让,,,,				3108.003,,,,,				郑州市污水净化有限公司,,,,,,,,,				2015-07-13,2020-05-12,http://zzland.zhengzhou.gov.cn/xycrjg/1712182.jhtml,652a9129e8edf8db2ceb745a8656786e,
2014年11月-2015协议出让结果,本站原创,2015-12-19 15:46:15 ,,,,				郑邙公路西、古花公路北,				2.857924,,				仓储用地,				协议出让,,,,				1263.202,,,,,				中国石油天然气股份有限公司河南销售分公司,,,,,,,,,				2015-07-15,2020-05-12,http://zzland.zhengzhou.gov.cn/xycrjg/1712182.jhtml,652a9129e8edf8db2ceb745a8656786e,
2014年11月-2015协议出让结果,本站原创,2015-12-19 15:46:15 ,,,,				新城路北、天河路西,				16.70767,,				其他普通商品住房用地,				协议出让,,,,				61450.81,,,,,				河南明韬实业股份有限公司,,,,,,,,,				2015-07-21,2020-05-12,http://zzland.zhengzhou.gov.cn/xycrjg/1712182.jhtml,652a9129e8edf8db2ceb745a8656786e,
2014年11月-2015协议出让结果,本站原创,2015-12-19 15:46:15 ,,,,				南阳路西、农业路北,				0.181457,,				工业用地,				协议出让,,,,				154.97,,,,,				郑州冠森置业有限责任公司,,,,,,,,,				2015-07-24,2020-05-12,http://zzland.zhengzhou.gov.cn/xycrjg/1712182.jhtml,652a9129e8edf8db2ceb745a8656786e,
2014年11月-2015协议出让结果,本站原创,2015-12-19 15:46:15 ,,,,				西环路东、振兴路南,				6.071882,,				工业用地,				协议出让,,,,				3770.639,,,,,				河南灏宇纸品有限公司,,,,,,,,,				2015-07-29,2020-05-12,http://zzland.zhengzhou.gov.cn/xycrjg/1712182.jhtml,652a9129e8edf8db2ceb745a8656786e,
2014年11月-2015协议出让结果,本站原创,2015-12-19 15:46:15 ,,,,				寒山路北、嵩山南路西,				0.396661,,				批发零售用地,				协议出让,,,,				3406.525,,,,,				河南动力源燃气有限公司,,,,,,,,,				2015-07-29,2020-05-12,http://zzland.zhengzhou.gov.cn/xycrjg/1712182.jhtml,652a9129e8edf8db2ceb745a8656786e,
2014年11月-2015协议出让结果,本站原创,2015-12-19 15:46:15 ,,,,				航海路南、碧云路西,				3.541402,,				其他普通商品住房用地,				协议出让,,,,				11427.18,,,,,				郑州市二七区京广路街道办事处冯庄社区居民管理委员会,,,,,,,,,				2015-08-04,2020-05-12,http://zzland.zhengzhou.gov.cn/xycrjg/1712182.jhtml,652a9129e8edf8db2ceb745a8656786e,
2014年11月-2015协议出让结果,本站原创,2015-12-19 15:46:15 ,,,,				同兴街南、通用路西,				6.943674,,				工业用地,				协议出让,,,,				3867.626,,,,,				郑州三中收获实业有限公司,,,,,,,,,				2015-08-04,2020-05-12,http://zzland.zhengzhou.gov.cn/xycrjg/1712182.jhtml,652a9129e8edf8db2ceb745a8656786e,
2014年11月-2015协议出让结果,本站原创,2015-12-19 15:46:15 ,,,,				中原西路南、杏湾路两侧,				1.379655,,				仓储用地,				协议出让,,,,				402.86,,,,,				河南省冶金建材物资供销有限公司,,,,,,,,,				2015-09-14,2020-05-12,http://zzland.zhengzhou.gov.cn/xycrjg/1712182.jhtml,652a9129e8edf8db2ceb745a8656786e,
2014年11月-2015协议出让结果,本站原创,2015-12-19 15:46:15 ,,,,				前进路东、建设西路南,				0.006156,,				其他普通商品住房用地,				协议出让,,,,				14.68,,,,,				郑州市郑通机电设备有限责任公司,,,,,,,,,				2015-09-22,2020-05-12,http://zzland.zhengzhou.gov.cn/xycrjg/1712182.jhtml,652a9129e8edf8db2ceb745a8656786e,
2014年11月-2015协议出让结果,本站原创,2015-12-19 15:46:15 ,,,,				建设西路南、前进路东,				0.233923,,				其他普通商品住房用地,				协议出让,,,,				554.62,,,,,				郑州市郑通机电设备有限责任公司,,,,,,,,,				2015-09-22,2020-05-12,http://zzland.zhengzhou.gov.cn/xycrjg/1712182.jhtml,652a9129e8edf8db2ceb745a8656786e,
2014年11月-2015协议出让结果,本站原创,2015-12-19 15:46:15 ,,,,				建设西路南、前进路东,				0.002471,,				其他普通商品住房用地,				协议出让,,,,				5.91,,,,,				郑州市郑通机电设备有限责任公司,,,,,,,,,				2015-09-22,2020-05-12,http://zzland.zhengzhou.gov.cn/xycrjg/1712182.jhtml,652a9129e8edf8db2ceb745a8656786e,
2014年11月-2015协议出让结果,本站原创,2015-12-19 15:46:15 ,,,,				建设西路南、前进路东,				0.011151,,				其他普通商品住房用地,				协议出让,,,,				26.07,,,,,				郑州市郑通机电设备有限责任公司,,,,,,,,,				2015-09-22,2020-05-12,http://zzland.zhengzhou.gov.cn/xycrjg/1712182.jhtml,652a9129e8edf8db2ceb745a8656786e,
2014年11月-2015协议出让结果,本站原创,2015-12-19 15:46:15 ,,,,				前进路东、中原路北,				0.0756,,				工业用地,				协议出让,,,,				401.8956,,,,,				郑州晟禾实业有限公司,,,,,,,,,				2015-10-13,2020-05-12,http://zzland.zhengzhou.gov.cn/xycrjg/1712182.jhtml,652a9129e8edf8db2ceb745a8656786e,
2014年11月-2015协议出让结果,本站原创,2015-12-19 15:46:15 ,,,,				明晖路东、发展路南,				9.067152,,				工业用地,				协议出让,,,,				5032.269,,,,,				郑州新大方重工科技有限公司,,,,,,,,,				2015-10-15,2020-05-12,http://zzland.zhengzhou.gov.cn/xycrjg/1712182.jhtml,652a9129e8edf8db2ceb745a8656786e,
2014年11月-2015协议出让结果,本站原创,2015-12-19 15:46:15 ,,,,				明晖路东、发展路北,				4.811052,,				工业用地,				协议出让,,,,				2660.512,,,,,				郑州新大方重工科技有限公司,,,,,,,,,				2015-10-15,2020-05-12,http://zzland.zhengzhou.gov.cn/xycrjg/1712182.jhtml,652a9129e8edf8db2ceb745a8656786e,
2014年11月-2015协议出让结果,本站原创,2015-12-19 15:46:15 ,,,,				西四环辅道西、昌达路南,				0.957288,,				工业用地,				协议出让,,,,				697.86,,,,,				河南新成纺织贸易有限公司,,,,,,,,,				2015-10-19,2020-05-12,http://zzland.zhengzhou.gov.cn/xycrjg/1712182.jhtml,652a9129e8edf8db2ceb745a8656786e,
2014年11月-2015协议出让结果,本站原创,2015-12-19 15:46:15 ,,,,				西四环辅道西、新达路北,				1.711017,,				工业用地,				协议出让,,,,				1247.33,,,,,				郑州新达服饰有限公司,,,,,,,,,				2015-10-19,2020-05-12,http://zzland.zhengzhou.gov.cn/xycrjg/1712182.jhtml,652a9129e8edf8db2ceb745a8656786e,
2014年11月-2015协议出让结果,本站原创,2015-12-19 15:46:15 ,,,,				须水河东路东、荣达路南,				0.952646,,				工业用地,				协议出让,,,,				683.05,,,,,				郑州市美芙妮服饰有限公司,,,,,,,,,				2015-10-19,2020-05-12,http://zzland.zhengzhou.gov.cn/xycrjg/1712182.jhtml,652a9129e8edf8db2ceb745a8656786e,
2014年11月-2015协议出让结果,本站原创,2015-12-19 15:46:15 ,,,,				须水河东路东、荣达路北,				1.500031,,				工业用地,				协议出让,,,,				1080.02,,,,,				郑州纳兰尔服饰有限公司,,,,,,,,,				2015-10-19,2020-05-12,http://zzland.zhengzhou.gov.cn/xycrjg/1712182.jhtml,652a9129e8edf8db2ceb745a8656786e,
2014年11月-2015协议出让结果,本站原创,2015-12-19 15:46:15 ,,,,				须水河东路东、昌达路北,				1.999423,,				工业用地,				协议出让,,,,				1439.58,,,,,				郑州若宇服饰有限公司,,,,,,,,,				2015-10-19,2020-05-12,http://zzland.zhengzhou.gov.cn/xycrjg/1712182.jhtml,652a9129e8edf8db2ceb745a8656786e,
2014年11月-2015协议出让结果,本站原创,2015-12-19 15:46:15 ,,,,				须水河东路东、昌达路南,				2.705668,,				工业用地,				协议出让,,,,				1948.08,,,,,				郑州渡森服饰有限公司,,,,,,,,,				2015-10-19,2020-05-12,http://zzland.zhengzhou.gov.cn/xycrjg/1712182.jhtml,652a9129e8edf8db2ceb745a8656786e,
2014年11月-2015协议出让结果,本站原创,2015-12-19 15:46:15 ,,,,				西四环辅道西、昌达路北,				5.322941,,				工业用地,				协议出让,,,,				3880.42,,,,,				郑州市娅丽达服饰有限公司,,,,,,,,,				2015-10-19,2020-05-12,http://zzland.zhengzhou.gov.cn/xycrjg/1712182.jhtml,652a9129e8edf8db2ceb745a8656786e,
2014年11月-2015协议出让结果,本站原创,2015-12-19 15:46:15 ,,,,				西四环辅道西、顺达路南,				1.632439,,				工业用地,				协议出让,,,,				1190.05,,,,,				郑州迪尔服饰有限公司,,,,,,,,,				2015-10-19,2020-05-12,http://zzland.zhengzhou.gov.cn/xycrjg/1712182.jhtml,652a9129e8edf8db2ceb745a8656786e,
2014年11月-2015协议出让结果,本站原创,2015-12-19 15:46:15 ,,,,				须水河东路东、顺达路南,				4.486429,,				工业用地,				协议出让,,,,				3230.23,,,,,				郑州云顶服饰有限公司,,,,,,,,,				2015-10-19,2020-05-12,http://zzland.zhengzhou.gov.cn/xycrjg/1712182.jhtml,652a9129e8edf8db2ceb745a8656786e,
2014年11月-2015协议出让结果,本站原创,2015-12-19 15:46:15 ,,,,				须水河东路东、新达路南,				7.470975,,				工业用地,				协议出让,,,,				5491.17,,,,,				郑州领秀服饰有限公司,,,,,,,,,				2015-10-19,2020-05-12,http://zzland.zhengzhou.gov.cn/xycrjg/1712182.jhtml,652a9129e8edf8db2ceb745a8656786e,
2014年11月-2015协议出让结果,本站原创,2015-12-19 15:46:15 ,,,,				须水河东路东、荣达路南,				0.830197,,				工业用地,				协议出让,,,,				592.76,,,,,				郑州奥法罗服饰有限公司,,,,,,,,,				2015-10-19,2020-05-12,http://zzland.zhengzhou.gov.cn/xycrjg/1712182.jhtml,652a9129e8edf8db2ceb745a8656786e,
2014年11月-2015协议出让结果,本站原创,2015-12-19 15:46:15 ,,,,				西四环辅道西、通达路南,				4.000545,,				工业用地,				协议出让,,,,				2916.4,,,,,				河南纽伦钱塘服饰有限公司,,,,,,,,,				2015-10-19,2020-05-12,http://zzland.zhengzhou.gov.cn/xycrjg/1712182.jhtml,652a9129e8edf8db2ceb745a8656786e,
2014年11月-2015协议出让结果,本站原创,2015-12-19 15:46:15 ,,,,				南阳新街南、天明路西,				1.048422,,				其他普通商品住房用地,				协议出让,,,,				4786.36,,,,,				河南正道房地产开发有限公司,,,,,,,,,				2015-11-02,2020-05-12,http://zzland.zhengzhou.gov.cn/xycrjg/1712182.jhtml,652a9129e8edf8db2ceb745a8656786e,
2014年11月-2015协议出让结果,本站原创,2015-12-19 15:46:15 ,,,,				郑上路南、石庙路东,				11.84156,,				工业用地,				协议出让,,,,				8431.19,,,,,				郑州水工机械有限公司,,,,,,,,,				2015-11-19,2020-05-12,http://zzland.zhengzhou.gov.cn/xycrjg/1712182.jhtml,652a9129e8edf8db2ceb745a8656786e,
2014年11月-2015协议出让结果,本站原创,2015-12-19 15:46:15 ,,,,				迎欣南路南、西四环辅道西,				0.637078,,				商务金融用地,				协议出让,,,,				4263.96,,,,,				郑州市纺织产业园建设开发有限公司,,,,,,,,,				2015-11-19,2020-05-12,http://zzland.zhengzhou.gov.cn/xycrjg/1712182.jhtml,652a9129e8edf8db2ceb745a8656786e,
2014年11月-2015协议出让结果,本站原创,2015-12-19 15:46:15 ,,,,				农业路南、南阳路西,				0.040362,,				其他普通商品住房用地,				协议出让,,,,				62.64,,,,,				郑州市郑通机电设备有限责任公司,,,,,,,,,				2015-11-25,2020-05-12,http://zzland.zhengzhou.gov.cn/xycrjg/1712182.jhtml,652a9129e8edf8db2ceb745a8656786e,
2014年11月-2015协议出让结果,本站原创,2015-12-19 15:46:15 ,,,,				须水河东路东、通达路南,				1.518615,,				工业用地,				协议出让,,,,				1093.4,,,,,				郑州丽丽服饰有限公司,,,,,,,,,				2015-11-27,2020-05-12,http://zzland.zhengzhou.gov.cn/xycrjg/1712182.jhtml,652a9129e8edf8db2ceb745a8656786e,
2014年11月-2015协议出让结果,本站原创,2015-12-19 15:46:15 ,,,,				郑上路北、153医院东,				3.489283,,				工业用地,				协议出让,,,,				2772.823,,,,,				郑州市巨象环保建材有限公司,,,,,,,,,				2015-12-12,2020-05-12,http://zzland.zhengzhou.gov.cn/xycrjg/1712182.jhtml,652a9129e8edf8db2ceb745a8656786e,
2016年1-5月协议出让结果,本站原创,2016-05-20 09:10:46 ,,,,					西四环东、药厂街南,					1.108746,,					其他商服用地,					协议出让,,,,					3876.176,,,,,					郑起重工有限公司,,,,,,,,,					2016-02-24,2020-05-12,http://zzland.zhengzhou.gov.cn/xycrjg/1713127.jhtml,c0c5a29535ca92b9dc1145a874503313,
2016年1-5月协议出让结果,本站原创,2016-05-20 09:10:46 ,,,,					西环路西、电厂南路北,					2.187552,,					工业用地,					协议出让,,,,					862.9674,,,,,					河南万隆方正置业有限公司,,,,,,,,,					2016-03-10,2020-05-12,http://zzland.zhengzhou.gov.cn/xycrjg/1713127.jhtml,c0c5a29535ca92b9dc1145a874503313,
2016年1-5月协议出让结果,本站原创,2016-05-20 09:10:46 ,,,,					西环路西、电厂南路北,					3.086517,,					工业用地,					协议出让,,,,					1217.6001,,,,,					河南万隆方正置业有限公司,,,,,,,,,					2016-03-10,2020-05-12,http://zzland.zhengzhou.gov.cn/xycrjg/1713127.jhtml,c0c5a29535ca92b9dc1145a874503313,
2016年1-5月协议出让结果,本站原创,2016-05-20 09:10:46 ,,,,					西环路西、电厂南路北,					1.063157,,					工业用地,					协议出让,,,,					419.4048,,,,,					河南万隆方正置业有限公司,,,,,,,,,					2016-03-10,2020-05-12,http://zzland.zhengzhou.gov.cn/xycrjg/1713127.jhtml,c0c5a29535ca92b9dc1145a874503313,
2016年1-5月协议出让结果,本站原创,2016-05-20 09:10:46 ,,,,					浣纱路南、纪信路西,					4.335883,,					文体娱乐用地,					协议出让,,,,					3308.2787,,,,,					河南省五岳书画院,,,,,,,,,					2016-01-15,2020-05-12,http://zzland.zhengzhou.gov.cn/xycrjg/1713127.jhtml,c0c5a29535ca92b9dc1145a874503313,
郑州市自然资源和规划局国有土地使用权（郑国土资行政审批第2019001号）协议出让结果公示,本站,2019-02-13 09:02:29 ,郑州市本级,4101002019B00666,郑国土资行政审批第2019001号,,1.055469,其他存量用地,城镇住宅用地,协议出让,70年,房地产业,六级,1256.85,1,2019年3月4日,1256.85,,河南和谐置业有限公司,1.0,2.0,2019年3月13日,2020年2月12日,2021年2月12日,,,郑州市人民政府,2019年2月12日,2020-05-12,http://zzland.zhengzhou.gov.cn/xycrjg/1745005.jhtml,3f9cf8e0841d5ec9973389b2b4c06bac,
郑州市自然资源和规划局国有土地使用权协议出让公示(杜岭街西、人民路北),本站,2020-01-17 17:09:36 ,,,郑华程测字（2019）第388号,杜岭街西、人民路北,0.118093,,商务金融用地,,40年,,,,,,,,郑州煤建有限公司,,,,,,,,,,2020-05-12,http://zzland.zhengzhou.gov.cn/xycrjg/1917247.jhtml,6a4d9d0e0290257dd03a0ac6f8fd8f73,
郑州市自然资源和规划局国有土地使用权协议出让公示(经开第十八大街西、航海东路北),本站,2020-03-16 16:59:18 ,,,C（2018）004号,经开第十八大街西、航海东路北,0.640006,,交通服务场站用地,,50年,,,,,,,,郑州市公共交通总公司,,,,,,,,,,2020-05-12,http://zzland.zhengzhou.gov.cn/xycrjg/1917230.jhtml,91b047f667d6bd1f758f1205c6a098b6,
2016年1-5月协议出让结果,本站原创,2016-05-20 09:10:46 ,,,,					西四环东、药厂街南,					1.108746,,					其他商服用地,					协议出让,,,,					3876.176,,,,,					郑起重工有限公司,,,,,,,,,					2016-02-24,2020-05-12,http://zzland.zhengzhou.gov.cn/xycrjg/1713127.jhtml,c0c5a29535ca92b9dc1145a874503313,
2016年1-5月协议出让结果,本站原创,2016-05-20 09:10:46 ,,,,					西环路西、电厂南路北,					2.187552,,					工业用地,					协议出让,,,,					862.9674,,,,,					河南万隆方正置业有限公司,,,,,,,,,					2016-03-10,2020-05-12,http://zzland.zhengzhou.gov.cn/xycrjg/1713127.jhtml,c0c5a29535ca92b9dc1145a874503313,
2016年1-5月协议出让结果,本站原创,2016-05-20 09:10:46 ,,,,					西环路西、电厂南路北,					3.086517,,					工业用地,					协议出让,,,,					1217.6001,,,,,					河南万隆方正置业有限公司,,,,,,,,,					2016-03-10,2020-05-12,http://zzland.zhengzhou.gov.cn/xycrjg/1713127.jhtml,c0c5a29535ca92b9dc1145a874503313,
2016年1-5月协议出让结果,本站原创,2016-05-20 09:10:46 ,,,,					西环路西、电厂南路北,					1.063157,,					工业用地,					协议出让,,,,					419.4048,,,,,					河南万隆方正置业有限公司,,,,,,,,,					2016-03-10,2020-05-12,http://zzland.zhengzhou.gov.cn/xycrjg/1713127.jhtml,c0c5a29535ca92b9dc1145a874503313,
2016年1-5月协议出让结果,本站原创,2016-05-20 09:10:46 ,,,,					浣纱路南、纪信路西,					4.335883,,					文体娱乐用地,					协议出让,,,,					3308.2787,,,,,					河南省五岳书画院,,,,,,,,,					2016-01-15,2020-05-12,http://zzland.zhengzhou.gov.cn/xycrjg/1713127.jhtml,c0c5a29535ca92b9dc1145a874503313,
郑州市自然资源和规划局国有土地使用权（郑国土资行政审批第2019001号）协议出让结果公示,本站,2019-02-13 09:02:29 ,郑州市本级,4101002019B00666,郑国土资行政审批第2019001号,,1.055469,其他存量用地,城镇住宅用地,协议出让,70年,房地产业,六级,1256.85,1,2019年3月4日,1256.85,,河南和谐置业有限公司,1.0,2.0,2019年3月13日,2020年2月12日,2021年2月12日,,,郑州市人民政府,2019年2月12日,2020-05-12,http://zzland.zhengzhou.gov.cn/xycrjg/1745005.jhtml,3f9cf8e0841d5ec9973389b2b4c06bac,
郑州市自然资源和规划局国有土地使用权协议出让公示(杜岭街西、人民路北),本站,2020-01-17 17:09:36 ,,,郑华程测字（2019）第388号,杜岭街西、人民路北,0.118093,,商务金融用地,,40年,,,,,,,,郑州煤建有限公司,,,,,,,,,,2020-05-12,http://zzland.zhengzhou.gov.cn/xycrjg/1917247.jhtml,6a4d9d0e0290257dd03a0ac6f8fd8f73,
郑州市自然资源和规划局国有土地使用权协议出让公示(经开第十八大街西、航海东路北),本站,2020-03-16 16:59:18 ,,,C（2018）004号,经开第十八大街西、航海东路北,0.640006,,交通服务场站用地,,50年,,,,,,,,郑州市公共交通总公司,,,,,,,,,,2020-05-12,http://zzland.zhengzhou.gov.cn/xycrjg/1917230.jhtml,91b047f667d6bd1f758f1205c6a098b6,
